No,Date,Province,ODPC,Type_Source,Type_Cause,Place,Detail_Source,Count_Injured,Type_Injurey,Count_Dead,Type_Dead,Data_Source,explode
333,01/01/2022,นนทบุรี,4,ไฟไหม้,น้ำมันไม่ทราบชนิด,อู่ซ่อมรถ,ด่วน! เพลิงไหม้อู่ซ่อมรถบนถนนสายเกษตรพัฒนา จนท.เร่งสกัดไฟ,,,,,77ข่าวเด็ด,ไม่ระเบิด
334,06/01/2022,สมุทรปราการ,6,ไฟไหม้,วัสดุประเภทพลาสติก/ยาง/โฟม,อู่ซ่อมรถ,ระทึก!! เพลิงไหม้อู่ทำสีก่อนลามไหม้ร้านรับซื้อของเก่าวอด คาดจากเหตุเชื่อมเหล็ก,0,,0,,ข่าว7สีออนไลน์,ไม่ระเบิด
335,11/01/2022,นนทบุรี,4,ไฟไหม้,สี น้ำมัน และทินเนอร์,โรงงาน,ไฟไหม้รง.ทำไม้อัดย่าน อ.ไทรน้อย เสียหายไม่ต่ำกว่า 10 ล้าน,0,,0,,กรุงเทพธุรกิจ,ไม่ระเบิด
336,13/01/2022,ราชบุรี,5,ไฟไหม้,น้ำมันเครื่อง สีสเปร์ยกระป๋อง /ยางรถจักรยานยนต์,อาคารพาณิชย์/สํานักงาน/ร้านจําหน่าย,"ไฟไหม้ร้าน จยย. เจ้าของพา ""เมีย-ลูก"" หนีตายระทึก คาดเสียหายกว่า 5 ล้าน",2,เจ้าของร้าน/ภรรยา,0,,ไทยรัฐออนไลน์,ไม่ระเบิด
337,15/01/2022,อ่างทอง,4,ลักลอบทิ้ง,ผงคาร์บอน,โรงงาน,ชาวบ้านอ่างทองโวย โรงงานปล่อยผงคาร์บอน ทั้งคนทั้งสัตว์เปื้อนฝุ่นผงสีดำ ป่วยทางเดินหายใจ,0,ชาวบ้าน ไม่ทราบจำนวน,0,,อมรินทร์ ออนไลน์,ไม่ระเบิด
338,25/01/2022,ระยอง,6,รั่วไหล,น้ำมันดิบ,แหล่งน้ำ,น้ำมันรั่ว 4 แสนลิตร กลางทะเลระยอง มากกว่าปี 56 ฝันร้ายเกาะเสม็ด,0,,0,,ไทยรัฐออนไลน์,ไม่ระเบิด
339,27/01/2022,นนทบุรี,4,ไฟไหม้,วัสดุประเภทพลาสติก/ยาง/โฟม,โรงงาน,ไฟไหม้โรงงาน ที่นนทบุรี แสงเพลิงแดงฉาน เผาวอดกว่า 30 ล้าน คนงานเจ็บ 1,1,พนักงานโรงงาน,0,,ไทยรัฐออนไลน์,ไม่ระเบิด
340,02/02/2022,กรุงเทพมหานคร,13,อุบัติเหตุขนส่ง,สารเคมี(กรดไฮโดรคลอริค),การจราจรขนส่ง,รถบรรทุกพลิกคว่ำ บริเวณจุดกลับรถ ใกล้เคียงครัวสมร เขตบางแค ล่าสุดพบสารเคมีรั่วไหลจากถัง,2,พนักงานขับรถ,0,,มติชนออนไลน์,ไม่ระเบิด
341,02/02/2022,พระนครศรีอยุธยา,4,รั่วไหล,สารเคมี,โรงงาน,สารเคมีโรงงานผลิตเจลเวอร์รี่ รั่วไหล หาม 20 พนักงานส่ง รพ.,20,พนักงานโรงงาน,0,,กรุงเทพธุรกิจออนไลน์,ไม่ระเบิด
342,05/02/2022,กรุงเทพมหานคร,13,ไฟไหม้,วัสดุประเภทพลาสติก/ยาง/โฟม,โกดัง,ระทึก! เพลิงไหม้โกดัง ซอยรามคำแหง 60 แยก 8,0,,0,,เฟสบุ๊คร่วมด้วยช่วยกัน/ข่าวFM91,ไม่ระเบิด
343,08/02/2022,ระยอง,6,ไฟไหม้,วัสดุประเภทพลาสติก/ยาง/โฟม,โรงงาน,ด่วน ! ไฟไหม้โรงงานผลิตยาง จ.ระยอง ยังคุมเพลิงไม่ได้ คาดเสียหายไม่ต่ำ 5 ล้าน,0,,0,,ข่าวเนชั่นออนไลน์,ไม่ระเบิด
344,09/02/2022,เพชรบูรณ์,2,รั่วไหล,สารเคมี แอมโมเนีย,โรงงาน,โรงงานน้ำแข็งหล่มสักแอมโมเนียรั่วซ้ำ ต้องอพยพคนหนี ชาวบ้านร้องให้ย้ายออก,15,ชาวบ้าน,0,,ไทยรัฐออนไลน์/ไทยพีบีเอสออนไลน์/ข่าวอีจัน,ไม่ระเบิด
345,10/02/2022,ระยอง,6,รั่วไหล,น้ำมันดิบ,แหล่งน้ำ,"ด่วน! น้ำมันดิบรั่วไหลกลางทะเลซ้ำอีก คาดราว 5,000 ลิตร มุ่งหน้าเข้าหาดแม่รำพึง",0,,0,,ทีเอ็นเอ็นออนไลน์/มติชนออนไลน์,ไม่ระเบิด
346,11/02/2022,สมุทรสาคร,5,ไฟไหม้,วัสดุประเภทพลาสติก/ยาง/โฟม,โรงงาน,"ไฟไหม้ ""รง.แปรรูปขยะ"" ตำบลพันท้ายนรสิงห์ คาดสาเหตุเครื่องจักรชำรุด",0,,0,,สยามรัฐออนไลน์,ไม่ระเบิด
347,12/02/2022,สมุทรสาคร,5,ไฟไหม้,วัสดุประเภทพลาสติก/ยาง/โฟม,โรงงาน,ไฟไหม้โกดังผลิตพื้นรองเท้ายาง สมุทรสาคร เสียหายเกือบทั้งหมด,0,,0,,มติชนออนไลน์,ไม่ระเบิด
348,12/02/2022,กรุงเทพมหานคร,13,อุบัติเหตุขนส่ง,น้ำมัน และแก๊ส แอล พี จี,การจราจร/ขนส่ง,รถบรรทุกปูนพลิกคว่ำ น้ำมัน-แก๊ส LPG รั่ว,0,,0,,FB:สถานีดับเพลิงพระโขนง (Fire & Rescue),ไม่ระเบิด
349,12/02/2022,ชลบุรี,6,อุบัติเหตุขนส่ง,สารเคมี(กรดไฮโดรคลอริค ),การจราจร/ขนส่ง,ฝนตกถนนลื่น รถบรรทุกกรดคว่ำที่บ้านบึง ควันพวยพุ่งนึกว่าไฟไหม้,1,พนักงานขับรถ,0,,ไทยรัฐออนไลน์,ไม่ระเบิด
350,18/02/2022,กรุงเทพมหานคร,13,ไฟไหม้,อุปกรณ์ชิ้นส่วนรถยนต์,โรงงาน,สรุปเหตุเพลิงไหม้โรงงาน ผลิตอุปกรณ์ชิ้นส่วนรถยนต์ ซอยเสรีไทย 56 พื้นที่เขตคันนายาว,0,,0,,FB :Fire & Rescue Thailand,ไม่ระเบิด
351,21/02/2022,นครปฐม,5,ไฟไหม้,วัสดุประเภทพลาสติก/ยาง/โฟม,โรงงาน,นครปฐม ไฟไหม้โรงงานปั่นด้าย,0,,0,,FB :Fire & Rescue Thailand,ไม่ระเบิด
352,09/03/2022,สมุทรปราการ,6,ระเบิด,ไอระเหยคราบน้ำมัน,แหล่งน้ำ,ระทึก! เรือบรรทุกน้ำมันระเบิด-หนีตายอลหม่าน เจ็บ 3 สูญหาย 1,3,พนักงานโรงงาน,0,,เดลินิวส์ออนไลน์,ระเบิด
353,10/03/2022,สมุทรปราการ,6,ไฟไหม้,บ่อขยะ,บ่อขยะ,ไฟไหม้บ่อขยะแพรกษาใหม่ ล่าสุดควบคุมเพลิงไว้ในวงจำกัด เร่งระบายความร้อน,0,,0,,ไทยรัฐออนไลน์,ไม่ระเบิด
354,25/03/2022,กรุงเทพมหานคร,13,อุบัติเหตุขนส่ง,LPG,การจราจร/ขนส่ง,"รถบรรทุกแก๊สหุงต้ม พลิกคว่ำ บริเวณทางลงด่วน แยกมหานคร 
เวลา 10.22 น. รับแจ้งจากทางแอปพลิเคชั่นไลน์ เหตุรถบรรทุกแก๊สหุงต้ม พลิกคว่ำ บริเวณทางลงด่วน แยกมหานคร ถนนพระราม 4 แขวงรองเมือง เขตปทุมวัน เจ้าหน้าที่สถานีดับเพลิงและกู้ภัยบรรทัดทองกำลังไปที่เกิดเหตุ 
เวลา 10.31 น. เหตุรถบรรทุกแก๊สหุงต้ม พลิกคว่ำ บริเวณทางลงด่วน แยกมหานคร เจ้าหน้าที่สถานีดับเพลิงและกู้ภัยบรรทัดทอง,บางรัก ถึงที่เกิดเหตุเบื้องต้นเป็นรถบรรทุก6ล้อ บรรทุกถังแก๊สหุงต้มจำนวนหลายถัง รั่วไหลเพียง 1 ถังเจ้าหน้าที่ได้ทำการปิดวาล์วแก๊สเป็นที่เรียบร้อย",0,,0,,FB :Fire & Rescue Thailand,ไม่ระเบิด
355,27/03/2022,สมุทรปราการ,6,ระเบิด,น้ำมันดิบ,แหล่งน้ำ,เรือน้ำมันระเบิดฉีกดับ 1 บึม 3 ครั้งกลางเจ้าพระยา เดือนเดียว ซ้ำรอย 2 หน,3,พนัักงานบนเรือ,1,พนักงานบนเรือ,ไทยรัฐออนไลน์,ระเบิด
356,05/04/2022,เชียงราย,1,อุบัติเหตุขนส่ง,น้ำมันดีเซล,การจราจร/ขนส่ง,รถน้ำมันขนดีเซล 7 พันลิตร คว่ำ ที่ ต.ท่าสุด อ.เมือง จ.เชียงราย คุมสถานการณ์ได้แล้ว,1,พนักงานขับรถ,0,,7HDร้อนออนไลน์,ไม่ระเบิด
357,07/04/2022,เชียงใหม่,1,อุบัติเหตุขนส่ง,น้ำมัน,การจราจร/ขนส่ง,"เวลา 12.00น. #อุบัติเหตุ #ทล1095 ที่บริเวณกม.47+550 ต.ป่าแป๋ อ.แม่แตง จ.เชียงใหม่ รถปิคอัพชนกับรถบรรทุกน้ำมัน มีน้ำมันรั่วบนผิวทาง จนท.กำลังดำเนินการ การจราจรรติดขัด ท้ายแถว 1 กม. #รถติด 

(Cr.กรมทางหลวง)",0,,0,,FB:JS100 Radio,ไม่ระเบิด
358,10/04/2022,ปราจีนบุรี,6,ไฟไหม้,บ่อขยะ,บ่อขยะ,ทีม SAT ประจำสัปดาห์ได้รับแจ้งจากกลุ่มโรคไม่ติดต่อ ว่าเกิดเหตุเพลิงไหม้บ่อขยะเทศบาลศรีมหาโพธิ อ.ศรีมหาโพธิ จ.ปราจีนบุรี พบมีกลุ่มควันไฟเป็นจำนวนมากและกลิ่นเหม็น บ่อขยะ มีพื้นที่จำนวน 20 ไร่ ขยะส่วนใหญ่เป็นพลาสติก เจ้าหน้าที่ดับเพลิงสามารถควบคุมเพลิงไว้ได้ เวลาประมาณ เวลา 04.00 น ฝ้าระวังสถานการณ์ตลอด 24 ชั่วโมง เพื่อไม่ให้เพลิงปะทุขึ้นอีก เบื้องต้นสันนิษฐานว่า สาเหตุเพลิงลุกไหม้อาจมาจากสภาพอากาศที่ร้อนจัดจนเกิดไฟลุกไหม้ขึ้น การดำเนินงานของพื้นที่,0,,0,,Event-based DDC,ไม่ระเบิด
359,11/04/2022,ชลบุรี,6,ไฟไหม้,วัตถุไม่ทราบชนิด,โรงงาน,"ชลบุรี-ไฟไหม้โรงงานผลิตไฟเบอร์กลาส 
เมื่อเวลา 05.07 น. ของวันที่ 11 เมษายน 2566 เกิดเหตุเพลิงไหม้โรงงานชื่อบริษัท เอฟ อาร์ พี โปรดักส์ จำกัด ตั้งอยู่พื้นที่ ต.หนองเหียง อ.พนัสนิคม จ.ชลบุรี กำลังอาสาสมัครดับเพลิงภาคตะวันออก พร้อมด้วยรถน้ำ รถอุปกรณ์ดับเพลิง จาก อบต.หนองเหียง, อบต. นาเริก, เทศบาลเมืองพนัสนิคม, เทศบาลตำบลหัวถนน
ที่เกิดเหตุเป็นโรงงานผลิตและจำหน่ายผลิตภัณฑ์ไฟเบอร์กลาส พบเพลิงลุกไหม้ภายในอาคารโกดัง เจ้าหน้าที่ดับเพลิงเข้าฉีดน้ำระงับเหตุ ล่าสุดเวลา 06.00 น.เจ้าหน้าที่สามารถควบคุมเพลิงได้ รายละเอียดเพิ่มเติมจะแจ้งให้ทราบต่อไป",0,,0,,FB :Fire & Rescue Thailand,ไม่ระเบิด
360,12/04/2022,ตาก,2,อุบัติเหตุขนส่ง,น้ำมันไม่ทราบชนิด,การจราจร/ขนส่ง,ตูมสนั่น รถบรรทุกน้ำมัน 4 หมื่นลิตร ชนไฟลุกท่วม เกือบลามเข้าบ้าน ปชช. (คลิป),1,พนักงานขับรถ,0,,ไทยรัฐออนไลน์,ไม่ระเบิด
361,13/04/2022,อยุธยา,4,ไฟไหม้,พลาสติก,โรงงาน,เช้านี้ เพลิงไหม้โรงงานผลิตเม็ดพลาสติก เสียหาย 60 ล้าน รับวันสงกรานต์ 2565,0,,0,,กรุงเทพธุรกิจออนไลน์,ไม่ระเบิด
362,13/04/2022,นครปฐม,5,ไฟไหม้,ทินเนอร์,โรงงาน,"นครปฐม-ไฟไหม้โรงงานเก็บทินเนอร์ 
เมื่อเวลา 16.30 น.ที่ผ่านมา เกิดเหตุเพลิงไหม้ที่ โรงงานเก็บทินเนอร์ ต.ไร่ขิง อ.สามพราน จ.นครปฐม #ล่าสุด รับแจ้งว่าเจ้าหน้าที่ดับเพลิงสามารถควบคุมเพลิงได้แล้ว รายละเอียดเพิ่มเติมอยู่ระหว่างตรวจสอบ",0,,0,,FB :Fire & Rescue Thailand,ไม่ระเบิด
363,26/04/2022,กรุงเทพมหานคร,13,รั่วไหล,โซเดียมไฮโดรซัลไฟต์,อาคารพาณิชย์/สํานักงาน/ร้านจําหน่าย,"เวลา 09.43 น. (26 เม.ย.65) ศูนย์วิทยุพระราม 199 แจ้งมีเหตุสารเคมีรั่วไหล ในบริษัทแห่งหนึ่ง ภายในซอยเอกชัย 110 เขตบางบอน เจ้าหน้าที่สถานีดับเพลิงและกู้ภัยบางขุนเทียน ถึงที่เกิดเหตุ เบื้องต้น ที่เกิดเหตุไม่มีแสงเพลิง พบเป็นสารเคมีชื่อโซเดียมไดไธโอไนต์ หรือที่เรียกว่าโซเดียมไฮโดรซัลไฟต์ รั่วไหล เจ้าหน้าที่อยู่ระหว่างดำเนินการ และประสานชุดเก็บกู้สารเคมีเข้าร่วมดำเนินการ 

เวลา 10.25 น. ชุดเก็บกู้สารเคมีถึงที่เกิดเหตุ เจ้าหน้าที่ได้นำถังสารเคมีที่รั่วไหลออกมาจากอาคารและทำการ เคลื่อนย้ายเพื่อนำไปทำลายโดยการฝังกลบที่โรงขยะหนองแขม 

เครดิตภาพ @boonwipa11 ห้องอุรุพงษ์",0,,0,,FB:FM91 Trafficpro,ไม่ระเบิด
364,27/04/2022,สมุทรปราการ,6,อุบัติเหตุขนส่ง,ดีเซลและน้ำมันปาล์ม,การจราจร/ขนส่ง,"""ยักษ์ ชน ยักษ์"" บนถนนเทพรัตน ขาออก กม.16 มีน้ำมันรั่วไหลเต็มถนน จนท.เร่งดำเนินการ #รถติด 

เมื่อเวลา 03.20 น. วันที่ 27 เมษายน 2565 รับแจ้งจากมูลนิธิร่วมกตัญญู ถนนเทพรัตน ขาออก ช่วง กม.18 ในช่องทางหลัก อุบัติเหตุ รถบรรทุก 18 ล้อ ทะเบียน ระยอง ชนกับรถเทรลเลอร์ บรรทุกน้ำมันปาล์ม มีผู้บาดเจ็บอาการเล็กน้อย อาสากู้ภัยช่วยเหลือปฐมพยาบาล พื้นที่ สภ.บางพลี 

ส่วนในจุดเกิดเหตุ มีน้ำมันทั้งดีเซลและน้ำมันปาล์ม รั่วไหลบนพื้นผิวการจราจร เจ้าหน้าที่ต้องปิดการจราจร เพื่อชำระล้างทำความสะอาด แจ้งผู้ใช้เส้นทางตามหลัง ให้เบี่ยงไปคู่ขนานสะดวกกว่า 

เพิ่มเติมกรณีอุบัติเหตุ รถบรรทุก ชนกัน 2 คัน ถนนเทพรัตน (บางนา-ตราด) ขาออก กม.16 เจ้าหน้าที่ปิดการจราจรช่องทางด่วนชั่วคราว อยู่ระหว่างดำเนินการทำความสะอาดคราบน้ำมันปาล์ม การจราจรติดขัดมาก ท้ายสะสม กม.11 
. 
Cr.ดับเพลิงและกู้ภัย บางโฉลง สถานีหลัก , fm91",0,,0,,FB:ข่าวสารเมืองปราการ v2,ไม่ระเบิด
365,28/04/2022,ชลบุรี,6,ไฟไหม้,วัสดุประเภทพลาสติก/ยาง/โฟม,โรงงาน,"ชลบุรี-ไฟไหม้โรงงานรีไซเคิลพลาสติก 
เมื่อเวลา 19.20 น. ของวันที่ 28 เมษายน 2565 เกิดเพลิงไหม้ โรงงานรีไซเคิลพลาสติก พื้นที่ ต.หนองซ้ำซาก อ.บ้านบึง จ.ชลบุรี กำลังอาสาสมัครดับเพลิงภาคตะวันออกพร้อมรถดับเพลิงจาก เทศบาลตำบลหนองซ้ำซาก เทศบาลเมืองบ้านบึง อบต.มาบไผ่ อบต.หนองรี และ มูลนิธิศีลธรรมสมาคม ออกตรวจสอบ 
ที่เกิดเหตุชื่อ บริษัท สุขใส พลาสติกจำกัด ตั้งอยู่เลขที่ 2/4 หมู่ 3 ต.หนองซ้ำซาก อ.บ้านบึง จ.ชลบุรี ประกอบกิจการ รีไซเคิล พลาสติก เพลิงลุกไหม้ กองพลาสติก และ โกดังเก็บของ ได้รับความเสียหาย ไม่มีผู้ได้รับบาดเจ็บหรือเสียชีวิต เพลิงสงบเวลาประมาณ 20.10 น. สาเหตุเพลิงไหม้อยู่ระหว่างตรวจสอบ",0,,0,,FB :Fire & Rescue Thailand,ไม่ระเบิด
366,16/05/2022,สมุทรปราการ,6,ไฟไหม้,วัสดุประเภทพลาสติก/ยาง/โฟม,โรงงาน,"เมื่อเวลา 11.30 น. ที่ผ่านมา เกิดเหตุเพลิงไหม้โรงงานผลติน้ำผลไม้ภายริมถนนรถรางสายเก่า ใกล้เคียงวัดโยธินประดิษฐ์ จังหวัดสมุทรปราการ โดยต้นเพลิงเกิดขึ้นภายในโรงงานและลุกลามอย่างรวดเร็ว จากภาพมุมสูงที่ทีมข่าวขึ้นบินเหนือที่เกิดเหตุจะเห็นได้ว่าขณะนี้แส้งเพลิงเต็มพื้นที่และกำลังลุกลามเข้าโรงงานข้างเคียง ขณะที่รถดับเพลิงไม่สามารถเข้าถึงต้นเพลิงได้เนื่องจากมีรายงานตัวอาคารเริ่มทรุดตัว พื้นที่มีความเสี่ยงสูง ส่วนรถดับเพลิงด้านนออกทำได้แค่ฉีดน้ำหล่อเลี้ยงแต่ก็มีบางจุดที่ฉีดไม่ถึงต้นเพลิง

ขณะนี้เจ้าหน้าที่ระดมดับเพลิงใกล้เคียงเข้าสนับสนุน โดยที่เกิดเหตุมีลมค่อนข้างแรง ประกอบกับภายในโรงงานมีเชื้อเพลิงและสารเคมีไวไฟประเภทืไฮโดรเจน จำนวนมากจึงกลายเป็นเชื้อเพลิงอย่างดี

เบื้องต้นมีรายงานว่าภายในโรงานแห่งนี้มีถังกักเก็บสารไวไฟขนาดใหญ่อยู่ภายในโรงาน เกรงว่าจะเกิดการระเบิดใหญ่ขึ้น เจ้าหน้าที่จึงสั่งกำลังถอนออกด้านนอกและเตรียมรองรับสถานการณ์

ล่าสุด 13.30 น. เจ้าหน้าที่ประกาศภาวะฉุกเฉินระดับ 2 เนื่องจากที่เกิดเหตุมีถังไฮโดรเจนขนาดใหญ่สะสมความร้อนมานานเกรงว่าจะเกิดการระเบิดสั่งอพยพดับเพลิงออกจากด้านในและเรียกประชุมด่วนทีมดับเพลิงเพิ่อวางแผนการปฎิบัติ",2,ไม่ทราบ,0,,website: MONO29,ไม่ระเบิด
367,16/05/2022,กรุงเทพมหานคร,13,ไฟไหม้,วัสดุประเภทพลาสติก/ยาง/โฟม,โรงงาน,เวลา 20.52 น. เหตุเพลิงไหม้โกดังเก็บถังพลาสติกจำนวนมาก ระหว่างซอยพระรามที่ 2 ซอย 83-85 เขตบางขุนเทียน เจ้าหน้าที่สถานีดับเพลิงและกู้ภัยบางขุนเทียนถึงที่เกิดเหตุ เพลิงอยู่ระหว่างลุกไหม้,0,,0,,FB :Fire & Rescue Thailand,ไม่ระเบิด
368,25/05/2022,ยโสธร,10,ไฟไหม้,วัสดุประเภทพลาสติก/ยาง/โฟม,โกดัง,"เมื่อเวลา 21.00 น. ของวันที่ 25 พฤษภาคม 2565 เกิดเหตุเพลิงไหม้ โกดังขายยางรถยนต์มือสอง บริเวณถนนชยางกูร หน้าวัดป่าโพธิ์เฉลิมราช ต.โคกสำราญ อ.เลิงนกทา จ.ยโสธร เจ้าหน้าที่ดับเพลิงพร้อมรถน้ำ รถดับเพลิงจาก อบต.โคกสำราญ และหน่วยงานข้างเคียง ระดมกำลังไปตรวจสอบ 
ที่เกิดเหตุลักษณะเป็นอาคารโกดังเก็บยางขนาดใหญ่ ไฟได้ไหม้ลุกลามอย่างรวดเร็วเป็นบริเวณกว้าง ทำให้ควบคุมสถานการณ์ได้ยาก ส่งผลให้เจ้าหน้าที่ต้องใช้เวลานานในการดับไฟ และสามารถควบคุมเพลิงได้ เวลาประมาณ 22.00 น.ความเสียหายอยู่ระหว่างการตรวจสอบ เบื้องต้นไม่มีผู้ได้รับบาดเจ็บและเสียชีวิต",0,,0,,FB :Fire & Rescue Thailand,ไม่ระเบิด
369,04/06/2022,ฉะเชิงเทรา,6,ไฟไหม้,วัสดุรีไซเคิล,อาคารพาณิชย์/สํานักงาน/ร้านจําหน่าย,"ไฟไหม้กองวัสดุร้านรีไซเคิล จ.ฉะเชิงเทรา 
เมื่อเวลา 15:00 น.ของวันที่ 4 มิถุนายน 2565 เกิดเหตุเพลิงไหม้ภายในร้านรีไซเคิล พื้นที่ ต.หนองแหน อ.พนมสารคาม จ.ฉะเชิงเทรา กำลังอาสาสมัครดับเพลิงภาคตะวันออก พร้อมรถอุปกรณ์ดับเพลิงจำนวน 2 คันและรถน้ำดับเพลิงจำนวน 1 คัน เข้าสนับสนุนในที่เกิดเหตุ ร่วมกับ รถดับเพลิงองค์การบริหารส่วนตำบลหัวสำโรง รถดับเพลิงองค์การบริหารส่วนตำบลหนองแหน รถดับเพลิงเทศบาลตำบลคู้ยายหมี และอาสาสมัครกู้ภัยพนม 
ที่เกิดเหตุเพลิงลุกไหม้ลักษณะกลองวัสดุรีไซเคิลจึงดำเนินการใช้น้ำ 3 หัวฉีดทำการควบคุมเพลิงใช้เวลากว่า 30 นาทีจึงสามารถควบคุมเพลิงไว้ได้และสงบในเวลาต่อมาในที่กระเดชไม่มีผู้ใดได้รับบาดเจ็บและเสียชีวิตสาเหตุอยู่ระหว่างการสอบสวนของทางเจ้าหน้าที่",0,,0,,FB :Fire & Rescue Thailand,ไม่ระเบิด
370,06/06/2022,ระยอง,6,ไฟไหม้,สี/ทินเนอร์/ตัวทำละลาย,โรงงาน,"วันที่ 6 มิถุนายน 2565 ทีม SAT ประจำสัปดาห์ ได้รับแจ้งจากงานโรคจากการประกอบอาชีพและสิ่งแวดล้อม กลุ่มโรคไม่ติดต่อ สคร.6 ชลบุรี ว่าเวลาประมาณ 13.49 น. เกิดเหตุเพลิงไหม้โรงงานเอกชนแห่งหนึ่ง บริเวณห้องพ่นสีภายในโรงงาน ในพื้นที่ตำบลมะขามคู่ อำเภอนิคมพัฒนา จังหวัดระยอง ลักษณะโรงงานเป็นโรงงานทำเฟอร์นิเจอร์ในบ้านสมัยใหม่ ใช้วัสดุในการผลิตเฟอร์นิเจอร์ เช่น MDF, PB, Veneer, ไม้ปิดผิวกระดาษ ไม้ปิดผิว PVC, ไม้ปิดผิวเมลามีน, ไม้ปิดผิวลามิเนต ผสมกับส่วนประกอบของเหล็ก, อลูมิเนียม และโลหะ หน่วยงานเข้าให้การช่วยเหลือประกอบด้วย ทต.มะขามคู่ อบต.พนานิคม อบต.นิคมพัฒนา ทต.มาบข่า และ ทต.มาบข่าพัฒนา รถดับเพลิง จำนวน 5 คัน เจ้าหน้าที่ จำนวน 50 คน",2,ไม่ทราบ,0,,Event-based DDC,ไม่ระเบิด
371,11/06/2022,ฉะเชิงเทรา,6,ไฟไหม้,วัสดุประเภทพลาสติก/ยาง/โฟม,โรงงาน,"""เพลิงไหม้"" เผาโรงงานเม็ดพลาสติก ที่บางปะกง ไฟแดงฉาน-วอด 2 อาคารทรุด",0,,0,,website:ไทยรัฐออนไลน์,ไม่ระเบิด
372,14/06/2022,สมุทรปราการ,6,ไฟไหม้,ยางรถยนต์,ชุมชน,เมื่อเวลา 10.20 น.ที่ผ่านมา เกิดเหตุเพลิงไหม้กองยางเก่า บริเวณข้างปั้มน้ำมัน พื้นที่บางปู จ.สมุทรปราการ,0,,0,,FB :Fire & Rescue Thailand,ไม่ระเบิด
373,16/06/2022,ราชบุรี,5,ไฟไหม้,กากอุตสาหกรรม,โรงงาน,"ไฟไหม้ รง.กำจัดกากอุตสาหกรรมราชบุรีกว่า 10 ชั่วโมง ยังไม่สามารถควบคุมเพลิงได้ ควันไฟเริ่มส่งผลกระทบชาวบ้าน
ราชบุรี -ไฟไหม้โรงงานกำจัดกากขยะอุตสาหกรรมนานกว่า 10 ชั่วโมง ยังไม่สามารถควบคุมเพลิงได้ ควันไฟเริ่มฟุ้งกระจายไปทั่วบริเวณพื้นที่ใกล้เคียงหลายกิโลเมตร ส่งผลกระทบต่อสุขภาพของชาวบ้าน ทำให้แสบจมูก และเวียนหัว

หลังจากที่เกิดไฟไหม้ภายในโกดังเก็บถังสี และถังน้ำมัน ภายในโรงงานแวกกาเบจ รีไซเคิล ซึ่งตั้งอยู่หมู่ 8 ต.รางบัว อ.จอมบึง จ.ราชบุรี ตั้งแต่ช่วงเช้าของวันนี้ (16 มิ.ย.) โดยมีการระดมรถดับเพลิงจากหลายพื้นที่ และในจังหวัดใกล้เคียง รวมทั้งชมรมอาสาสมัครบรรเทาสาธารณภัยภาคตะวันตก และรถดับเพลิงจากหน่วยกู้ภัยสว่างราชบุรี รวมกว่า 80 คัน ได้ผลัดเปลี่ยนหมุนเวียนกันเข้าไปฉีดน้ำดับเพลิง แต่ยังไม่สามารถดับเพลิงได้

เนื่องจากน้ำไปกระทบกับน้ำมันยิ่งทำให้เพลิงโหมลุกขึ้น และมีการระเบิดตลอดเวลา ทางศูนย์ดับเพลิงขององค์การบริหารส่วนจังหวัดราชบุรี ต้องนำรถดับเพลิงขนาดใหญ่และรถดับเพลิงที่เป็นหุ่นยนต์เข้าช่วยทำการดับเพลิง นอกจากนี้ ยังมีหน่วยงานทหารได้นำรถบรรจุโฟมไปช่วยดับไฟอีกด้วย เบื้องต้นมีอาคารที่ถูกไฟไหม้และถล่มลงมาแล้ว จำนวน 3 อาคาร แต่ยังไม่มีรายงานผู้ได้รับบาดเจ็บหรือเสียชีวิต

ต่อมา นายวิวัฒน์ นิติกาญจนา นายกองค์การบริหารส่วนจังหวัดราชบุรี พร้อมกับหน่วยงานที่เกี่ยวข้องได้เข้าไปดูสถานการณ์ไฟไหม้ โดยมีนายบุรีพัฒน์ เภาศรี หัวหน้าชุดเฉพาะกิจปฏิบัติการบรรเทาสาธารณภัย ในการดับเพลิงภายในโรงงานในครั้งนี้ ให้ข้อมูลว่า ในการดับเพลิงต้องคอยผลัดเปลี่ยนหมุนเวียนกัน เนื่องจากร้อนมาก และน้ำไม่เพียงพอ ซึ่งพอฉีดน้ำเข้าไปโดยที่เราไม่ทราบว่าสารที่อยู่ข้างในนั้นเป็นสารอะไรบ้าง รู้แต่ว่าพอโดนละอองนั้นทำให้รู้สึกคันทั้งตัว โดยเน้นให้ทุกคนป้องกันตัวเองเป็นหลัก โดยเฉพาะเวลาที่มีการระเบิดเศษสังกะสีจะปลิวออกมา

นายไพฑูรย์ ปัตตนา อดีตนายก อบต.น้ำพุ อ.เมือง จ.ราชบุรี ให้ข้อมูลว่า ไฟไหม้มาตั้งแต่ตอนตี 4 พบว่าควันไฟจำนวนมากลอยไปไกลหลายกิโลเมตร ส่งกลิ่นเหม็น แสบจมูก และเวียนหัว ซึ่งโรงงานนี้รับกำจัดกากขยะอุตสาหกรรม และมีปัญหากับชาวบ้านมากว่า 20 ปี โดยชาวบ้านนั้นฟ้องโรงงานที่ทำให้ได้รับความเดือดร้อนจากกลิ่นเหม็นของสารเคมี รวมทั้งน้ำเสียที่ไหลออกมาจากโรงงานลงลำห้วยจนทำให้ปลาตาย และน้ำเสียยังซึมลงใต้ดิน

จนล่าสุดศาลได้สั่งให้โรงงานนั้นหยุดประกอบกิจการ และให้ดำเนินการแก้ไข แต่จนถึงวันนี้ยังไม่มีการแก้ไข และยังมีการลักลอบประกอบกิจการ โดยล่าสุดเมื่อต้นเดือนที่ผ่านมา ทราบว่าจะมีผู้เข้ามารับเหมากากขยะอุตสาหกรรมที่ยังอยู่ในโรงงานทั้งหมด แต่ก็มาเกิดไฟไหม้เสียก่อน

ที่ผ่านมามีไฟไหม้เกือบทุกปี เพราะศาลมีคำสั่งห้ามประกอบกิจการจึงทำให้ไม่มีไฟไหม้ แต่มาปีนี้คาดว่าน่าจะมีการลักลอบทำอีกจึงทำให้เกิดไฟไหม้ เพราะในโกดังที่เกิดไฟไหม้นั้น พบว่ามีถังสารเคมีเป็นหมื่นๆ ลูก ขณะนี้ ผู้ใหญ่บ้านได้ประกาศเสียงตามสายแจ้งเตือนชาวบ้านให้สวมหน้ากาอนามัย ส่วนเด็กเล็กที่ใต้ลมให้นำไปอยู่ในที่มีอากาศถ่ายเท",0,,0,,ผู้จัดการออนไลน์,ไม่ระเบิด
374,18/06/2022,สมุทรปราการ,6,ไฟไหม้,วัสดุไวไฟ,โรงงาน,"สมุทรปราการ-ไฟไหม้โรงงานผลิตสี นักดับเพลิงเจ็บ 2 ราย
เมื่อเวลา 11.00 น. ของวันที่ 18 มิถุนายน 2565 เกิดเหตุเพลิงไหม้โรงงานผลิตสี ถนนเทพารักษ์ กม.10 ต.บางพลีใหญ่ อ.บางพลี จ.สมุทรปราการ 
ที่เกิดเหตุเพลิงไหม้ชื่อ บริษัทดาต้าเพนท์แนด์เคมีคอล จำกัด ประกอบกิจการผลิตสีทาอาคาร เลขที่ 150/83 ซอย วงค์แพทย์ พื้นที่ อบต.บางพลีใหญ่ งานป้องกันฯ อบต.บางพลีใหญ่ได้นำรถดับเพลิง และ อปท.ใกล้เคียง นำรถดับเพลิงเข้าระงับเหตุเพลิงไหม้ เบื้องต้นได้รับแจ้งมีผู้ได้รับบาดเจ็บ 3 ราย เป็นนักดับเพลิง 2 ราย เพลิงสงบเวลา 11.30 น.",3,ดับเพลิง 2 ไม่ทราบ 1,0,,FB :Fire & Rescue Thailand,ไม่ระเบิด
375,29/06/2022,ฉะเชิงเทรา,6,ไฟไหม้,สี/ทินเนอร์/ตัวทำละลาย,โรงงาน,เมื่อเวลา 17.25 รับแจ้งเหตุเพลิงไหม้ภายใน บริษัท เลเท็กซ์ ซิสเทมส์ จำกัด เลขที่ 79/2 หมู่1 ต.หอมศีล อ.บางปะกง จ.ฉะเชิงเทรา #กำลังอาสาสมัครดับเพลิงภาคตะวันออก จัดกำลังชุดปฏิบัติการภายในตัวอาคารเข้าตรวจสอบภายในที่เกิดเหตุ ที่้กิดเหตุป็นลักษณะเพลิงลุกไหม้ภายในห้องอบสีภายในตัวโรงงานดังกล่าวจึงดำเนินการใช้น้ำร่วมกับทางเจ้าหน้าที่ดับเพลิงส่วนท้องถิ่น ดำเนินการใช้น้ำควบคุมเพลิงใช้เวลาประมาณ 15 นาทีจึงสามารถควบคุมเพลิงไว้ได้,0,,0,,FB :ชมรมอาสาสมัครดับเพลิงภาคตะวันออก,ไม่ระเบิด
376,02/07/2022,ฉะเชิงเทรา,6,ไฟไหม้,สี/ทินเนอร์/ตัวทำละลาย,โรงงาน,"เมื่อเวลา 19.15 รับแจ้งเกิดเหตุเพลิงไหม้ภายในบริษัทคาราบาวตะวันแดง จำกัด ม.2 ต.พิมพา อ.บางปะกง จ.ฉะเชิงเทรา #กำลังอาสาสมัครดับเพลิงภาคตะวันออก พร้อมชุดปฏิบัติการภายในตัวอาคารเข้าสนับสนุนภายในที่เกิดเหตุ ที่เกิดเหตุเป็นลักษณะเพลิงลุกไหม้ห้องอบสีและลุกลามกองวัสดุ ที่เกิดเหตุมีการใช้น้ำจำนวน 2-3 หัวฉีดทำการควบคุมเพลิงใช้เวลา 30 นาทีจึงสามารถควบคุมเพลิงไว้ได้ และระบายกลุ่มควันในที่เกิดเนื่องจากมีกลุ่มควันตกค้างภายในโรงงานดังกล่าวเป็นจำนวนมาก รายละเอียดและค่าเสียหายอยู่ระหว่างการสืบสวนของทางเจ้าหน้าที่

#ชมรมอาสาสมัครดับเพลิงภาคตะวันออก",0,,0,,FB :ชมรมอาสาสมัครดับเพลิงภาคตะวันออก,ไม่ระเบิด
377,07/07/2022,ระยอง,6,ไฟไหม้,วัสดุประเภทพลาสติก/ยาง/โฟม,โรงงาน,"เมื่อเวลา 18.00 น.ของวันที่ 7 กรกฎาคม 2565 เกิดเหตุเพลิงไหม้ ภายในบริษัท เจริญโภคภัณฑ์อาหาร จำกัด (มหาชน) เลขที่ 200 ม.1 ต.ทุ่งควายกิน อ.แกลง จ.ระยอง หน่วยดับเพลิง เทศบาลตำบลทุ่งควายกิน อ.แกลง จ.ระยอง และหน่วยงานใกล้เคียงระดมกำลังไปตรวจสอบ
ที่เกิดเหตุพบพนักงานกำลังวิ่งออกมารวมกันอยู่ด้านหน้าบริษัท พบควันไฟสีดำทะมึนพวยพุ่งออกมาจากตัวอาคารภายในโรงงาน รถดับเพลิงจำนวน 3 คัน พร้อมด้วยเจ้าหน้าที่ดับเพลิง จึงเข้าไปทำการดับไฟ โดยต้องปีนขึ้นไปบนหลังคา เพื่อทุบกระจกด้านบนของอาคารเพื่อฉีดน้ำเข้าไปด้านใน แต่ควันไฟสีดำก็ยังคงพวยพุ่งออกมาตลอดเวลา ต้องใช้เวลาประมาณ 1 ชั่วโมง จึงสามารถสกัดไฟไว้ได้ 
จากการตรวจสอบ พนักงานที่ อยู่ในเหตุการณ์ ได้ให้การว่า ก่อนเกิดเหตุช่างกำลังเชื่อมเหล็กอยู่ภายในอาคารที่กำลังอยู่ระหว่างการซ่อมแซมปรับปรุง โดยมีกล่องโฟม เก็บอยู่ภายใน ขณะที่ช่างกำลังเชื่อมสะเก็ดไฟได้ตกลงไปถูกกล่องโฟมจึงทำให้เกิดติดไฟขึ้นมา และ ลุกลามไปอย่างรวดเร็ว พนักงานจึงพาวิ่งกันออกมา แล้วแจ้งเจ้าหน้าที่มาดับไฟทันที
เบื้องต้นทางเจ้าหน้าที่ตำรวจ ตรวจสอบไม่พบผู้ได้รับบาดเจ็บแลเสียชีวิต ส่วนสาเหตุและมูลค่าความเสียหาย จะมีการประสานเจ้าหน้าที่ตำรวจวิทยาการจ.ระยอง เข้าตรวจสอบอีกครั้ง",0,,0,,FB :Fire & Rescue Thailand,ไม่ระเบิด
378,13/07/2022,นครราชสีมา,9,อุบัติเหตุขนส่ง,ดีเซล,การจราจร/ขนส่ง,"ระทึก! รถบรรทุกน้ำมันพลิกคว่ำบนถนน 304 โคราช น้ำมันดีเซลรั่วทะลัก ดับติดในรถ 1 ศพ
วันนี้ (13 ก.ค.) เวลา 08.51 น. พ.ต.ท. ณัฐภวรรธน์ พุ่มจัสตุรัส พนักงานสอบสวน สภ.ปักธงชัย จ.นครราชสีมา ได้รับแจ้งเกิดเหตุรถบรรทุกน้ำมัน ยี่ห้อ ISUZU FVM 240 สีขาว หมายเลขทะเบียน 70-8437 นครราชสีมา เสียหลักพลิกคว่ำลงข้างทางมีน้ำมันรั่วไหลเป็นน้ำมันดีเซล บนถนนทางหลวงหมายเลข 304 ขามุ่งหน้านครราชสีมา บริเวณทางโค้ง หน้าวัดปอแดง ต.ภูหลวง อ.ปักธงชัย จ.นครราชสีมา ท่ามกลางสายฝนที่ตกลงมาอย่างต่อเนื่อง ในที่เกิดเหตุพบมีผู้เสียชีวิตติดภายในรถ เป็นชาย 1 ราย อาสาสมัครมูลนิธิพุทธธรรมการกุศล (ฮุก 31) นครราชสีมา จุดปักธงชัย นำอุปกรณ์ตัดถ่างชุดที่ 8 จัด เข้าดำเนินการช่วยเหลือนำร่างผู้เสียชีวิตออกจากซากรถเรียบร้อย ทราบชื่อผู้เสียชีวิตคือ นายบุญชอบ พึ่งสระน้อย อายุ 58 ปี ที่อยู่ บ้านเลขที่ 99 ม.9 ต.สะแกราช อ.ปักธงชัย จ.นครราชสีมา รถพยาบาลนำร่างผู้เสียชีวิตส่งชันสูตร รพ.ปักธงชัย",0,,1,พนักงานขับรถ,website:ผู้จัดการออนไลน์,ไม่ระเบิด
379,15/07/2022,สระแก้ว,6,ไฟไหม้,เอทานอล,โรงงาน,"ผู้สื่อข่าวรายงานว่า เมื่อวันที่ 15 กรกฎาคม 2565 เกิดเหตุเพลิงไหม้ถังเอทานอลของโรงงานไท่ผิง เอทานอล จำกัด ตั้งอยู่ในพื้นที่ ต.ศาลาลำดวน อ.เมืองสระแก้ว จ.สระแก้ว โดยถังดังกล่าวเป็นถังขนาดใหญ่ที่ใช้สำหรับบรรจุเชื้อเพลิงเอทานอล ได้เกิดเหตุไฟลุกไหม้ขึ้นและเกิดเสียงระเบิด จำนวน 1 ถัง หลังเกิดเหตุเจ้าหน้าที่โรงงานได้แจ้งไปยังเจ้าหน้าที่ตำรวจ สภ.เมืองสระแก้ว พร้อมประสานงานเจ้าหน้าที่หน่วยกู้ภัยสว่างสระแก้ว เดินทางลงพื้นที่พร้อมรถดับเพลิงสว่างสระแก้วเข้าจุดเกิดเหตุเพื่อฉีดน้ำเร่งสกัดเพลิง โดยมีกำลังพลจิตอาสา กอ.รมน.สระแก้ว และเจ้าหน้าที่ทหารจากกรมทหารราบที่ 12 รักษาพระองค์ (ร.12 รอ.) พร้อมรถบรรทุกน้ำ 6,000 ลิตร เข้าช่วยเหลือดับเพลิงดังกล่าวอย่างเร่งด่วน เกรงว่าจะเกิดการระเบิดและลุกลามต่อเนื่อง ซึ่งเจ้าหน้าที่ใช้เวลาประมาณ 1 ชั่วโมง จึงสามารถควบคุมเพลิงให้อยู่ในวงจำกัด
ทั้งนี้ จากการตรวจสอบของเจ้าหน้าที่พบว่า ภายในบริเวณโรงงานดังกล่าวมีส่วนของโรงงานผลิตและถังบรรจุเอทานอลขนาดใหญ่แยกกันจำนวนหลายถัง ตั้งห่างกันประมาณ 10-20 เมตร ซึ่งขณะเกิดการลุกไหม้มีไฟไหม้โดยรอบไป 1 ถัง แต่ไม่เกิดการระเบิด เจ้าหน้าที่สามารถฉีดน้ำสกัดควบคุมเพลิงไว้ได้เสียก่อน หลังจากนี้เจ้าหน้าที่หน่วยงานที่เกี่ยวข้องจะเข้าตรวจสอบพื้นที่เกิดเหตุเพิ่มเติมอีกครั้ง ส่วนสาเหตุของการเกิดเหตุเพลิงไหม้ที่บริษัท ไท่ผิง เอทานอล จำกัด ครั้งนี้อยู่ระหว่างการสอบสวนของเจ้าหน้าที่ ล่าสุด ช่วงค่ำที่ผ่านมาเพลิงได้สงบเรียบร้อยแล้ว",1,พนักงานโรงงาน,0,,website: matichon online,ระเบิด
380,30/07/2022,ระยอง,6,ไฟไหม้,วัสดุรีไซเคิล,โกดัง,เมื่อเวลา 11.15 น.ที่ผ่านมา เกิดเหตุเพลิงไหม้โกดังเก็บวัสดุรีไซเคิล พื้นที่นิคมพัฒนา จ.ระยอง ขณะนี้เจ้าหน้าที่ดับเพลิงพร้อมกำลังอาสาสมัครดับเพลิงภาคคะวันออก อยู่ระหว่างระงับเหตุ ความคืบหน้าจะแจ้งให้ทราบ,0,,0,,FB :Fire & Rescue Thailand,ไม่ระเบิด
381,03/08/2022,ชุมพร,11,อุบัติเหตุขนส่ง,ดีเซล,การจราจร/ขนส่ง,"ระทึก! รถบรรทุกน้ำมันดีเซลส่งไปพม่าพลิกคว่ำบนถนนเพชรเกษมช่วงชุมพร-ระนอง น้ำมันรั่วนองพื้นถนน
เมื่อเวลา 14.00 น.วันนี้ (3 ส.ค.) ศูนย์วิทยุ 191 กองกำกับการตำรวจภูธรจังหวัดชุมพร ได้รับแจ้งเหตุมีรถพ่วงบรรทุกน้ำมันเสียหลักพลิกคว่ำ มีน้ำมันดีเซลรั่วไหลจำนวนมากบนถนนเพชรเกษม บริเวณโค้งน้ำพุ สะพานห้วยปริง หมู่ 2 ต.วังใหม่ อ.เมือง จ.ชุมพร จึงประสานเจ้าหน้า ปภ.จ.ชุมพร หน่วยกู้ภัยสายชล มูลนิธิชุมพรการกุศลสงเคราะห์ และรถดับเพลิงพื้นที่ใกล้เคียงออกช่วยเหลือป้องกันเหตุเพลิงลุกไหม้ ที่เกิดเหตุพบรถพ่วงเทรลเลอร์บรรทุกน้ำมัน ยี่ห้อวอลโว่ หมายเลขทะเบียน 72-2520 และตัวพ่วงทะเบียน 72-2521 ชลบุรี อยู่ในสภาพตะแคงอยู่กลางสะพานห้วยปริง หัวเก๋งพังยุบ ส่วนท้ายของแท็ง์น้ำมันแตกรั่ว มีน้ำมันดีเซลไหลทะลักเจิ่งนองบนผิวถนนและไหลลงคลองแหล่งน้ำใต้สะพานจำนวนมาก เจ้าหน้าได้กันรถทุกชนิดทั้งขาขึ้น และขาล่อง เพราะเกรงว่าน้ำมันที่รั่วออกมาจำนวนมากอาจจะไปโดนความร้อน ทำให้เกิดไฟลุกไหม้และระเบิดขึ้นได้ พร้อมทั้งให้รถดับเพลิงเทศบาลวังไผ่ และตำบลวังใหม่ เข้าฉีดน้ำเลี้ยงพร้อมกับให้หน่วยกู้ภัยเข้าไปถอดขั้วแบตเตอรี่รถออก เพื่อป้องกันกระแสไฟรั่ว เจ้าหน้าที่ใช้เวลานานกว่า 2 ชั่วโมง เพื่อเคลียร์พื้นที่ให้ปลอดภัย และรอให้รถเครนมายกรถพ่วงบรรทุกน้ำมันออกไปจากจุดเกิดเหตุเปิดการจราจรให้เป็นปกติต่อไป จากการสอบสวนทราบว่า รถบรรทุกน้ำมันคันดังกล่าวมี นายชำนาญ ศิริเวช อายุ 41 ปี เป็นคนขับ ซึ่งได้รับบาดเจ็บบริเวณศีรษะ บรรทุกน้ำมันดีเซลของบริษัทแห่หนึ่งมาจากคลังน้ำมันที่ปากน้ำชุมพร จำนวน 42,000 ลิตร เพื่อนำไปลงเรือที่ จ.ระนอง โดยน้ำมันดังกล่าวจะส่งออกไปยังประเทศพม่า ขณะขับรถมาถึงที่เกิดเหตุได้มีรถยนต์ขับออกมาจากข้างทางตัดหน้าอย่างกระชั้นชิด จึงได้กระชากพวงมาลัยรถหักหลบอย่างเร็ว ทำให้รถเสียหลักพลิกคว่ำดังกล่าว สำหรับจุดเกิดเหตุดังกล่าวเป็นถนนเพชรเกษม ช่วงระหว่างชุมพร-ระนอง ซึ่งเป็นเป็นโค้งหักศอกอันตราย ที่ผ่านมาเกิดอุบัติเหตุรถยนต์เสียหลักแหกโค้งพลิกคว่ำอยู่เป็นประจำมีผู้เสียชีวิตและบาดเจ็บแล้วหลายราย 
",1,พนักงานขับรถ,0,,website:ผู้จัดการออนไลน์,ไม่ระเบิด
382,30/08/2022,สมุทรปราการ,6,ระเบิด,LPG,โรงงาน,เมื่อเวลาประมาณ 00.30 น. วันที่ 30 สิงหาคม 2565 ศูนย์กู้ชีพปราการได้รับแจ้งเหตุโรงงานบรรจุก๊าซหุงต้ม เกิดการระเบิด ที่เกิดเหตุมีรายงานผู้บาดเจ็บหลายราย เหตุเกิดภายในโรงงานบรรจุก๊าซหุงต้ม ปตท. ของ บริษัท วีไอพีปิโตรเลียม จำกัด ตั้งอยู่เลขที่ 30/100-1 หมู่ที่ 11 ตำบลบางเสาธง อำเภอบางเสาธง จังหวัดสมุทรปราการ จึงระดมทีมกู้ชีพกู้ภัยจากโรงพยาบาลใกล้เคียง พร้อมประสานเจ้าหน้าที่ดับเพลิงจาก อบต.บางเสาธง และใกล้เคียงเข้าระงับเหตุ โดยที่เกิดเหตุโรงงานบรรจุก๊าซหุงต้มระเบิด พบว่ามีการช่วยเหลือนำผู้บาดเจ็บที่เป็นคนงานชายของโรงบรรจุก๊าซดังกล่าว ซึ่งพบว่าบาดเจ็บถูกไฟคลอกทั้งตัว อาการสาหัส จำนวน 5 ราย ออกมารอรถพยาบาลด้านนอก ขณะที่เกิดเหตุภายในโรงบรรจุก๊าซ ยังพบว่ามีแสงเพลิงที่กำลังโหมลุกไหม้รถยนต์และตัวอาคาร รวมถึงยางรถยนต์ที่ใกล้เคียงถังก๊าซขนาดใหญ่ภายในโรงบรรจุก๊าซดังกล่าว เจ้าหน้าที่ต้องวางแผนการปฎิบัติอย่างรัดกุมและปลอดภัยก่อนจะเข้าเคลียร์ฐานเพลิงเปลวไฟทีละจุดเพื่อควบคุมสถานการณ์ไม่ให้บานปลายมากไปกว่านี้ ท่ามกลางกลิ่นก๊าซแอลพีจียังคงฟุ้ง โดยเจ้าหน้าที่สั่งอพยพและปิดกั้นพื้นที่โดยเด็ดขาดเพื่อเคลียร์ที่เกิดเหตุ ใช้เวลากว่า 1 ชั่วโมงจึงสามารถควบคุมสถานการณ์และปิดวาล์วถังก๊าซทุกจุดได้สำเร็จ โดยในที่เกิดเหตุนอกจากจะมีถังขนาดใหญ่ ยังพบว่ามีถังก๊าซหุงต้มในครัวเรือนอีกเป็นร้อยใบกระจายทั่วบริเวณ จากการสอบถามคนงานเล่าว่า ก่อนเกิดเหตุไม่มีพนักงาน ขณะที่ชาวบ้านที่อาศัยอยู่ใกล้เคียงได้เล่าเหตุการณ์ให้ผู้สื่อข่าวฟังว่า เสียงระเบิดดัง ไกลไปหลายกิโลเมตรในรัศมีโดยรอบทำงานหรือบรรจุก๊าซ โดยโรงงานบรรจุก๊าซ แห่งนี้มีพนักงานทั้งคนไทยและต่างชาติรวมประมาณ 30 คน และพากันเข้านอนแล้ว ขณะกำลังนอนพักผ่อนกันจู่ ๆ ก็เกิดระเบิดขึ้นภายในโรงงานโดยไม่ทราบจุดที่แน่ชัด ทำให้แสงเพลิงและแรงอัดกระจายทั่วพื้นที่จนไปถูกเพื่อนคนงานหลายคนที่กำลังพักอยู่ในห้องพักคนงานภายในบริษัทและต้องพากันวิ่งหนีตายฝ่าวงล้อมของแสงเพลิงออกมา เบื้องต้นจากการตรวจสอบโรงงานดังกล่าวพบข้อมูลว่าเปิดเป็น โรงงานบรรจุก๊าซหุงต้มประมาณ 10 ปีแล้ว ขณะนี้เจ้าหน้าที่สั่งปิดกั้นพื้นที่และจัดทีมดับเพลิงและกู้ภัยเฝ้าระวังที่เกิดเหตุอย่างต่อเนื่อง,5,พนักงานโรงงาน,0,,website: กรุงเทพธุรกิจ,ไม่ระเบิด
383,09/09/2022,ฉะเชิงเทรา,6,ลักลอบทิ้ง,กากอุตสาหกรรม,บ่อดิน,"ชาวบ้านร้อง พบกากอุตสาหกรรมลักลอบทิ้งเกลื่อน 12 ไร่ จ.ฉะเชิงเทรา
นายวันชัย พนมชัย อธิบดีกรมโรงงานอุตสาหกรรม สั่งการด่วนให้ นายพฤกษ์ ศิโรรัตนเศรษฐ์ ผู้อำนวยการกองบริหารจัดการกากอุตสาหกรรม พร้อมด้วยเจ้าหน้าที่กองบริหารจัดการกากอุตสาหกรรม กองวิจัยเเละเตือนภัยมลพิษโรงงาน ศูนย์วิจัยเเละเตือนภัยภาคตะวันออก เจ้าหน้าที่อุตสาหกรรมจังหวัดฉะเชิงเทรา และหน่วยงานที่เกี่ยวข้องในพื้นที่ ร่วมลงพื้นที่ตรวจสอบบริเวณที่ดินเอกชนว่างเปล่า เนื้อที่ประมาณ 12 ไร่ ซึ่งเดิมเคยเป็นบ่อดินลูกรัง ณ หมู่ที่ 11 บ้านหนองสาธิต ตำบลหัวสำโรง อำเภอเเปลงยาว จังหวัดฉะเชิงเทรา 
โดยชาวบ้านบริเวณโดยรอบได้รับความเดือดร้อนจากกลิ่นเหม็นฟุ้งกระจายตามกระแสลมพัดจากที่ดินดังกล่าว แต่ไม่ทราบสาเหตุการเกิดกลิ่น เนื่องจากที่ดินมีประตูและรั้วรอบขอบชิด ทำให้คนภายนอกไม่สามารถมองเห็นหรือเข้าไปข้างในที่ดินได้
นายวันชัย กล่าวต่อว่า จากการลงพื้นที่ตรวจสอบเบื้องต้น ไม่พบเครื่องจักรเเละคนงาน แต่พบร่องรอยการฝังกลบ และพบสิ่งปฏิกูล กากของเสียอุตสาหกรรมที่อาจเข้าข่ายวัตถุอันตราย ทั้งที่เป็นของแข็ง อาทิ เศษบดย่อยอิเล็กทรอนิกส์ เศษพลาสติก เศษยาง เศษปูน เศษตะกอน ดินปนเปื้อน และของเสียที่เป็นของเหลวปนเปื้อน โดยเฉพาะน้ำปนเปื้อนคล้ายน้ำมัน กระจายรอบขอบเขตแดนเป็นจำนวนมาก 

คาดว่าของเสียน่าจะมาจากโรงงานอุตสาหกรรมหลายแหล่ง จากการพูดคุยกับที่ปรึกษาทางกฎหมายซึ่งได้รับมอบหมายแทนเจ้าของที่ดิน พบว่า ที่ดินแปลงนี้ไม่มีใบอนุญาตประกอบกิจการเเละใบอนุญาตครอบครองวัตถุอันตราย โดยเจ้าของที่ดินมองว่าการขออนุญาตเป็นหน้าที่ของผู้เช่า 


ทั้งนี้ กรอ. มีความกังวลถึงน้ำกากของเสียที่อาจมีสารอันตรายปนเปื้อน จะซึมลงไปในพื้นดินและแหล่งน้ำสาธารณะ เนื่องจากบริเวณโดยรอบมีลักษณะเป็นพื้นที่เกษตร อีกทั้งมีชุมชนที่อยู่ห่างออกไป 1-2 กิโลเมตร จึงส่งกลุ่มปฎิบัติการเคลื่อนที่เร็ว กรอ. ตรวจวัดคุณภาพอากาศจำนวน 4 จุด เก็บตัวอย่างสิ่งปฎิกูลหรือวัสดุที่ไม่ใช้แล้ว จำนวน 11 ตัวอย่าง ดิน 1 ตัวอย่าง และน้ำ 4 ตัวอย่าง 

โดยเบื้องต้นผลตรวจวัดค่าความเป็นกรดด่าง (pH) ของสิ่งปฏิกูลและวัสดุที่ไม่ใช้แล้ว และดิน พบว่ามีค่าอยู่ระหว่าง 4.2-10.1 ส่วนน้ำมีค่าอยู่ระหว่าง 7.5-8.1 และจะนำไปตรวจวิเคราะห์ในห้องปฏิบัติการหาค่ามลพิษรายการอื่น เพื่อควบคุมผลกระทบต่อสิ่งเเวดล้อมเเละชุมชน

ล่าสุด กรอ. ได้ลงบันทึกประจำวัน เพื่อดำเนินคดีกับเจ้าของที่ดิน ตาม พ.ร.บ.โรงงาน และ พ.ร.บ.วัตถุอันตราย เนื่องจากพื้นที่ดังกล่าวเป็นที่ดินเปล่าที่ไม่มีการขออนุญาตประกอบกิจการ ไม่ว่าจะเป็นลักษณะโรงงานฝังกลบ หรือการครอบครองวัตถุอันตราย ตลอดจนมีการลักลอบขนย้ายกากของเสียมาทิ้งโดยไม่ได้รับอนุญาต ซึ่งตามกฎหมาย ผู้ครอบครองของเสียมีความผิด ไม่สามารถปฏิเสธความรับผิดชอบได้ 

ทั้งนี้ กรอ. พร้อมขยายผลติดตามตรวจสอบหาที่มาและกระบวนการลักลอบทิ้ง เพื่อดำเนินการอย่างเฉียบขาดตามกระบวนการทางกฎหมายกับผู้มีส่วนเกี่ยวข้องต่อไป",0,,0,,website: กรุงเทพธุรกิจ,ไม่ระเบิด
384,19/09/2022,ชลบุรี,6,อุบัติเหตุขนส่ง,ดีเซล,การจราจร/ขนส่ง,"รถบรรทุกน้ำมันคว่ำ ดีเซลหมื่นลิตรนองถนน
วันที่ 19 ก.ย. 2565 เมื่อเวลา 16.30 น. เกิดเหตุรถบรรทุกน้ำมันพลิกคว่ำบนสะพานข้ามถนนสุขุมวิท ขาเข้ากรุงเทพฯ หมู่ 1 ต.หนองไม้แดง อ.เมือง จ.ชลบุรี ตำรวจ สภ.เมืองชลบุรี พร้อมกู้ภัยไตรคุณธรรม ไปตรวจสอบพบรถบรรทุกน้ำมัน 22 ล้อ พลิกคว่ำตะแคงซ้าย ถังน้ำมันแตกมีน้ำมันไหลออกมาจากถังจำนวนมาก ตำรวจต้องปิดการจราจรทำให้มีรถสะสมการจราจรติดขัดมากกว่า 10 กม. ส่วนคนขับรถชื่อ นายอำนวย อายุ 37 ปี ได้รับบาดเจ็บ กู้ภัยฯ ได้นำส่ง รพ.ชลบุรี ไปก่อนหน้าแล้ว",1,พนัักงานขับรถ,0,,website: ข่าว8,ไม่ระเบิด
385,22/09/2022,นครปฐม,5,รั่วไหล,"Biphenyl, Diphenyl oxide",โรงงาน,โรงงานสิ่งทอพลาสติกนครปฐม เกิดสารเคมีรั่วไหล กระทบประชาชนใกล้เคียงหลายอำเภอ,1,ไม่ระบุ,0,,website: BBC News thai,ไม่ระเบิด
386,15/10/2022,อ่างทอง,4,รั่วไหล,ไฮโดรเจนซัลไฟด์ (H2S),โรงงาน,"วันนี้เวลาประมาณ 12.40 น. กรมควบคุมมลพิษ ได้รับแจ้งว่า โรงงานบริษัท ไทยเรยอน จำกัด (มหาชน) ตั้งอยู่ ม.2 ต.โพสะ อ.เมือง จ.อ่างทอง ประกอบกิจการผลิตเส้นใยสังเคราะห์ มีการซ่อมแซมถังตกตะกอนทำให้ก็าซไฮโดรเจนซัลไฟด์ (H2S) รั่วไหลออกมา ขณะนี้ควบคุมการรั่วไหลของก๊าซ H2S ได้แล้ว และไม่ได้มีการฟุ้งกระจายออกนอกพื้นที่โรงงาน ซึ่งกรมควบคุมมลพิษอยู่ระหว่างตรวจสอบผลกระทบจากก๊าซ H2S บริเวณพื้นที่เกิดเหตุและชุมชนที่อยู่ใกล้เคียง เพื่อสร้างความสบายใจให้กับชาวบ้านโดยรอบ จากเหตุการณ์ดังกล่าวมีผู้เสียชีวิต 1 ราย และบาดเจ็บ 1 ราย เป็นเจ้าหน้าที่ของโรงงานที่ปฏิบัติงานซ่อมแซมเครื่องจักรบริเวณจุดเกิดเหตุและได้สูดดมก๊าซ H2S เข้าไป 

ข้อมูลก๊าซไฮโดรเจนซัลไฟด์ (H2S) 
👉H2S หรือก๊าซไข่เน่า มีความเป็นพิษสูงหากหายใจเข้าสู่ร่างกาย อาจทำให้เสียชีวิตได้ มีผลต่อระบบประสาทส่วนกลางทำให้การควบคุมการหายใจเป็นอัมพาต สามารถได้กลิ่นตั้งแต่ระดับ 0.1 พีพีเอ็ม ไวไฟสูงและอาจติดไฟได้ หากลามกลับไปที่แหล่งกำเนิดอาจทำให้เกิดระเบิดได้ ไอก๊าซหนักกว่าอากาศ ทั้งนี้ เมื่อตรวจสอบโรงงานและตรวจวัดคุณภาพอากาศแล้วเสร็จ กรมควบคุมมลพิษจะรายงานความคืบหน้าให้ทราบต่อไป",1,พนักงานโรงงาน,1,พนักงานโรงงาน,FB: กรมควบคุมมลพิษ,ไม่ระเบิด
387,17/10/2022,ระยอง,6,รั่วไหล,Heavy Naphtha,โรงงาน,"วันที่ 17 ตุลาคม 2565 เวลา11.50น. 
เกิดเหตุโรงงาน IRPC มีสาร heavy naphtha UN no.1255 ค้างท่อ เกิดรั่วไหล
ระหว่างผู้รับเหมากำลังปฏิบัติงาน shutdown ซึ่งเป็นกลุ่ม hydrocarbon ผลต่อ CNS เบื้องต้นมีผู้ได้รับสารพิษจำนวน 13 ราย 
โดยผู้รับเหมาได้นำส่งผู้ป่วยเองตามสิทธิรักษา ส่วนใหญ่มีอาการเวียนศีรษะ คลื่นไส้ บ้านหมุน จนท.โรงงานนำส่งรพ.ระยอง
เวลา 13.20 น. สถานการณ์เป็นปกติ เหตุการณ์อยู่ระหว่างการสอบสวนเหตุการณ์

(thumbtack)ข้อมูลผู้ได้รับบาดเจ็บ
จากรายงาน มีคนงาน50 คนที่มีอาการมึนศีรษะมาโรงพยาบาล 13 คน ( ข้อมูลอยู่ระหว่างประสานเพิ่มเติม)

(thumbtack)การประเมินความเสี่ยงเบื้องต้น: 
- มีสาร heavy naphtha UN no.1255 : เมื่อเกิดเพลิงไหม้จะทำให้เกิดการระคายเคือง หรือก๊าซที่เป็นพิษไอของสารอาจจะสะสมในพื้นที่อับอากาศสารจะทำปฏิกิริยากับน้ำ (บางครั้งรุนแรง) แล้วให้การกัดกร่อน หรือก๊าซพิษ ทำปฏิกิริยากับน้ำแล้วอาจก่อให้เกิดความร้อนสูง ซึ่งจะเพิ่มความเข้มข้นของฟูมในอากาศ
ในการหายใจเข้าไป การกลืนกินเข้าไป หรือสัมผัส ที่ผิวหนัง ตา ด้วยไอ ฝุ่น หรือสารอาจเป็นเหตุให้เกิดการ บาดเจ็บ หรือถึงตายได้ สัมผัสกับสารที่หลอมเหลวอาจเป็นเหตุให้เกิดแผลไหม้ที่ผิวหนัง และตาอย่างสาหัสน้ำชะล้างจากการดับเพลิงอาจก่อให้เกิดการกัดกร่อน หรือเป็นมลพิษทางน้ำได้
- ไม่มีประชาชนได้รับผลกระทบ

(thumbtack)เหตุการณ์เข้าเกณฑ์ DCIR 
(**เหตุการณ์เข้าเกณฑ์ DCIR เกณฑ์ผู้บาดเจ็บตั้งแต่ 10 ราย/ผู้บาดเจ็บรุนแรงตั้งแต่ 5 ราย /ผู้เสียชีวิตตั้งแต่ 2 ราย)

(thumbtack)การดำเนินงานของในพื้นที่
- สสจ.เฝ้าระวังและติดตามสถานการณ์ ติดตามผู้ได้รับสารพิษหรือผลกระทบ หากพบผู้ป่วยเข้ารับการรักษาโรงพยาบาลใดให้แจ้ง สสจ. ผ่านกลุ่มไลน์
- หน่วยบริการสาธารณสุข อสม. ในพื้นที่เฝ้าระวังผลกระทบประชาชนโดยรอบ

(thumbtack)การดำเนินงานของ สคร.6
- ติดตามสถานการณ์ เตรียมความพร้อม เครื่องมือ PPE ในการลงพื้นที่ 
- สนับสนุนข้อมูลวิชาการ สื่อต้นแบบเพื่อสื่อสารความเสี่ยง",13,ผู้รับเหมา,0,,สคร.6,ไม่ระเบิด
388,17/10/2022,นนทบุรี,4,รั่วไหล,Ammonia,โรงงาน,"วันที่ 17 ตุลาคม 2565 กรมควบคุมมลพิษได้รับแจ้งจากประชาชน ผ่านสายด่วน 1650 ว่า ได้รับกลิ่นเหม็นคล้ายแอมโมเนียและมีเสียงระเบิด เมื่อเวลาประมาณ 17.00 น. ซึ่งตั้งอยู่บริเวณ ซอยนนทบุรี 20 ถนนเลี่ยงเมืองนนทบุรี ต.บางกระสอ อ.เมือง จ.นนทบุรี ใกล้กับโรงงานผลิตน้ำแข็งและโรงงานผลิตน้ำหอม 
ซึ่งเวลา 17.45 น. ได้รับข้อมูลเพิ่มเติมจากผู้แจ้งเหตุว่าเสียงที่ได้ยินเป็นเสียงดังคล้ายแก๊สรั่ว ไม่ใช่เสียงระเบิด แต่ยังมีกลิ่นคล้ายแอมโมเนียอยู่
กรมควบคุมมลพิษ อยู่ระหว่างลงพื้นที่เกิดเหตุเพื่อตรวจสอบข้อเท็จจริง และจะรายงานความคืบหน้าให้ทราบต่อไป
ความคืบหน้ากรณีก๊าซแอมโมเนีย (NH3) รั่วไหล บริเวณซอยนนทบุรี 20
กรมควบคุมมลพิษ ลงพื้นที่ตรวจสอบบริเวณพื้นที่เกิดเหตุ เวลาประมาณ 18.00 น. ไม่พบกลิ่นแอมโมเนียแล้ว จากการสอบถามผู้ประกอบการโรงน้ำแข็งบริเวณซอยนนทบุรี 20 ซึ่งมีอยู่ 4 โรง ได้แก่ 1) โรงน้ำแข็งแสงพิทักษ์ 2) โรงน้ำแข็งบริษัท ธวัชชัยน้ำแข็งหลอด จำกัด 3) โรงน้ำแข็งบริษัท ร่วมพัฒนาน้ำแข็งหลอด จำกัด และ 4) โรงน้ำแข็ง หจก.โรงน้ำแข็งสาครทิพย์ ซึ่งโรงน้ำแข็งใช้สารแอมโมเนีย (NH3) เป็นสารทำความเย็น ได้รับแจ้งว่า ในช่วงเวลาประมาณ 17.00 น. มีก๊าซแอมโมเนียถูกระบายออกมาประมาณ 5 นาที แต่ไม่สามารถระบุโรงงานได้ น่าจะเกิดจากวาล์วระบายความดัน ซึ่งผู้ประกอบการโรงน้ำแข็งแจ้งว่าเป็นการประกอบกิจการปกติไม่ได้เกิดจากความชำรุดเสียหายของระบบวาล์วแต่อย่างใด อาจจะมีกลิ่นเล็กน้อยขณะที่มีการระบายความดัน 
จากการสอบถามชาวบ้านที่อยู่บริเวณใกล้เคียง แจ้งว่าในช่วงเวลา 17.00 น. ได้รับกลิ่นแอมโมเนีย สักพักกลิ่นจางลงจนกระทั่งหมดไป ทั้งนี้ ไม่มีผู้ได้รับผลกระทบต่อสุขภาพจากเหตุดังกล่าว",0,,0,,FB: กรมควบคุมมลพิษ,ไม่ระเบิด
389,03/11/2022,กรุงเทพมหานคร,13,รั่วไหล,NGV,ปั๊มน้ำมัน/แก๊ส,กรมควบคุมมลพิษ รับแจ้งเหตุ เมื่อเวลา 09.15 น. ได้เกิดเหตุก๊าซ NGV รั่วไหลในพื้นที่สถานีหลักหรือสถานีแม่ (NGV Mother station) ของ บริษัท ปตท. จำกัด (มหาชน) ซึ่งตั้งอยู่บริเวณซอยประชาอุทิศ 76 ถนนประชาอุทิศ แขวงทุ่งครุ เขตทุ่งครุ กรุงเทพมหานคร มีกำลังการผลิตก๊าซ NGV ปริมาณ 70 ตันต่อวัน ซึ่งจัดส่งก๊าซ NGV ให้กับสถานีลูก (Daughter station) จำนวน 10 สถานี ในเขตกรุงเทพมหานคร นนทบุรี สมุทรปราการ และสมุทรสาคร ระหว่างเกิดเหตุเจ้าหน้าที่สถานีดับเพลิงและกู้ภัยทุ่งครุใช้น้ำฉีดเพื่อเจือจางก๊าซ และสามารถปิดวาล์วก๊าซได้เมื่อเวลา 09.34 น. ทั้งนี้ ไม่มีผู้ได้รับบาดเจ็บหรือเสียชีวิตจากเหตุการณ์ดังกล่าว,0,,0,,FB: กรมควบคุมมลพิษ,ไม่ระเบิด
390,08/11/2022,สระบุรี,4,รั่วไหล,Ammonia,โรงงาน,"วันที่ 9 พฤศจิกายน ๒๕๖5 เวลา ๑๐.๐๐ น. สำนักงานสาธารณสุขอำเภอแก่งคอย ได้รับแจ้งจากสำนักงานสาธารณสุขจังหวัดสระบุรีว่า มีข่าวเผยแพร่จากสำนักข่าวท้องถิ่น ว่ามีท่อส่งแอมโมเนียของโรงงานแปรรูปอาหารแห่งหนึ่ง ริมถนนมิตรภาพ ต.แก่งคอย จ.สระบุรี มีการรั่วไหลและมีพนักงานหญิง จำนวน ๖ ราย ได้สูดดมสารแอมโมเนียเข้าไป และถูกนำส่งโรงพยาบาลสระบุรี นั้น สำนักงานสาธารณสุขอำเภอแก่งคอย และโรงพยาบาลส่งเสริมสุขภาพตำบลตาลเดี่ยว ได้ออกสอบสวนที่เกิดเหตุ พบว่าเป็นบริษัทแปรรูปอาหารแห่งหนึ่งในตำบลตาลเดี่ยว อำเภอแก่งคอย จังหวัดสระบุรี โดยเจ้าหน้าที่ความปลอดภัยโรงงาน (จป.)ให้ข้อมูลว่า วันที่ ๘ พฤศจิการยน ๒๕๖๕ เวลา ๑๒.๓๕ น.พบมีการรั่วไหลของสารแอมโมเนีย โดยจุดเกิดเหตุอยู่ที่ใต้หลังคาบริเวณห้องแช่แข็ง ชื่อโรงอาหารสุก โดยมีพนักงานได้กลิ่นแอมโมเนีย และได้แจ้งผู้จัดการทันที และผู้จัดการไดสั่งอพยพพนักงานออกจากพื้นที่ทั้งหมด จำนวน ๓๐๙ คนซึ่งทำงานอยู่ในจุดที่เกิดเหตุ โดยมีพนักงาน ๖ ราย ที่สูดดมสารแอมโมเนียเข้าและถูกนำส่งโรงพยาบศูนย์สระบุรี ทั้งนี้ฝ่ายช่างของโรงงานได้ตรวจพบจุดรั่วแอมโมเนีย และได้ดำเนินการแก้ไขแล้ว
มาตรการและคำแนะนำของเจ้าหน้าที่สาธารณสุข ได้ให้คำแนะนำเรื่องการแจ้งเหตุและคำแนะนำในการเกิดอุบัติจากการทำงานเพิ่มเติมจากของโรงงานที่เดิมมีอยู่แล้วและติดตามอาการของผู้ได้รับสารเคมีทั้ง 6 รายเบื้องต้นทราบว่าได้ออกจากโรงพยาบาลและพักรักษาตัวที่บ้านโดยไม่มีภาวะแทรกซ้อน
",6,พนักงานโรงงาน,0,,Event-based Province,ไม่ระเบิด
391,15/11/2022,นนทบุรี,4,ไฟไหม้,สี/ทินเนอร์/ตัวทำละลาย,โรงงาน,"คพ.ติดตามเหตุเพลิงไหม้บริษัท เบทเทอร์วิว จำกัด
วันที่ 15 พ.ย. 2565 กรมควบคุมมลพิษ โดยสำนักงานสิ่งแวดล้อมและควบคุมมลพิษที่ 6 ได้รับแจ้งว่าเกิดเหตุเพลิงไหม้บริษัท เบทเทอร์วิว จำกัด ต.ศาลากลาง อ.บางใหญ่ จ.นนทบุรี ประกอบกิจการผลิตเฟอร์นิเจอร์จากไม้และหนัง เวลาประมาณ 13.00 น. ประชาชนแจ้งว่าขณะเกิดเพลิงไหม้ได้รับกลิ่นเหม็นคล้ายกลิ่นสีและทินเนอร์รวมถึงกลิ่นไหม้ เจ้าหน้าที่ดับเพลิงได้เข้าดำเนินการควบคุมสถานการณ์ กลิ่นดังกล่าวลดลงจนถึงไม่ได้กลิ่นและเพลิงสงบ ในเวลา 16.30 น. มีควันอยู่บางส่วน เจ้าหน้าที่กันพื้นที่ไม่ให้บุคคลเข้าไปในพื้นที่เพื่อป้องกันอาคารทรุดตัว จากเหตุการณ์ดังกล่าวไม่มีผู้ได้รับบาดเจ็บ หรือเสียชีวิต 
ในการนี้ คพ. ดำเนินการตรวจสอบคุณภาพอากาศบริเวณโดยรอบโรงงาน ถึงระยะ 600 เมตร จำนวน 8 จุด 
ทุกจุดไม่พบก๊าซที่เป็นอันตรายต่อสุขภาพ",0,,0,,FB: กรมควบคุมมลพิษ,ไม่ระเบิด
392,15/11/2022,กรุงเทพมหานคร,13,ไฟไหม้,ไม่ทราบ,โรงงาน,"เกิดเหตุไฟไหม้โรงงานรองเท้า ถนนบางนา-ตราด เจ้าหน้าที่กู้ภัยและรถดับเพลิงกำลังระดมควบคุมเพลิง เตือนปฏิบัติหน้าที่อย่างระมัดระวัง เกรงว่าอาคารจะทรุดตัวลงมา

วันที่ 15 พ.ย. 65 ผู้สื่อข่าวรายงานว่า เมื่อเวลา 17.00 น. ที่ผ่านมา เกิดเหตุไฟไหม้โรงงานรองเท้าแอโรซอฟท์ ภายในอาคารด้านที่ติดกับถนนบางนา-ตราด กม.16 เจ้าหน้าที่กู้ภัยและรถดับเพลิงกำลังระดมควบคุมเพลิง

เวลา 18.30 น. เจ้าหน้าที่ยังไม่สามารถควบคุมเพลิงได้ ขณะที่เจ้าหน้าที่ได้ระดม นอกจากนี้ยังมีการแจ้งเตือนเจ้าหน้าที่อาสาที่เข้าปฏิบัติงานทุกนาย ให้ปฏิบัติหน้าที่อย่างระมัดระวัง เนื่องจากอาคารอุ้มน้ำมานาน เกรงว่าจะทรุดตัวลงมา 

ด้านเจ้าหน้าที่ได้ปิดกั้นการจราจรด้านหน้า ฝั่งมุ่งหน้าชลบุรี เพื่อความปลอดภัย เนื่องจากช่วงเกิดเหตุเป็นช่วงเลิกงานของประชาชน ขณะที่ฝั่งชลบุรีเข้ากรุงเทพฯ ชะลอตัว แต่ยังเคลื่อนตัวได้ 

ต่อมาเวลา 18.55 น. ผู้สื่อข่าวรายงานว่า เจ้าหน้าที่ยังไม่สามารถควบคุมสถานการณ์ได้ โดยยังมีเสียงระเบิดดังต่อเนื่อง แต่ยังไม่มีรายงานผู้ได้รับบาดเจ็บ หรือเสียชีวิต.",3,พนักงานดับเพลิง,0,,ไทยรัฐออนไลน์,ไม่ระเบิด
393,29/11/2022,สงขลา,12,รั่วไหล,Ammonia,โรงงาน,วันที่ 29 พฤศจิกายน 2565 ได้รับแจ้งจากงานอนามัยสิ่งแวดล้อม สสจ.สงขลา ว่าเมื่อเวลาประมาณ 19.04 น.ได้รับแจ้งเหตุสารเคมีแอมโมเนียรั่วไหล สถานที่เกิดเหตุ โรงงานโชติวัฒน์ ถนนสายเอเชีย ตำบลนาหม่อม อำเภอนาหม่อม จังหวัดสงขลา มีผู้ป่วยฉุกเฉินจำนวน 4 ราย (เคสเหลือง 4 ราย) เวลา 19.30 น. หน่วยกู้ชีพรายงานเพิ่มเติมว่า ผู้ป่วยฉุกเฉิน 4 ราย รู้สึกตัวดี มีอาการหายใจเร็ว คลื่นไส้อาเจียน เวลา 19.32 น. ประสานโรงพยาบาลสงขลานครินทร์เตรียมตั้งรับ เวลา 19.46 น. รายงานแพทย์อำนวยการรับทราบ รายละเอียดอยู่ระหว่างการรวบรวมข้อมูล **อัพเดตข้อมูล ณ วันที่ 30 พฤศจิกายน 2565 เกิดเหตุสารแอมโมเนียรั่วไหล ที่โรงงานโชติวัฒน์ แผนกระบบทำความเย็น เมื่อวันที่ 29 พฤศจิกายน 2565 เวลา 18.50 น. ระงับเหตุสำเร็จ เวลา 19.00 น. เบื้องต้นไม่มีความเสียหายภายในโรงงาน มีผู้ได้รับบาดเจ็บ เป็นเพศหญิงจำนวน 6 ราย (ต่างด้าวทั้งหมด) เป็นลมหมดสติ รักษาตัวที่รพ.นาหม่อม 2 ราย และรพ.มอ. 4 ราย,6,แรงงานต่างด้าว,0,,Event-based DDC,ไม่ระเบิด
394,30/11/2022,สุพรรณบุรี,5,ระเบิด,พลุ/ดอกไม้ไฟ,โรงงาน,วันที่ 30 พฤศจิกายน 2565 ทีมตระหนักรู้สถานการณ์ (SAT) กรมควบคุมโรค ได้รับแจ้งจาก SAT สำนักงานป้องกันควบคุมโรคที่ 5 จังหวัดราชบุรี พบเหตุการณ์โรงงานผลิตพลุและดอกไม้ไฟระเบิดกลางทุ่งนา เวลาประมาณ 10.30 น. เป็นโรงงานห้องแถวชั้นเดียว ขนาด 1 ไร่ ตั้งอยู่ที่ ม.3 บ้านข่อยงาม ต.ศาลาขาว เส้นทางโรงช้าง-ตีนเป็ด อ.เมือง จ.สุพรรณบุรี มีการขออนุญาตประกอบกิจการแล้ว สภาพหลังคาตัวอาคารพังเสียหายจากแรงระเบิด มีเศษซากตัวอาคารถล่ม มีรถจักรยานยนต์ถูกไฟไหม้ 2 คัน บริเวณห่างจากบ้านที่เกิดเหตุ ประมาณ 100 เมตร พบผู้เสียชีวิตสภาพถูกไฟคลอกทั้งร่างไหม้เกรียม จำนวน 1 ราย เพศชาย อายุ 53 ปี อยู่ที่ ม.2 ต.สระแก้ว อ.เมือง จ.สุพรรณบุรี และมีผู้บาดเจ็บไฟคลอกตามร่างกาย จำนวน 3 ราย เพศชาย จำนวน 2 รายและเพศหญิง 1 ราย รายที่ 1 เพศชาย อายุ 28 ปี Second degree burn 100% ใส่ Tube Admit ICU ศัลยธรรม รายที่ 2 เพศชาย อายุ 55 ปี Second degree burn 43% ใส่ Tube Admit ICU trauma รายที่ 3 เพศหญิง อายุ 51 ปี Second degree burn 49% ใส่ Tube Admit ศัลยกรรมหญิง 2 และวางแผนส่งต่อผู้บาดเจ็บไปยังโรงพยาบาลสมเด็จพระสังฆราชองค์ที่ 17 เนื่องจากสิทธิ์การรักษาของผู้ป่วยจากข้อมูลของภรรยาผู้เสียชีวิตพบว่า ก่อนเกิดเหตุภรรยาผู้เสียชีวิตกับคนงานได้นั่งใช้ผ้าเทปพันระเบิดปิงปอง จากนั้นได้เกิดกลุ่มควันขึ้นจากกระสอบถ่านภายในโรงเก็บ แต่กลับเกิดการระเบิดและไฟไหม้อย่างรุนแรงจนทำให้มีผู้เสียชีวิต สาเหตุของการเกิดเหตุการณ์ครั้งนี้คาดว่าเกิดจากถ่านไม้ตัวสารตั้งต้นที่มาใช้กับดินปืนแต่ยังไม่มอด จึงเกิดไฟประทุขึ้นแล้วเกิดแรงระเบิด ทำให้มีผู้เสียชีวิตและบาดเจ็บดังกล่าว ในวันที่ 1 ธันวาคม 2565 ทีมสอบสวนโรค (JIT) สำนักงานป้องกันควบคุมโรคที่ 5 จังหวัดราชบุรี ร่วมกับทีมสำนักงานสาธารณสุขจังหวัดสุพรรณบุรีและสหวิชาชีพจังหวัดสุพรรณบุรี ลงพื้นที่สอบสวนเหตุการณ์โรงงานผลิตพลุและดอกไม้ไฟระเบิด ในพื้นที่หมู่ที่ 3 บ้านข่อยงาม ตำบลศาลาขาว เส้นทางโรงช้าง-ตีนเป็ด อำเภอเมือง จังหวัดสุพรรณบุรี เป็นโรงงานผลิตพลุ ดอกไม้ไฟ ลูกบอลไล่นก (ทำตามการสั่งซื้อ) ได้รับการอนุญาตให้ทำค้าซึ่งดอกไม้เพลิง และสิ่งเทียมอาวุธปืนในเขตพื้นที่ มีพนักงานจำนวน 14 คน จุดเกิดเหตุยืนยันผู้เสียชีวิตจำนวน 1 ราย เป็นเพศชาย อายุ 55 ปี อาชีพ รับจ้าง ผู้เสียชีวิตไม่ได้เป็นพนักงานที่โรงงาน แต่มาหาภรรยาที่โรงงาน และผู้บาดเจ็บจำนวน 4 ราย เป็นลูกชายของเจ้าของโรงงาน 1 ราย และพนักงานจำนวน 3 ราย สถานที่เกิดเหตุพบตัวอาคารเก็บอุปกรณ์บรรจุ (ลูกไข่) สถาพหลังคาตัวอาคารพังเสียหายจากแรงระเบิด มีเศษซากตัวอาคารถล่ม มีรถจักรยานยนต์ถูกไฟไหม้ 5 คัน,4,พนักงาน,1,พนักงาน,Event-based DDC,ระเบิด
395,04/12/2022,สมุทรปราการ,6,รั่วไหล,Ammonia,โรงงาน,วันที่ 5 ธันวาคม 2565 ทีม SAT สคร.6 ชลบุรี ได้รับแจ้งจากงานโรคจากการประกอบอาชีพและสิ่งแวดล้อม กลุ่มโรคไม่ติดต่อ สคร.6 ชลบุรี ว่าได้รับรายงานเกิดเหตุสารเคมีรั่วไหล ภายในบริษัทห้องเย็นแห่งหนึ่ง ไม่มีรายงานผู้บาดเจ็บหรือเสียชีวิต โดยเหตุการณ์เกิดขึ้นเมื่อวันที่ 4 ธันวาคม 2565 เวลาประมาณ 23.37 น. เกิดเหตุสารเคมี แอมโมเนียรั่วไหล ภายในบริษัทห้องเย็นแห่งหนึ่ง ในพื้นที่ตำบลบางปู อำเภอเมือง จังหวัดสมุทรปราการ เทศบาลเมืองบางปู มูลนิธิและอาสาสมัครในพื้นที่เข้าดำเนินการเข้าระงับเหตุ วันที่ 5 ธันวาคม 2565 เวลา 02.55 น. ได้ทำการปิดวาลล์ได้สำเร็จ เวลา 04.30 น. ตรวจสอบไม่พบการรั่วไหลและหยุดการรั่วไหลได้เป็นที่เรียบร้อย,0,,0,,Event-based DDC,ไม่ระเบิด
396,16/12/2022,ลำปาง,1,อุบัติเหตุขนส่ง,น้ำมันไม่ทราบชนิด,การจราจร/ขนส่ง,"รถบรรทุกเอทานอล กว่า 3 หมื่นลิตร พลิกคว่ำเกิดเพลิงลุกไหม้ทั้งคัน บาดเจ็บ 1 ราย
รถบรรทุกน้ำมัน พุ่งลงข้างทาง จนท.ช่วยไม่ทัน คนขับดับคากองเพลิง
เหตุสลดรับวัน รถบรรทุกน้ำมัน เสียหลักลงข้างทาง และเกิดไฟลุกไหม้ เจ้าหน้าที่เร่งใช้น้ำทำการดับ แต่ไม่ทันการ โชเฟอร์ดับคากองเพลิง คาดหลับใน

เมื่อเวลา 08.00 น. วันที่ 16 ธ.ค. 2565 ตำรวจสภ.เถิน จ.ลำปาง รับแจ้งอุบัติเหตุรถน้ำมันพลิกคว่ำมีไฟลุกไหม้ บริเวณกิโลเมตรที่ 642 ขาเข้าเมืองลำปาง ถ.ลำปาง-ตาก ต.สบปราบ อ.สบปราบ จึงประสานรถดับเพลิงในพื้นที่ ก่อนรุดไปตรวจสอบพร้อมสมาคมกู้ภัยลำปางจุดสบปราบ และสมาคมกู้ภัยลำปางจุดเถิน

ที่เกิดเหตุพบรถบรรทุกน้ำมัน ทะเบียน 71-9871 ลำปาง ตกลงไปข้างทางประมาณ 3 เมตร สภาพรถตะแคงข้าง มีไฟลุกบริเวณหัวรถอย่างรุนแรง เจ้าหน้าที่ดับเพลิงเร่งระดมฉีดน้ำดับไฟ แต่มีคนขับรถ ติดอยู่ภายในทำให้ถูกไฟคลอก ทราบชื่อนายภาณุวัฒน์ ดิษดี อายุ 47 ปี ชาวจ.พิษณุโลก จากการสอบสวนทราบว่า รถน้ำมันได้ไปรับน้ำมันจากคลังน้ำมันในพื้นที่บ้านเวียงทอง ต.สบปราบ จะนำไปส่งทางภาคเหนือ คาดว่าคนขับหลับในจึงประสบอุบัติเหตุดังกล่าว ซึ่งทางเจ้าหน้าที่ตำรวจจะได้ทำการสอบสวนอีกครั้ง",0,,1,พนักงานขับรถ,website:Khaosod Online,ไม่ระเบิด
397,26/12/2022,นครพนม,8,ไฟไหม้,บ่อขยะ,บ่อขยะ,"วันจันทร์ ที่ ๒๖ ธันวาคม ๒๕๖๕ เวลาประมาณ ๑๒.0๐ น. เกิดเหตุเพลิงไหม้บ่อขยะเทศบาลเมือง นครพนม สถานที่ตั้งบ้านสุขเกษม ต.โพธิ์ตาก อ.เมืองนครพนม จ.นครพนม โดยพบกลุ่มเปลวไฟขนาดใหญ่อยู่บริเวณ กองพักขยะ และไม่สามารถดับเพลิงไหม้ด้วยตนเองได้ ผู้ให้ข้อมูลจึงได้ทำการแจ้งไปยัง อบต.โพธิ์ตาก เพื่อเข้า ควบคุมเหตุเพลิงไหม้บ่อขยะดังกล่าว เวลาประมาณ ๑๔.ㆍ ㆍ น. สำนักงานสาธารณสุขจังหวัดนครพนม ได้รับแจ้ง เหตุว่ามีบ่อขยะเกิดเพลิงไหม้ และได้เข้าร่วมตรวจสอบร่วมกับหน่วยงานที่เกี่ยวข้อง พบว่าในรัศมีระยะทาง ๕ กิโลเมตรจากจุดเกิดเหตุ ตามทิศทางของกระแสลม มีประชาชนที่อาจจะได้รับผลกระทบจากกลิ่น และควันจาก การไฟไหม้บ่อขยะในครั้งนี้ จำนวน ๓ หมู่ข้าน ประชากรประมาณ ๒,0๐0 คน โรงเรียน ๒ แห่ง ศูนย์พัฒนาเด็กเล็ก ๒ แห่ง เบื้องต้น อบต.โพธิ์ตาก ได้แจ้งเตือนประชาชนผ่านทางกลุ่มไลน์ สำนักงานสาธารณสุขจังหวัดนครพนม ได้ลง พื้นที่ติดตามสถานการณ์และให้แนวทางปฏิบัติแก่ จนท.สาธารณสุข และอสม.ในพื้นที่ รพ.สต.สุขเกษม ได้ลงพื้นที่ สนับสนุนหน้ากากอนามัยแก่ประชากรกลุ่มเสี่ยงเรียบร้อยแล้ว",0,,0,,Event-based Province,ไม่ระเบิด
