date,provice,pm25,hotspot
1/3/2024,เลย,64.6,5
1/3/2024,หนองคาย,50.2,1
1/3/2024,อุดรธานี,43,9
1/3/2024,สกลนคร,21.2,7
1/3/2024,นครพนม,21.5,8
1/3/2024,หนองบัวลำภู,43,2
1/3/2024,บึงกาฬ,28.2,2
2/3/2024,เลย,42.7,1
2/3/2024,หนองคาย,28.6,1
2/3/2024,อุดรธานี,16.3,10
2/3/2024,สกลนคร,9.1,1
2/3/2024,นครพนม,11,12
2/3/2024,หนองบัวลำภู,19.1,3
2/3/2024,บึงกาฬ,18.7,2
3/3/2024,เลย,47.9,31
3/3/2024,หนองคาย,32.1,0
3/3/2024,อุดรธานี,20.8,23
3/3/2024,สกลนคร,11.7,27
3/3/2024,นครพนม,21.3,8
3/3/2024,หนองบัวลำภู,22.5,4
3/3/2024,บึงกาฬ,19.4,1
4/3/2024,เลย,76.6,6
4/3/2024,หนองคาย,54.5,2
4/3/2024,อุดรธานี,39.5,5
4/3/2024,สกลนคร,38.7,10
4/3/2024,นครพนม,70.3,4
4/3/2024,หนองบัวลำภู,39.1,4
4/3/2024,บึงกาฬ,33.8,2
5/3/2024,เลย,56.2,53
5/3/2024,หนองคาย,58.7,3
5/3/2024,อุดรธานี,54.3,13
5/3/2024,สกลนคร,53.9,27
5/3/2024,นครพนม,86.7,36
5/3/2024,หนองบัวลำภู,37.4,14
5/3/2024,บึงกาฬ,39.7,1
6/3/2024,เลย,103,37
6/3/2024,หนองคาย,80.6,4
6/3/2024,อุดรธานี,66.7,15
6/3/2024,สกลนคร,58.8,39
6/3/2024,นครพนม,102.6,52
6/3/2024,หนองบัวลำภู,54.2,30
6/3/2024,บึงกาฬ,54.5,5
7/3/2024,เลย,136,78
7/3/2024,หนองคาย,92.9,5
7/3/2024,อุดรธานี,78.3,38
7/3/2024,สกลนคร,71.9,50
7/3/2024,นครพนม,119.1,32
7/3/2024,หนองบัวลำภู,63.1,20
7/3/2024,บึงกาฬ,79.4,1
8/3/2024,เลย,117.6,48
8/3/2024,หนองคาย,56.9,4
8/3/2024,อุดรธานี,64,22
8/3/2024,สกลนคร,42.4,22
8/3/2024,นครพนม,40.3,10
8/3/2024,หนองบัวลำภู,64.6,17
8/3/2024,บึงกาฬ,54.9,6
9/3/2024,เลย,90.7,11
9/3/2024,หนองคาย,39.6,1
9/3/2024,อุดรธานี,31.6,1
9/3/2024,สกลนคร,23.7,2
9/3/2024,นครพนม,26.3,0
9/3/2024,หนองบัวลำภู,42.6,2
9/3/2024,บึงกาฬ,33.6,0
10/3/2024,เลย,59.1,0
10/3/2024,หนองคาย,48.4,1
10/3/2024,อุดรธานี,44,1
10/3/2024,สกลนคร,29.6,0
10/3/2024,นครพนม,36.9,0
10/3/2024,หนองบัวลำภู,42.2,1
10/3/2024,บึงกาฬ,44,1
11/3/2024,เลย,70.8,2
11/3/2024,หนองคาย,45,2
11/3/2024,อุดรธานี,46.3,1
11/3/2024,สกลนคร,30.6,0
11/3/2024,นครพนม,52.8,1
11/3/2024,หนองบัวลำภู,47.7,4
11/3/2024,บึงกาฬ,38,0
12/3/2024,เลย,63.1,0
12/3/2024,หนองคาย,38.1,0
12/3/2024,อุดรธานี,37.5,4
12/3/2024,สกลนคร,17.7,8
12/3/2024,นครพนม,31.7,10
12/3/2024,หนองบัวลำภู,41.5,6
12/3/2024,บึงกาฬ,24.5,1
13/3/2024,เลย,72.2,6
13/3/2024,หนองคาย,35.5,1
13/3/2024,อุดรธานี,39.7,6
13/3/2024,สกลนคร,33.8,9
13/3/2024,นครพนม,69.3,8
13/3/2024,หนองบัวลำภู,40.8,3
13/3/2024,บึงกาฬ,35.5,3
14/3/2024,เลย,55.4,11
14/3/2024,หนองคาย,42.9,3
14/3/2024,อุดรธานี,56.4,5
14/3/2024,สกลนคร,55.2,5
14/3/2024,นครพนม,76.9,4
14/3/2024,หนองบัวลำภู,47.9,5
14/3/2024,บึงกาฬ,53.3,0
15/3/2024,เลย,58.9,16
15/3/2024,หนองคาย,43.7,2
15/3/2024,อุดรธานี,53.2,16
15/3/2024,สกลนคร,48.7,23
15/3/2024,นครพนม,57.4,1
15/3/2024,หนองบัวลำภู,40.8,11
15/3/2024,บึงกาฬ,42.2,0
16/3/2024,เลย,94.4,28
16/3/2024,หนองคาย,43.1,1
16/3/2024,อุดรธานี,59,11
16/3/2024,สกลนคร,48.3,3
16/3/2024,นครพนม,62.2,0
16/3/2024,หนองบัวลำภู,52.8,21
16/3/2024,บึงกาฬ,42.6,5
17/3/2024,เลย,91.5,14
17/3/2024,หนองคาย,35.2,1
17/3/2024,อุดรธานี,56.1,9
17/3/2024,สกลนคร,41.1,3
17/3/2024,นครพนม,83,5
17/3/2024,หนองบัวลำภู,50.4,4
17/3/2024,บึงกาฬ,47,0
18/3/2024,เลย,61.7,31
18/3/2024,หนองคาย,35.5,1
18/3/2024,อุดรธานี,50.5,16
18/3/2024,สกลนคร,49.2,5
18/3/2024,นครพนม,77.5,11
18/3/2024,หนองบัวลำภู,47.6,1
18/3/2024,บึงกาฬ,49.4,1
19/3/2024,เลย,57.7,16
19/3/2024,หนองคาย,38.9,0
19/3/2024,อุดรธานี,50.2,4
19/3/2024,สกลนคร,44.4,3
19/3/2024,นครพนม,51.8,2
19/3/2024,หนองบัวลำภู,45.8,4
19/3/2024,บึงกาฬ,49.6,0
20/3/2024,เลย,25.9,0
20/3/2024,หนองคาย,26.5,1
20/3/2024,อุดรธานี,20.3,1
20/3/2024,สกลนคร,14,1
20/3/2024,นครพนม,12.5,13
20/3/2024,หนองบัวลำภู,23.2,3
20/3/2024,บึงกาฬ,15.1,0
21/3/2024,เลย,17.3,0
21/3/2024,หนองคาย,25.6,0
21/3/2024,อุดรธานี,12.9,0
21/3/2024,สกลนคร,9.2,0
21/3/2024,นครพนม,14.1,0
21/3/2024,หนองบัวลำภู,7.5,0
21/3/2024,บึงกาฬ,7.1,0
22/3/2024,เลย,31.7,7
22/3/2024,หนองคาย,33.3,0
22/3/2024,อุดรธานี,30.3,7
22/3/2024,สกลนคร,26.5,6
22/3/2024,นครพนม,68.5,9
22/3/2024,หนองบัวลำภู,20.4,0
22/3/2024,บึงกาฬ,17.8,0
23/3/2024,เลย,49.6,13
23/3/2024,หนองคาย,33.2,0
23/3/2024,อุดรธานี,37.7,10
23/3/2024,สกลนคร,35.9,7
23/3/2024,นครพนม,69.1,10
23/3/2024,หนองบัวลำภู,35.4,3
23/3/2024,บึงกาฬ,26.1,3
24/3/2024,เลย,40.9,16
24/3/2024,หนองคาย,33.2,0
24/3/2024,อุดรธานี,39.5,2
24/3/2024,สกลนคร,42.1,1
24/3/2024,นครพนม,64.7,0
24/3/2024,หนองบัวลำภู,37.3,0
24/3/2024,บึงกาฬ,38.2,0
25/3/2024,เลย,24.8,74
25/3/2024,หนองคาย,32.9,9
25/3/2024,อุดรธานี,36.9,11
25/3/2024,สกลนคร,40.1,3
25/3/2024,นครพนม,76.3,10
25/3/2024,หนองบัวลำภู,26.9,9
25/3/2024,บึงกาฬ,35,5
26/3/2024,เลย,50.3,13
26/3/2024,หนองคาย,34.2,0
26/3/2024,อุดรธานี,50.3,0
26/3/2024,สกลนคร,47.9,0
26/3/2024,นครพนม,67.8,2
26/3/2024,หนองบัวลำภู,39.4,0
26/3/2024,บึงกาฬ,36,1
27/3/2024,เลย,41.9,21
27/3/2024,หนองคาย,28.7,0
27/3/2024,อุดรธานี,37.8,2
27/3/2024,สกลนคร,45.7,2
27/3/2024,นครพนม,47.6,0
27/3/2024,หนองบัวลำภู,32.5,3
27/3/2024,บึงกาฬ,36.6,0
28/3/2024,เลย,24.7,4
28/3/2024,หนองคาย,28.7,0
28/3/2024,อุดรธานี,30.4,0
28/3/2024,สกลนคร,27.3,2
28/3/2024,นครพนม,81.1,6
28/3/2024,หนองบัวลำภู,25.7,0
28/3/2024,บึงกาฬ,30.1,3
29/3/2024,เลย,26.3,13
29/3/2024,หนองคาย,29.8,0
29/3/2024,อุดรธานี,46,0
29/3/2024,สกลนคร,29.6,9
29/3/2024,นครพนม,71.5,5
29/3/2024,หนองบัวลำภู,47.6,2
29/3/2024,บึงกาฬ,36.1,0
30/3/2024,เลย,30.1,2
30/3/2024,หนองคาย,25.9,0
30/3/2024,อุดรธานี,27.9,3
30/3/2024,สกลนคร,30.4,2
30/3/2024,นครพนม,37.6,3
30/3/2024,หนองบัวลำภู,23.9,1
30/3/2024,บึงกาฬ,39.2,0
31/3/2024,เลย,33.6,7
31/3/2024,หนองคาย,23.6,0
31/3/2024,อุดรธานี,35,10
31/3/2024,สกลนคร,31.2,7
31/3/2024,นครพนม,51.9,2
31/3/2024,หนองบัวลำภู,34.4,4
31/3/2024,บึงกาฬ,26.9,0
