ชื่อข้อมูล,ปี,จังหวัด/อำเภอ, ครัวเรือนเกษตรกร ,หน่วย,เจ้าของข้อมูล
จำนวนเกษตรกรที่ปลูกข้าวนาปรัง,2560,จังหวัดสุพรรณบุรี," 40,860 ",ครัวเรือน,สำนักงานเกษตรจังหวัดสุพรรณบุรี
จำนวนเกษตรกรที่ปลูกข้าวนาปรัง,2560,เมืองสุพรรณบุรี," 6,676 ",ครัวเรือน,สำนักงานเกษตรจังหวัดสุพรรณบุรี
จำนวนเกษตรกรที่ปลูกข้าวนาปรัง,2560,เดิมบางนางบวช," 6,058 ",ครัวเรือน,สำนักงานเกษตรจังหวัดสุพรรณบุรี
จำนวนเกษตรกรที่ปลูกข้าวนาปรัง,2560,ด่านช้าง, 2 ,ครัวเรือน,สำนักงานเกษตรจังหวัดสุพรรณบุรี
จำนวนเกษตรกรที่ปลูกข้าวนาปรัง,2560,บางปลาม้า," 6,909 ",ครัวเรือน,สำนักงานเกษตรจังหวัดสุพรรณบุรี
จำนวนเกษตรกรที่ปลูกข้าวนาปรัง,2560,ศรีประจันต์," 3,440 ",ครัวเรือน,สำนักงานเกษตรจังหวัดสุพรรณบุรี
จำนวนเกษตรกรที่ปลูกข้าวนาปรัง,2560,ดอนเจดีย์, 940 ,ครัวเรือน,สำนักงานเกษตรจังหวัดสุพรรณบุรี
จำนวนเกษตรกรที่ปลูกข้าวนาปรัง,2560,สองพี่น้อง," 6,242 ",ครัวเรือน,สำนักงานเกษตรจังหวัดสุพรรณบุรี
จำนวนเกษตรกรที่ปลูกข้าวนาปรัง,2560,สามชุก," 3,187 ",ครัวเรือน,สำนักงานเกษตรจังหวัดสุพรรณบุรี
จำนวนเกษตรกรที่ปลูกข้าวนาปรัง,2560,อู่ทอง," 5,735 ",ครัวเรือน,สำนักงานเกษตรจังหวัดสุพรรณบุรี
จำนวนเกษตรกรที่ปลูกข้าวนาปรัง,2560,หนองหญ้าไซ," 2,564 ",ครัวเรือน,สำนักงานเกษตรจังหวัดสุพรรณบุรี
จำนวนเกษตรกรที่ปลูกข้าวนาปรัง,2561,จังหวัดสุพรรณบุรี," 42,089 ",ครัวเรือน,สำนักงานเกษตรจังหวัดสุพรรณบุรี
จำนวนเกษตรกรที่ปลูกข้าวนาปรัง,2561,เมืองสุพรรณบุรี," 7,721 ",ครัวเรือน,สำนักงานเกษตรจังหวัดสุพรรณบุรี
จำนวนเกษตรกรที่ปลูกข้าวนาปรัง,2561,เดิมบางนางบวช," 5,367 ",ครัวเรือน,สำนักงานเกษตรจังหวัดสุพรรณบุรี
จำนวนเกษตรกรที่ปลูกข้าวนาปรัง,2561,ด่านช้าง, -   ,ครัวเรือน,สำนักงานเกษตรจังหวัดสุพรรณบุรี
จำนวนเกษตรกรที่ปลูกข้าวนาปรัง,2561,บางปลาม้า," 7,451 ",ครัวเรือน,สำนักงานเกษตรจังหวัดสุพรรณบุรี
จำนวนเกษตรกรที่ปลูกข้าวนาปรัง,2561,ศรีประจันต์," 3,819 ",ครัวเรือน,สำนักงานเกษตรจังหวัดสุพรรณบุรี
จำนวนเกษตรกรที่ปลูกข้าวนาปรัง,2561,ดอนเจดีย์," 1,347 ",ครัวเรือน,สำนักงานเกษตรจังหวัดสุพรรณบุรี
จำนวนเกษตรกรที่ปลูกข้าวนาปรัง,2561,สองพี่น้อง," 6,809 ",ครัวเรือน,สำนักงานเกษตรจังหวัดสุพรรณบุรี
จำนวนเกษตรกรที่ปลูกข้าวนาปรัง,2561,สามชุก," 3,629 ",ครัวเรือน,สำนักงานเกษตรจังหวัดสุพรรณบุรี
จำนวนเกษตรกรที่ปลูกข้าวนาปรัง,2561,อู่ทอง," 6,479 ",ครัวเรือน,สำนักงานเกษตรจังหวัดสุพรรณบุรี
จำนวนเกษตรกรที่ปลูกข้าวนาปรัง,2561,หนองหญ้าไซ, 302 ,ครัวเรือน,สำนักงานเกษตรจังหวัดสุพรรณบุรี
จำนวนเกษตรกรที่ปลูกข้าวนาปรัง,2562,จังหวัดสุพรรณบุรี," 28,619 ",ครัวเรือน,สำนักงานเกษตรจังหวัดสุพรรณบุรี
จำนวนเกษตรกรที่ปลูกข้าวนาปรัง,2562,เมืองสุพรรณบุรี," 4,365 ",ครัวเรือน,สำนักงานเกษตรจังหวัดสุพรรณบุรี
จำนวนเกษตรกรที่ปลูกข้าวนาปรัง,2562,เดิมบางนางบวช," 2,702 ",ครัวเรือน,สำนักงานเกษตรจังหวัดสุพรรณบุรี
จำนวนเกษตรกรที่ปลูกข้าวนาปรัง,2562,ด่านช้าง, 1 ,ครัวเรือน,สำนักงานเกษตรจังหวัดสุพรรณบุรี
จำนวนเกษตรกรที่ปลูกข้าวนาปรัง,2562,บางปลาม้า," 7,680 ",ครัวเรือน,สำนักงานเกษตรจังหวัดสุพรรณบุรี
จำนวนเกษตรกรที่ปลูกข้าวนาปรัง,2562,ศรีประจันต์, 813 ,ครัวเรือน,สำนักงานเกษตรจังหวัดสุพรรณบุรี
จำนวนเกษตรกรที่ปลูกข้าวนาปรัง,2562,ดอนเจดีย์, 12 ,ครัวเรือน,สำนักงานเกษตรจังหวัดสุพรรณบุรี
จำนวนเกษตรกรที่ปลูกข้าวนาปรัง,2562,สองพี่น้อง," 6,995 ",ครัวเรือน,สำนักงานเกษตรจังหวัดสุพรรณบุรี
จำนวนเกษตรกรที่ปลูกข้าวนาปรัง,2562,สามชุก, 392 ,ครัวเรือน,สำนักงานเกษตรจังหวัดสุพรรณบุรี
จำนวนเกษตรกรที่ปลูกข้าวนาปรัง,2562,อู่ทอง," 6,148 ",ครัวเรือน,สำนักงานเกษตรจังหวัดสุพรรณบุรี
จำนวนเกษตรกรที่ปลูกข้าวนาปรัง,2562,หนองหญ้าไซ, 9 ,ครัวเรือน,สำนักงานเกษตรจังหวัดสุพรรณบุรี
จำนวนเกษตรกรที่ปลูกข้าวนาปรัง,2563,จังหวัดสุพรรณบุรี," 35,563 ",ครัวเรือน,สำนักงานเกษตรจังหวัดสุพรรณบุรี
จำนวนเกษตรกรที่ปลูกข้าวนาปรัง,2563,เมืองสุพรรณบุรี," 4,097 ",ครัวเรือน,สำนักงานเกษตรจังหวัดสุพรรณบุรี
จำนวนเกษตรกรที่ปลูกข้าวนาปรัง,2563,เดิมบางนางบวช," 5,236 ",ครัวเรือน,สำนักงานเกษตรจังหวัดสุพรรณบุรี
จำนวนเกษตรกรที่ปลูกข้าวนาปรัง,2563,ด่านช้าง, 1 ,ครัวเรือน,สำนักงานเกษตรจังหวัดสุพรรณบุรี
จำนวนเกษตรกรที่ปลูกข้าวนาปรัง,2563,บางปลาม้า," 7,701 ",ครัวเรือน,สำนักงานเกษตรจังหวัดสุพรรณบุรี
จำนวนเกษตรกรที่ปลูกข้าวนาปรัง,2563,ศรีประจันต์," 1,672 ",ครัวเรือน,สำนักงานเกษตรจังหวัดสุพรรณบุรี
จำนวนเกษตรกรที่ปลูกข้าวนาปรัง,2563,ดอนเจดีย์, 121 ,ครัวเรือน,สำนักงานเกษตรจังหวัดสุพรรณบุรี
จำนวนเกษตรกรที่ปลูกข้าวนาปรัง,2563,สองพี่น้อง," 6,957 ",ครัวเรือน,สำนักงานเกษตรจังหวัดสุพรรณบุรี
จำนวนเกษตรกรที่ปลูกข้าวนาปรัง,2563,สามชุก," 2,401 ",ครัวเรือน,สำนักงานเกษตรจังหวัดสุพรรณบุรี
จำนวนเกษตรกรที่ปลูกข้าวนาปรัง,2563,อู่ทอง," 5,502 ",ครัวเรือน,สำนักงานเกษตรจังหวัดสุพรรณบุรี
จำนวนเกษตรกรที่ปลูกข้าวนาปรัง,2563,หนองหญ้าไซ," 2,602 ",ครัวเรือน,สำนักงานเกษตรจังหวัดสุพรรณบุรี
จำนวนเกษตรกรที่ปลูกข้าวนาปรัง,2564,จังหวัดสุพรรณบุรี," 39,602 ",ครัวเรือน,สำนักงานเกษตรจังหวัดสุพรรณบุรี
จำนวนเกษตรกรที่ปลูกข้าวนาปรัง,2564,เมืองสุพรรณบุรี," 6,616 ",ครัวเรือน,สำนักงานเกษตรจังหวัดสุพรรณบุรี
จำนวนเกษตรกรที่ปลูกข้าวนาปรัง,2564,เดิมบางนางบวช," 5,460 ",ครัวเรือน,สำนักงานเกษตรจังหวัดสุพรรณบุรี
จำนวนเกษตรกรที่ปลูกข้าวนาปรัง,2564,ด่านช้าง, -   ,ครัวเรือน,สำนักงานเกษตรจังหวัดสุพรรณบุรี
จำนวนเกษตรกรที่ปลูกข้าวนาปรัง,2564,บางปลาม้า," 7,764 ",ครัวเรือน,สำนักงานเกษตรจังหวัดสุพรรณบุรี
จำนวนเกษตรกรที่ปลูกข้าวนาปรัง,2564,ศรีประจันต์," 2,181 ",ครัวเรือน,สำนักงานเกษตรจังหวัดสุพรรณบุรี
จำนวนเกษตรกรที่ปลูกข้าวนาปรัง,2564,ดอนเจดีย์, 754 ,ครัวเรือน,สำนักงานเกษตรจังหวัดสุพรรณบุรี
จำนวนเกษตรกรที่ปลูกข้าวนาปรัง,2564,สองพี่น้อง," 6,880 ",ครัวเรือน,สำนักงานเกษตรจังหวัดสุพรรณบุรี
จำนวนเกษตรกรที่ปลูกข้าวนาปรัง,2564,สามชุก," 2,660 ",ครัวเรือน,สำนักงานเกษตรจังหวัดสุพรรณบุรี
จำนวนเกษตรกรที่ปลูกข้าวนาปรัง,2564,อู่ทอง," 5,699 ",ครัวเรือน,สำนักงานเกษตรจังหวัดสุพรรณบุรี
จำนวนเกษตรกรที่ปลูกข้าวนาปรัง,2564,หนองหญ้าไซ," 2,497 ",ครัวเรือน,สำนักงานเกษตรจังหวัดสุพรรณบุรี
จำนวนเกษตรกรที่ปลูกข้าวนาปรัง,2565,จังหวัดสุพรรณบุรี," 37,057 ",ครัวเรือน,สำนักงานเกษตรจังหวัดสุพรรณบุรี
จำนวนเกษตรกรที่ปลูกข้าวนาปรัง,2565,เมืองสุพรรณบุรี," 6,841 ",ครัวเรือน,สำนักงานเกษตรจังหวัดสุพรรณบุรี
จำนวนเกษตรกรที่ปลูกข้าวนาปรัง,2565,เดิมบางนางบวช," 5,165 ",ครัวเรือน,สำนักงานเกษตรจังหวัดสุพรรณบุรี
จำนวนเกษตรกรที่ปลูกข้าวนาปรัง,2565,ด่านช้าง, -   ,ครัวเรือน,สำนักงานเกษตรจังหวัดสุพรรณบุรี
จำนวนเกษตรกรที่ปลูกข้าวนาปรัง,2565,บางปลาม้า," 7,756 ",ครัวเรือน,สำนักงานเกษตรจังหวัดสุพรรณบุรี
จำนวนเกษตรกรที่ปลูกข้าวนาปรัง,2565,ศรีประจันต์," 1,365 ",ครัวเรือน,สำนักงานเกษตรจังหวัดสุพรรณบุรี
จำนวนเกษตรกรที่ปลูกข้าวนาปรัง,2565,ดอนเจดีย์, 312 ,ครัวเรือน,สำนักงานเกษตรจังหวัดสุพรรณบุรี
จำนวนเกษตรกรที่ปลูกข้าวนาปรัง,2565,สองพี่น้อง," 6,732 ",ครัวเรือน,สำนักงานเกษตรจังหวัดสุพรรณบุรี
จำนวนเกษตรกรที่ปลูกข้าวนาปรัง,2565,สามชุก," 1,598 ",ครัวเรือน,สำนักงานเกษตรจังหวัดสุพรรณบุรี
จำนวนเกษตรกรที่ปลูกข้าวนาปรัง,2565,อู่ทอง," 5,651 ",ครัวเรือน,สำนักงานเกษตรจังหวัดสุพรรณบุรี
จำนวนเกษตรกรที่ปลูกข้าวนาปรัง,2565,หนองหญ้าไซ," 2,441 ",ครัวเรือน,สำนักงานเกษตรจังหวัดสุพรรณบุรี
จำนวนเกษตรกรที่ปลูกข้าวนาปรัง,2566,จังหวัดสุพรรณบุรี," 30,377 ",ครัวเรือน,สำนักงานเกษตรจังหวัดสุพรรณบุรี
จำนวนเกษตรกรที่ปลูกข้าวนาปรัง,2566,เมืองสุพรรณบุรี," 5,758 ",ครัวเรือน,สำนักงานเกษตรจังหวัดสุพรรณบุรี
จำนวนเกษตรกรที่ปลูกข้าวนาปรัง,2566,เดิมบางนางบวช," 2,996 ",ครัวเรือน,สำนักงานเกษตรจังหวัดสุพรรณบุรี
จำนวนเกษตรกรที่ปลูกข้าวนาปรัง,2566,ด่านช้าง, 1 ,ครัวเรือน,สำนักงานเกษตรจังหวัดสุพรรณบุรี
จำนวนเกษตรกรที่ปลูกข้าวนาปรัง,2566,บางปลาม้า," 7,875 ",ครัวเรือน,สำนักงานเกษตรจังหวัดสุพรรณบุรี
จำนวนเกษตรกรที่ปลูกข้าวนาปรัง,2566,ศรีประจันต์," 1,022 ",ครัวเรือน,สำนักงานเกษตรจังหวัดสุพรรณบุรี
จำนวนเกษตรกรที่ปลูกข้าวนาปรัง,2566,ดอนเจดีย์, 173 ,ครัวเรือน,สำนักงานเกษตรจังหวัดสุพรรณบุรี
จำนวนเกษตรกรที่ปลูกข้าวนาปรัง,2566,สองพี่น้อง," 6,736 ",ครัวเรือน,สำนักงานเกษตรจังหวัดสุพรรณบุรี
จำนวนเกษตรกรที่ปลูกข้าวนาปรัง,2566,สามชุก, 496 ,ครัวเรือน,สำนักงานเกษตรจังหวัดสุพรรณบุรี
จำนวนเกษตรกรที่ปลูกข้าวนาปรัง,2566,อู่ทอง," 5,809 ",ครัวเรือน,สำนักงานเกษตรจังหวัดสุพรรณบุรี
จำนวนเกษตรกรที่ปลูกข้าวนาปรัง,2566,หนองหญ้าไซ, 112 ,ครัวเรือน,สำนักงานเกษตรจังหวัดสุพรรณบุรี
จำนวนเกษตรกรที่ปลูกข้าวนาปรัง,2567,จังหวัดสุพรรณบุรี," 47,332 ",ครัวเรือน,สำนักงานเกษตรจังหวัดสุพรรณบุรี
จำนวนเกษตรกรที่ปลูกข้าวนาปรัง,2567,เมืองสุพรรณบุรี," 6,960 ",ครัวเรือน,สำนักงานเกษตรจังหวัดสุพรรณบุรี
จำนวนเกษตรกรที่ปลูกข้าวนาปรัง,2567,เดิมบางนางบวช," 7,120 ",ครัวเรือน,สำนักงานเกษตรจังหวัดสุพรรณบุรี
จำนวนเกษตรกรที่ปลูกข้าวนาปรัง,2567,ด่านช้าง, 5 ,ครัวเรือน,สำนักงานเกษตรจังหวัดสุพรรณบุรี
จำนวนเกษตรกรที่ปลูกข้าวนาปรัง,2567,บางปลาม้า," 8,105 ",ครัวเรือน,สำนักงานเกษตรจังหวัดสุพรรณบุรี
จำนวนเกษตรกรที่ปลูกข้าวนาปรัง,2567,ศรีประจันต์," 3,392 ",ครัวเรือน,สำนักงานเกษตรจังหวัดสุพรรณบุรี
จำนวนเกษตรกรที่ปลูกข้าวนาปรัง,2567,ดอนเจดีย์, 993 ,ครัวเรือน,สำนักงานเกษตรจังหวัดสุพรรณบุรี
จำนวนเกษตรกรที่ปลูกข้าวนาปรัง,2567,สองพี่น้อง," 7,296 ",ครัวเรือน,สำนักงานเกษตรจังหวัดสุพรรณบุรี
จำนวนเกษตรกรที่ปลูกข้าวนาปรัง,2567,สามชุก," 4,814 ",ครัวเรือน,สำนักงานเกษตรจังหวัดสุพรรณบุรี
จำนวนเกษตรกรที่ปลูกข้าวนาปรัง,2567,อู่ทอง," 6,603 ",ครัวเรือน,สำนักงานเกษตรจังหวัดสุพรรณบุรี
จำนวนเกษตรกรที่ปลูกข้าวนาปรัง,2567,หนองหญ้าไซ," 3,008 ",ครัวเรือน,สำนักงานเกษตรจังหวัดสุพรรณบุรี
