year,Province,Amphone,district,Item,  Value ,Unit,Source
2560,จังหวัดสิงห์บุรี,อำเภอเมืองสิงห์บุรี,ต.บางพุทรา,จำนวนเกษตรกรผู้ปลูกข้าว,1,ราย,สำนักงานเกษตรจังหวัดสิงห์บุรี
2560,จังหวัดสิงห์บุรี,อำเภอเมืองสิงห์บุรี,ต.บางมัญ,จำนวนเกษตรกรผู้ปลูกข้าว,299,ราย,สำนักงานเกษตรจังหวัดสิงห์บุรี
2560,จังหวัดสิงห์บุรี,อำเภอเมืองสิงห์บุรี,ต.โพกรวม,จำนวนเกษตรกรผู้ปลูกข้าว,316,ราย,สำนักงานเกษตรจังหวัดสิงห์บุรี
2560,จังหวัดสิงห์บุรี,อำเภอเมืองสิงห์บุรี,ต.ม่วงหมู่,จำนวนเกษตรกรผู้ปลูกข้าว,80,ราย,สำนักงานเกษตรจังหวัดสิงห์บุรี
2560,จังหวัดสิงห์บุรี,อำเภอเมืองสิงห์บุรี,ต.หัวไผ่,จำนวนเกษตรกรผู้ปลูกข้าว,474,ราย,สำนักงานเกษตรจังหวัดสิงห์บุรี
2560,จังหวัดสิงห์บุรี,อำเภอเมืองสิงห์บุรี,ต.ต้นโพธิ์,จำนวนเกษตรกรผู้ปลูกข้าว,150,ราย,สำนักงานเกษตรจังหวัดสิงห์บุรี
2560,จังหวัดสิงห์บุรี,อำเภอเมืองสิงห์บุรี,ต.จักรสีห์,จำนวนเกษตรกรผู้ปลูกข้าว,189,ราย,สำนักงานเกษตรจังหวัดสิงห์บุรี
2560,จังหวัดสิงห์บุรี,อำเภอเมืองสิงห์บุรี,ต.บางกระบือ,จำนวนเกษตรกรผู้ปลูกข้าว,402,ราย,สำนักงานเกษตรจังหวัดสิงห์บุรี
2560,จังหวัดสิงห์บุรี,อำเภอบางระจัน,ต.สิงห์,จำนวนเกษตรกรผู้ปลูกข้าว,371,ราย,สำนักงานเกษตรจังหวัดสิงห์บุรี
2560,จังหวัดสิงห์บุรี,อำเภอบางระจัน,ต.ไม้ดัด,จำนวนเกษตรกรผู้ปลูกข้าว,458,ราย,สำนักงานเกษตรจังหวัดสิงห์บุรี
2560,จังหวัดสิงห์บุรี,อำเภอบางระจัน,ต.เชิงกลัด,จำนวนเกษตรกรผู้ปลูกข้าว,453,ราย,สำนักงานเกษตรจังหวัดสิงห์บุรี
2560,จังหวัดสิงห์บุรี,อำเภอบางระจัน,ต.โพชนไก่,จำนวนเกษตรกรผู้ปลูกข้าว,423,ราย,สำนักงานเกษตรจังหวัดสิงห์บุรี
2560,จังหวัดสิงห์บุรี,อำเภอบางระจัน,ต.แม่ลา,จำนวนเกษตรกรผู้ปลูกข้าว,344,ราย,สำนักงานเกษตรจังหวัดสิงห์บุรี
2560,จังหวัดสิงห์บุรี,อำเภอบางระจัน,ต.บ้านจ่า,จำนวนเกษตรกรผู้ปลูกข้าว,368,ราย,สำนักงานเกษตรจังหวัดสิงห์บุรี
2560,จังหวัดสิงห์บุรี,อำเภอบางระจัน,ต.พักทัน,จำนวนเกษตรกรผู้ปลูกข้าว,655,ราย,สำนักงานเกษตรจังหวัดสิงห์บุรี
2560,จังหวัดสิงห์บุรี,อำเภอบางระจัน,ต.สระแจง,จำนวนเกษตรกรผู้ปลูกข้าว,475,ราย,สำนักงานเกษตรจังหวัดสิงห์บุรี
2560,จังหวัดสิงห์บุรี,อำเภอค่ายบางระจัน,ต.โพทะเล,จำนวนเกษตรกรผู้ปลูกข้าว,448,ราย,สำนักงานเกษตรจังหวัดสิงห์บุรี
2560,จังหวัดสิงห์บุรี,อำเภอค่ายบางระจัน,ต.บางระจัน,จำนวนเกษตรกรผู้ปลูกข้าว,424,ราย,สำนักงานเกษตรจังหวัดสิงห์บุรี
2560,จังหวัดสิงห์บุรี,อำเภอค่ายบางระจัน,ต.โพสังโฆ,จำนวนเกษตรกรผู้ปลูกข้าว,289,ราย,สำนักงานเกษตรจังหวัดสิงห์บุรี
2560,จังหวัดสิงห์บุรี,อำเภอค่ายบางระจัน,ต.ท่าข้าม,จำนวนเกษตรกรผู้ปลูกข้าว,128,ราย,สำนักงานเกษตรจังหวัดสิงห์บุรี
2560,จังหวัดสิงห์บุรี,อำเภอค่ายบางระจัน,ต.คอทราย,จำนวนเกษตรกรผู้ปลูกข้าว,345,ราย,สำนักงานเกษตรจังหวัดสิงห์บุรี
2560,จังหวัดสิงห์บุรี,อำเภอค่ายบางระจัน,ต.หนองกระทุ่ม,จำนวนเกษตรกรผู้ปลูกข้าว,226,ราย,สำนักงานเกษตรจังหวัดสิงห์บุรี
2560,จังหวัดสิงห์บุรี,อำเภอพรหมบุรี,ต.พระงาม,จำนวนเกษตรกรผู้ปลูกข้าว,118,ราย,สำนักงานเกษตรจังหวัดสิงห์บุรี
2560,จังหวัดสิงห์บุรี,อำเภอพรหมบุรี,ต.พรหมบุรี,จำนวนเกษตรกรผู้ปลูกข้าว,85,ราย,สำนักงานเกษตรจังหวัดสิงห์บุรี
2560,จังหวัดสิงห์บุรี,อำเภอพรหมบุรี,ต.บางน้ำเชี่ยว,จำนวนเกษตรกรผู้ปลูกข้าว,111,ราย,สำนักงานเกษตรจังหวัดสิงห์บุรี
2560,จังหวัดสิงห์บุรี,อำเภอพรหมบุรี,ต.บ้านหม้อ,จำนวนเกษตรกรผู้ปลูกข้าว,272,ราย,สำนักงานเกษตรจังหวัดสิงห์บุรี
2560,จังหวัดสิงห์บุรี,อำเภอพรหมบุรี,ต.บ้านแป้ง,จำนวนเกษตรกรผู้ปลูกข้าว,130,ราย,สำนักงานเกษตรจังหวัดสิงห์บุรี
2560,จังหวัดสิงห์บุรี,อำเภอพรหมบุรี,ต.หัวป่า,จำนวนเกษตรกรผู้ปลูกข้าว,115,ราย,สำนักงานเกษตรจังหวัดสิงห์บุรี
2560,จังหวัดสิงห์บุรี,อำเภอพรหมบุรี,ต.โรงช้าง,จำนวนเกษตรกรผู้ปลูกข้าว,94,ราย,สำนักงานเกษตรจังหวัดสิงห์บุรี
2560,จังหวัดสิงห์บุรี,อำเภอท่าช้าง,ต.ถอนสมอ,จำนวนเกษตรกรผู้ปลูกข้าว,176,ราย,สำนักงานเกษตรจังหวัดสิงห์บุรี
2560,จังหวัดสิงห์บุรี,อำเภอท่าช้าง,ต.โพประจักษ์,จำนวนเกษตรกรผู้ปลูกข้าว,336,ราย,สำนักงานเกษตรจังหวัดสิงห์บุรี
2560,จังหวัดสิงห์บุรี,อำเภอท่าช้าง,ต.วิหารขาว,จำนวนเกษตรกรผู้ปลูกข้าว,129,ราย,สำนักงานเกษตรจังหวัดสิงห์บุรี
2560,จังหวัดสิงห์บุรี,อำเภอท่าช้าง,ต.พิกุลทอง,จำนวนเกษตรกรผู้ปลูกข้าว,110,ราย,สำนักงานเกษตรจังหวัดสิงห์บุรี
2560,จังหวัดสิงห์บุรี,อำเภออินทร์บุรี,ต.อินทร์บุรี,จำนวนเกษตรกรผู้ปลูกข้าว,188,ราย,สำนักงานเกษตรจังหวัดสิงห์บุรี
2560,จังหวัดสิงห์บุรี,อำเภออินทร์บุรี,ต.ประศุก,จำนวนเกษตรกรผู้ปลูกข้าว,573,ราย,สำนักงานเกษตรจังหวัดสิงห์บุรี
2560,จังหวัดสิงห์บุรี,อำเภออินทร์บุรี,ต.ทับยา,จำนวนเกษตรกรผู้ปลูกข้าว,409,ราย,สำนักงานเกษตรจังหวัดสิงห์บุรี
2560,จังหวัดสิงห์บุรี,อำเภออินทร์บุรี,ต.งิ้วราย,จำนวนเกษตรกรผู้ปลูกข้าว,525,ราย,สำนักงานเกษตรจังหวัดสิงห์บุรี
2560,จังหวัดสิงห์บุรี,อำเภออินทร์บุรี,ต.ชีน้ำร้าย,จำนวนเกษตรกรผู้ปลูกข้าว,474,ราย,สำนักงานเกษตรจังหวัดสิงห์บุรี
2560,จังหวัดสิงห์บุรี,อำเภออินทร์บุรี,ต.ท่างาม,จำนวนเกษตรกรผู้ปลูกข้าว,338,ราย,สำนักงานเกษตรจังหวัดสิงห์บุรี
2560,จังหวัดสิงห์บุรี,อำเภออินทร์บุรี,ต.น้ำตาล,จำนวนเกษตรกรผู้ปลูกข้าว,438,ราย,สำนักงานเกษตรจังหวัดสิงห์บุรี
2560,จังหวัดสิงห์บุรี,อำเภออินทร์บุรี,ต.ทองเอน,จำนวนเกษตรกรผู้ปลูกข้าว,739,ราย,สำนักงานเกษตรจังหวัดสิงห์บุรี
2560,จังหวัดสิงห์บุรี,อำเภออินทร์บุรี,ต.ห้วยชัน,จำนวนเกษตรกรผู้ปลูกข้าว,907,ราย,สำนักงานเกษตรจังหวัดสิงห์บุรี
2560,จังหวัดสิงห์บุรี,อำเภออินทร์บุรี,ต.โพธิ์ชัย,จำนวนเกษตรกรผู้ปลูกข้าว,482,ราย,สำนักงานเกษตรจังหวัดสิงห์บุรี
2561,จังหวัดสิงห์บุรี,อำเภอเมืองสิงห์บุรี,ต.บางพุทรา,จำนวนเกษตรกรผู้ปลูกข้าว,0,ราย,สำนักงานเกษตรจังหวัดสิงห์บุรี
2561,จังหวัดสิงห์บุรี,อำเภอเมืองสิงห์บุรี,ต.บางมัญ,จำนวนเกษตรกรผู้ปลูกข้าว,318,ราย,สำนักงานเกษตรจังหวัดสิงห์บุรี
2561,จังหวัดสิงห์บุรี,อำเภอเมืองสิงห์บุรี,ต.โพกรวม,จำนวนเกษตรกรผู้ปลูกข้าว,326,ราย,สำนักงานเกษตรจังหวัดสิงห์บุรี
2561,จังหวัดสิงห์บุรี,อำเภอเมืองสิงห์บุรี,ต.ม่วงหมู่,จำนวนเกษตรกรผู้ปลูกข้าว,84,ราย,สำนักงานเกษตรจังหวัดสิงห์บุรี
2561,จังหวัดสิงห์บุรี,อำเภอเมืองสิงห์บุรี,ต.หัวไผ่,จำนวนเกษตรกรผู้ปลูกข้าว,479,ราย,สำนักงานเกษตรจังหวัดสิงห์บุรี
2561,จังหวัดสิงห์บุรี,อำเภอเมืองสิงห์บุรี,ต.ต้นโพธิ์,จำนวนเกษตรกรผู้ปลูกข้าว,189,ราย,สำนักงานเกษตรจังหวัดสิงห์บุรี
2561,จังหวัดสิงห์บุรี,อำเภอเมืองสิงห์บุรี,ต.จักรสีห์,จำนวนเกษตรกรผู้ปลูกข้าว,206,ราย,สำนักงานเกษตรจังหวัดสิงห์บุรี
2561,จังหวัดสิงห์บุรี,อำเภอเมืองสิงห์บุรี,ต.บางกระบือ,จำนวนเกษตรกรผู้ปลูกข้าว,47,ราย,สำนักงานเกษตรจังหวัดสิงห์บุรี
2561,จังหวัดสิงห์บุรี,อำเภอบางระจัน,ต.สิงห์,จำนวนเกษตรกรผู้ปลูกข้าว,391,ราย,สำนักงานเกษตรจังหวัดสิงห์บุรี
2561,จังหวัดสิงห์บุรี,อำเภอบางระจัน,ต.ไม้ดัด,จำนวนเกษตรกรผู้ปลูกข้าว,478,ราย,สำนักงานเกษตรจังหวัดสิงห์บุรี
2561,จังหวัดสิงห์บุรี,อำเภอบางระจัน,ต.เชิงกลัด,จำนวนเกษตรกรผู้ปลูกข้าว,463,ราย,สำนักงานเกษตรจังหวัดสิงห์บุรี
2561,จังหวัดสิงห์บุรี,อำเภอบางระจัน,ต.โพชนไก่,จำนวนเกษตรกรผู้ปลูกข้าว,403,ราย,สำนักงานเกษตรจังหวัดสิงห์บุรี
2561,จังหวัดสิงห์บุรี,อำเภอบางระจัน,ต.แม่ลา,จำนวนเกษตรกรผู้ปลูกข้าว,355,ราย,สำนักงานเกษตรจังหวัดสิงห์บุรี
2561,จังหวัดสิงห์บุรี,อำเภอบางระจัน,ต.บ้านจ่า,จำนวนเกษตรกรผู้ปลูกข้าว,400,ราย,สำนักงานเกษตรจังหวัดสิงห์บุรี
2561,จังหวัดสิงห์บุรี,อำเภอบางระจัน,ต.พักทัน,จำนวนเกษตรกรผู้ปลูกข้าว,704,ราย,สำนักงานเกษตรจังหวัดสิงห์บุรี
2561,จังหวัดสิงห์บุรี,อำเภอบางระจัน,ต.สระแจง,จำนวนเกษตรกรผู้ปลูกข้าว,487,ราย,สำนักงานเกษตรจังหวัดสิงห์บุรี
2561,จังหวัดสิงห์บุรี,อำเภอค่ายบางระจัน,ต.โพทะเล,จำนวนเกษตรกรผู้ปลูกข้าว,479,ราย,สำนักงานเกษตรจังหวัดสิงห์บุรี
2561,จังหวัดสิงห์บุรี,อำเภอค่ายบางระจัน,ต.บางระจัน,จำนวนเกษตรกรผู้ปลูกข้าว,462,ราย,สำนักงานเกษตรจังหวัดสิงห์บุรี
2561,จังหวัดสิงห์บุรี,อำเภอค่ายบางระจัน,ต.โพสังโฆ,จำนวนเกษตรกรผู้ปลูกข้าว,315,ราย,สำนักงานเกษตรจังหวัดสิงห์บุรี
2561,จังหวัดสิงห์บุรี,อำเภอค่ายบางระจัน,ต.ท่าข้าม,จำนวนเกษตรกรผู้ปลูกข้าว,125,ราย,สำนักงานเกษตรจังหวัดสิงห์บุรี
2561,จังหวัดสิงห์บุรี,อำเภอค่ายบางระจัน,ต.คอทราย,จำนวนเกษตรกรผู้ปลูกข้าว,343,ราย,สำนักงานเกษตรจังหวัดสิงห์บุรี
2561,จังหวัดสิงห์บุรี,อำเภอค่ายบางระจัน,ต.หนองกระทุ่ม,จำนวนเกษตรกรผู้ปลูกข้าว,238,ราย,สำนักงานเกษตรจังหวัดสิงห์บุรี
2561,จังหวัดสิงห์บุรี,อำเภอพรหมบุรี,ต.พระงาม,จำนวนเกษตรกรผู้ปลูกข้าว,174,ราย,สำนักงานเกษตรจังหวัดสิงห์บุรี
2561,จังหวัดสิงห์บุรี,อำเภอพรหมบุรี,ต.พรหมบุรี,จำนวนเกษตรกรผู้ปลูกข้าว,84,ราย,สำนักงานเกษตรจังหวัดสิงห์บุรี
2561,จังหวัดสิงห์บุรี,อำเภอพรหมบุรี,ต.บางน้ำเชี่ยว,จำนวนเกษตรกรผู้ปลูกข้าว,123,ราย,สำนักงานเกษตรจังหวัดสิงห์บุรี
2561,จังหวัดสิงห์บุรี,อำเภอพรหมบุรี,ต.บ้านหม้อ,จำนวนเกษตรกรผู้ปลูกข้าว,290,ราย,สำนักงานเกษตรจังหวัดสิงห์บุรี
2561,จังหวัดสิงห์บุรี,อำเภอพรหมบุรี,ต.บ้านแป้ง,จำนวนเกษตรกรผู้ปลูกข้าว,130,ราย,สำนักงานเกษตรจังหวัดสิงห์บุรี
2561,จังหวัดสิงห์บุรี,อำเภอพรหมบุรี,ต.หัวป่า,จำนวนเกษตรกรผู้ปลูกข้าว,129,ราย,สำนักงานเกษตรจังหวัดสิงห์บุรี
2561,จังหวัดสิงห์บุรี,อำเภอพรหมบุรี,ต.โรงช้าง,จำนวนเกษตรกรผู้ปลูกข้าว,106,ราย,สำนักงานเกษตรจังหวัดสิงห์บุรี
2561,จังหวัดสิงห์บุรี,อำเภอท่าช้าง,ต.ถอนสมอ,จำนวนเกษตรกรผู้ปลูกข้าว,186,ราย,สำนักงานเกษตรจังหวัดสิงห์บุรี
2561,จังหวัดสิงห์บุรี,อำเภอท่าช้าง,ต.โพประจักษ์,จำนวนเกษตรกรผู้ปลูกข้าว,366,ราย,สำนักงานเกษตรจังหวัดสิงห์บุรี
2561,จังหวัดสิงห์บุรี,อำเภอท่าช้าง,ต.วิหารขาว,จำนวนเกษตรกรผู้ปลูกข้าว,136,ราย,สำนักงานเกษตรจังหวัดสิงห์บุรี
2561,จังหวัดสิงห์บุรี,อำเภอท่าช้าง,ต.พิกุลทอง,จำนวนเกษตรกรผู้ปลูกข้าว,143,ราย,สำนักงานเกษตรจังหวัดสิงห์บุรี
2561,จังหวัดสิงห์บุรี,อำเภออินทร์บุรี,ต.อินทร์บุรี,จำนวนเกษตรกรผู้ปลูกข้าว,192,ราย,สำนักงานเกษตรจังหวัดสิงห์บุรี
2561,จังหวัดสิงห์บุรี,อำเภออินทร์บุรี,ต.ประศุก,จำนวนเกษตรกรผู้ปลูกข้าว,609,ราย,สำนักงานเกษตรจังหวัดสิงห์บุรี
2561,จังหวัดสิงห์บุรี,อำเภออินทร์บุรี,ต.ทับยา,จำนวนเกษตรกรผู้ปลูกข้าว,430,ราย,สำนักงานเกษตรจังหวัดสิงห์บุรี
2561,จังหวัดสิงห์บุรี,อำเภออินทร์บุรี,ต.งิ้วราย,จำนวนเกษตรกรผู้ปลูกข้าว,532,ราย,สำนักงานเกษตรจังหวัดสิงห์บุรี
2561,จังหวัดสิงห์บุรี,อำเภออินทร์บุรี,ต.ชีน้ำร้าย,จำนวนเกษตรกรผู้ปลูกข้าว,521,ราย,สำนักงานเกษตรจังหวัดสิงห์บุรี
2561,จังหวัดสิงห์บุรี,อำเภออินทร์บุรี,ต.ท่างาม,จำนวนเกษตรกรผู้ปลูกข้าว,347,ราย,สำนักงานเกษตรจังหวัดสิงห์บุรี
2561,จังหวัดสิงห์บุรี,อำเภออินทร์บุรี,ต.น้ำตาล,จำนวนเกษตรกรผู้ปลูกข้าว,467,ราย,สำนักงานเกษตรจังหวัดสิงห์บุรี
2561,จังหวัดสิงห์บุรี,อำเภออินทร์บุรี,ต.ทองเอน,จำนวนเกษตรกรผู้ปลูกข้าว,779,ราย,สำนักงานเกษตรจังหวัดสิงห์บุรี
2561,จังหวัดสิงห์บุรี,อำเภออินทร์บุรี,ต.ห้วยชัน,จำนวนเกษตรกรผู้ปลูกข้าว,914,ราย,สำนักงานเกษตรจังหวัดสิงห์บุรี
2561,จังหวัดสิงห์บุรี,อำเภออินทร์บุรี,ต.โพธิ์ชัย,จำนวนเกษตรกรผู้ปลูกข้าว,526,ราย,สำนักงานเกษตรจังหวัดสิงห์บุรี
2562,จังหวัดสิงห์บุรี,อำเภอเมืองสิงห์บุรี,ต.บางพุทรา,จำนวนเกษตรกรผู้ปลูกข้าว,0,ราย,สำนักงานเกษตรจังหวัดสิงห์บุรี
2562,จังหวัดสิงห์บุรี,อำเภอเมืองสิงห์บุรี,ต.บางมัญ,จำนวนเกษตรกรผู้ปลูกข้าว,347,ราย,สำนักงานเกษตรจังหวัดสิงห์บุรี
2562,จังหวัดสิงห์บุรี,อำเภอเมืองสิงห์บุรี,ต.โพกรวม,จำนวนเกษตรกรผู้ปลูกข้าว,345,ราย,สำนักงานเกษตรจังหวัดสิงห์บุรี
2562,จังหวัดสิงห์บุรี,อำเภอเมืองสิงห์บุรี,ต.ม่วงหมู่,จำนวนเกษตรกรผู้ปลูกข้าว,86,ราย,สำนักงานเกษตรจังหวัดสิงห์บุรี
2562,จังหวัดสิงห์บุรี,อำเภอเมืองสิงห์บุรี,ต.หัวไผ่,จำนวนเกษตรกรผู้ปลูกข้าว,536,ราย,สำนักงานเกษตรจังหวัดสิงห์บุรี
2562,จังหวัดสิงห์บุรี,อำเภอเมืองสิงห์บุรี,ต.ต้นโพธิ์,จำนวนเกษตรกรผู้ปลูกข้าว,203,ราย,สำนักงานเกษตรจังหวัดสิงห์บุรี
2562,จังหวัดสิงห์บุรี,อำเภอเมืองสิงห์บุรี,ต.จักรสีห์,จำนวนเกษตรกรผู้ปลูกข้าว,218,ราย,สำนักงานเกษตรจังหวัดสิงห์บุรี
2562,จังหวัดสิงห์บุรี,อำเภอเมืองสิงห์บุรี,ต.บางกระบือ,จำนวนเกษตรกรผู้ปลูกข้าว,417,ราย,สำนักงานเกษตรจังหวัดสิงห์บุรี
2562,จังหวัดสิงห์บุรี,อำเภอบางระจัน,ต.สิงห์,จำนวนเกษตรกรผู้ปลูกข้าว,146,ราย,สำนักงานเกษตรจังหวัดสิงห์บุรี
2562,จังหวัดสิงห์บุรี,อำเภอบางระจัน,ต.ไม้ดัด,จำนวนเกษตรกรผู้ปลูกข้าว,537,ราย,สำนักงานเกษตรจังหวัดสิงห์บุรี
2562,จังหวัดสิงห์บุรี,อำเภอบางระจัน,ต.เชิงกลัด,จำนวนเกษตรกรผู้ปลูกข้าว,494,ราย,สำนักงานเกษตรจังหวัดสิงห์บุรี
2562,จังหวัดสิงห์บุรี,อำเภอบางระจัน,ต.โพชนไก่,จำนวนเกษตรกรผู้ปลูกข้าว,420,ราย,สำนักงานเกษตรจังหวัดสิงห์บุรี
2562,จังหวัดสิงห์บุรี,อำเภอบางระจัน,ต.แม่ลา,จำนวนเกษตรกรผู้ปลูกข้าว,363,ราย,สำนักงานเกษตรจังหวัดสิงห์บุรี
2562,จังหวัดสิงห์บุรี,อำเภอบางระจัน,ต.บ้านจ่า,จำนวนเกษตรกรผู้ปลูกข้าว,451,ราย,สำนักงานเกษตรจังหวัดสิงห์บุรี
2562,จังหวัดสิงห์บุรี,อำเภอบางระจัน,ต.พักทัน,จำนวนเกษตรกรผู้ปลูกข้าว,756,ราย,สำนักงานเกษตรจังหวัดสิงห์บุรี
2562,จังหวัดสิงห์บุรี,อำเภอบางระจัน,ต.สระแจง,จำนวนเกษตรกรผู้ปลูกข้าว,565,ราย,สำนักงานเกษตรจังหวัดสิงห์บุรี
2562,จังหวัดสิงห์บุรี,อำเภอค่ายบางระจัน,ต.โพทะเล,จำนวนเกษตรกรผู้ปลูกข้าว,519,ราย,สำนักงานเกษตรจังหวัดสิงห์บุรี
2562,จังหวัดสิงห์บุรี,อำเภอค่ายบางระจัน,ต.บางระจัน,จำนวนเกษตรกรผู้ปลูกข้าว,486,ราย,สำนักงานเกษตรจังหวัดสิงห์บุรี
2562,จังหวัดสิงห์บุรี,อำเภอค่ายบางระจัน,ต.โพสังโฆ,จำนวนเกษตรกรผู้ปลูกข้าว,331,ราย,สำนักงานเกษตรจังหวัดสิงห์บุรี
2562,จังหวัดสิงห์บุรี,อำเภอค่ายบางระจัน,ต.ท่าข้าม,จำนวนเกษตรกรผู้ปลูกข้าว,132,ราย,สำนักงานเกษตรจังหวัดสิงห์บุรี
2562,จังหวัดสิงห์บุรี,อำเภอค่ายบางระจัน,ต.คอทราย,จำนวนเกษตรกรผู้ปลูกข้าว,373,ราย,สำนักงานเกษตรจังหวัดสิงห์บุรี
2562,จังหวัดสิงห์บุรี,อำเภอค่ายบางระจัน,ต.หนองกระทุ่ม,จำนวนเกษตรกรผู้ปลูกข้าว,279,ราย,สำนักงานเกษตรจังหวัดสิงห์บุรี
2562,จังหวัดสิงห์บุรี,อำเภอพรหมบุรี,ต.พระงาม,จำนวนเกษตรกรผู้ปลูกข้าว,197,ราย,สำนักงานเกษตรจังหวัดสิงห์บุรี
2562,จังหวัดสิงห์บุรี,อำเภอพรหมบุรี,ต.พรหมบุรี,จำนวนเกษตรกรผู้ปลูกข้าว,90,ราย,สำนักงานเกษตรจังหวัดสิงห์บุรี
2562,จังหวัดสิงห์บุรี,อำเภอพรหมบุรี,ต.บางน้ำเชี่ยว,จำนวนเกษตรกรผู้ปลูกข้าว,127,ราย,สำนักงานเกษตรจังหวัดสิงห์บุรี
2562,จังหวัดสิงห์บุรี,อำเภอพรหมบุรี,ต.บ้านหม้อ,จำนวนเกษตรกรผู้ปลูกข้าว,315,ราย,สำนักงานเกษตรจังหวัดสิงห์บุรี
2562,จังหวัดสิงห์บุรี,อำเภอพรหมบุรี,ต.บ้านแป้ง,จำนวนเกษตรกรผู้ปลูกข้าว,136,ราย,สำนักงานเกษตรจังหวัดสิงห์บุรี
2562,จังหวัดสิงห์บุรี,อำเภอพรหมบุรี,ต.หัวป่า,จำนวนเกษตรกรผู้ปลูกข้าว,146,ราย,สำนักงานเกษตรจังหวัดสิงห์บุรี
2562,จังหวัดสิงห์บุรี,อำเภอพรหมบุรี,ต.โรงช้าง,จำนวนเกษตรกรผู้ปลูกข้าว,129,ราย,สำนักงานเกษตรจังหวัดสิงห์บุรี
2562,จังหวัดสิงห์บุรี,อำเภอท่าช้าง,ต.ถอนสมอ,จำนวนเกษตรกรผู้ปลูกข้าว,197,ราย,สำนักงานเกษตรจังหวัดสิงห์บุรี
2562,จังหวัดสิงห์บุรี,อำเภอท่าช้าง,ต.โพประจักษ์,จำนวนเกษตรกรผู้ปลูกข้าว,399,ราย,สำนักงานเกษตรจังหวัดสิงห์บุรี
2562,จังหวัดสิงห์บุรี,อำเภอท่าช้าง,ต.วิหารขาว,จำนวนเกษตรกรผู้ปลูกข้าว,160,ราย,สำนักงานเกษตรจังหวัดสิงห์บุรี
2562,จังหวัดสิงห์บุรี,อำเภอท่าช้าง,ต.พิกุลทอง,จำนวนเกษตรกรผู้ปลูกข้าว,177,ราย,สำนักงานเกษตรจังหวัดสิงห์บุรี
2562,จังหวัดสิงห์บุรี,อำเภออินทร์บุรี,ต.อินทร์บุรี,จำนวนเกษตรกรผู้ปลูกข้าว,215,ราย,สำนักงานเกษตรจังหวัดสิงห์บุรี
2562,จังหวัดสิงห์บุรี,อำเภออินทร์บุรี,ต.ประศุก,จำนวนเกษตรกรผู้ปลูกข้าว,652,ราย,สำนักงานเกษตรจังหวัดสิงห์บุรี
2562,จังหวัดสิงห์บุรี,อำเภออินทร์บุรี,ต.ทับยา,จำนวนเกษตรกรผู้ปลูกข้าว,448,ราย,สำนักงานเกษตรจังหวัดสิงห์บุรี
2562,จังหวัดสิงห์บุรี,อำเภออินทร์บุรี,ต.งิ้วราย,จำนวนเกษตรกรผู้ปลูกข้าว,574,ราย,สำนักงานเกษตรจังหวัดสิงห์บุรี
2562,จังหวัดสิงห์บุรี,อำเภออินทร์บุรี,ต.ชีน้ำร้าย,จำนวนเกษตรกรผู้ปลูกข้าว,584,ราย,สำนักงานเกษตรจังหวัดสิงห์บุรี
2562,จังหวัดสิงห์บุรี,อำเภออินทร์บุรี,ต.ท่างาม,จำนวนเกษตรกรผู้ปลูกข้าว,389,ราย,สำนักงานเกษตรจังหวัดสิงห์บุรี
2562,จังหวัดสิงห์บุรี,อำเภออินทร์บุรี,ต.น้ำตาล,จำนวนเกษตรกรผู้ปลูกข้าว,485,ราย,สำนักงานเกษตรจังหวัดสิงห์บุรี
2562,จังหวัดสิงห์บุรี,อำเภออินทร์บุรี,ต.ทองเอน,จำนวนเกษตรกรผู้ปลูกข้าว,841,ราย,สำนักงานเกษตรจังหวัดสิงห์บุรี
2562,จังหวัดสิงห์บุรี,อำเภออินทร์บุรี,ต.ห้วยชัน,จำนวนเกษตรกรผู้ปลูกข้าว,1010,ราย,สำนักงานเกษตรจังหวัดสิงห์บุรี
2562,จังหวัดสิงห์บุรี,อำเภออินทร์บุรี,ต.โพธิ์ชัย,จำนวนเกษตรกรผู้ปลูกข้าว,598,ราย,สำนักงานเกษตรจังหวัดสิงห์บุรี
2563,จังหวัดสิงห์บุรี,อำเภอเมืองสิงห์บุรี,ต.บางพุทรา,จำนวนเกษตรกรผู้ปลูกข้าว,0,ราย,สำนักงานเกษตรจังหวัดสิงห์บุรี
2563,จังหวัดสิงห์บุรี,อำเภอเมืองสิงห์บุรี,ต.บางมัญ,จำนวนเกษตรกรผู้ปลูกข้าว,337,ราย,สำนักงานเกษตรจังหวัดสิงห์บุรี
2563,จังหวัดสิงห์บุรี,อำเภอเมืองสิงห์บุรี,ต.โพกรวม,จำนวนเกษตรกรผู้ปลูกข้าว,365,ราย,สำนักงานเกษตรจังหวัดสิงห์บุรี
2563,จังหวัดสิงห์บุรี,อำเภอเมืองสิงห์บุรี,ต.ม่วงหมู่,จำนวนเกษตรกรผู้ปลูกข้าว,84,ราย,สำนักงานเกษตรจังหวัดสิงห์บุรี
2563,จังหวัดสิงห์บุรี,อำเภอเมืองสิงห์บุรี,ต.หัวไผ่,จำนวนเกษตรกรผู้ปลูกข้าว,506,ราย,สำนักงานเกษตรจังหวัดสิงห์บุรี
2563,จังหวัดสิงห์บุรี,อำเภอเมืองสิงห์บุรี,ต.ต้นโพธิ์,จำนวนเกษตรกรผู้ปลูกข้าว,155,ราย,สำนักงานเกษตรจังหวัดสิงห์บุรี
2563,จังหวัดสิงห์บุรี,อำเภอเมืองสิงห์บุรี,ต.จักรสีห์,จำนวนเกษตรกรผู้ปลูกข้าว,217,ราย,สำนักงานเกษตรจังหวัดสิงห์บุรี
2563,จังหวัดสิงห์บุรี,อำเภอเมืองสิงห์บุรี,ต.บางกระบือ,จำนวนเกษตรกรผู้ปลูกข้าว,357,ราย,สำนักงานเกษตรจังหวัดสิงห์บุรี
2563,จังหวัดสิงห์บุรี,อำเภอบางระจัน,ต.สิงห์,จำนวนเกษตรกรผู้ปลูกข้าว,403,ราย,สำนักงานเกษตรจังหวัดสิงห์บุรี
2563,จังหวัดสิงห์บุรี,อำเภอบางระจัน,ต.ไม้ดัด,จำนวนเกษตรกรผู้ปลูกข้าว,538,ราย,สำนักงานเกษตรจังหวัดสิงห์บุรี
2563,จังหวัดสิงห์บุรี,อำเภอบางระจัน,ต.เชิงกลัด,จำนวนเกษตรกรผู้ปลูกข้าว,485,ราย,สำนักงานเกษตรจังหวัดสิงห์บุรี
2563,จังหวัดสิงห์บุรี,อำเภอบางระจัน,ต.โพชนไก่,จำนวนเกษตรกรผู้ปลูกข้าว,418,ราย,สำนักงานเกษตรจังหวัดสิงห์บุรี
2563,จังหวัดสิงห์บุรี,อำเภอบางระจัน,ต.แม่ลา,จำนวนเกษตรกรผู้ปลูกข้าว,317,ราย,สำนักงานเกษตรจังหวัดสิงห์บุรี
2563,จังหวัดสิงห์บุรี,อำเภอบางระจัน,ต.บ้านจ่า,จำนวนเกษตรกรผู้ปลูกข้าว,437,ราย,สำนักงานเกษตรจังหวัดสิงห์บุรี
2563,จังหวัดสิงห์บุรี,อำเภอบางระจัน,ต.พักทัน,จำนวนเกษตรกรผู้ปลูกข้าว,703,ราย,สำนักงานเกษตรจังหวัดสิงห์บุรี
2563,จังหวัดสิงห์บุรี,อำเภอบางระจัน,ต.สระแจง,จำนวนเกษตรกรผู้ปลูกข้าว,539,ราย,สำนักงานเกษตรจังหวัดสิงห์บุรี
2563,จังหวัดสิงห์บุรี,อำเภอค่ายบางระจัน,ต.โพทะเล,จำนวนเกษตรกรผู้ปลูกข้าว,513,ราย,สำนักงานเกษตรจังหวัดสิงห์บุรี
2563,จังหวัดสิงห์บุรี,อำเภอค่ายบางระจัน,ต.บางระจัน,จำนวนเกษตรกรผู้ปลูกข้าว,492,ราย,สำนักงานเกษตรจังหวัดสิงห์บุรี
2563,จังหวัดสิงห์บุรี,อำเภอค่ายบางระจัน,ต.โพสังโฆ,จำนวนเกษตรกรผู้ปลูกข้าว,348,ราย,สำนักงานเกษตรจังหวัดสิงห์บุรี
2563,จังหวัดสิงห์บุรี,อำเภอค่ายบางระจัน,ต.ท่าข้าม,จำนวนเกษตรกรผู้ปลูกข้าว,137,ราย,สำนักงานเกษตรจังหวัดสิงห์บุรี
2563,จังหวัดสิงห์บุรี,อำเภอค่ายบางระจัน,ต.คอทราย,จำนวนเกษตรกรผู้ปลูกข้าว,382,ราย,สำนักงานเกษตรจังหวัดสิงห์บุรี
2563,จังหวัดสิงห์บุรี,อำเภอค่ายบางระจัน,ต.หนองกระทุ่ม,จำนวนเกษตรกรผู้ปลูกข้าว,291,ราย,สำนักงานเกษตรจังหวัดสิงห์บุรี
2563,จังหวัดสิงห์บุรี,อำเภอพรหมบุรี,ต.พระงาม,จำนวนเกษตรกรผู้ปลูกข้าว,150,ราย,สำนักงานเกษตรจังหวัดสิงห์บุรี
2563,จังหวัดสิงห์บุรี,อำเภอพรหมบุรี,ต.พรหมบุรี,จำนวนเกษตรกรผู้ปลูกข้าว,90,ราย,สำนักงานเกษตรจังหวัดสิงห์บุรี
2563,จังหวัดสิงห์บุรี,อำเภอพรหมบุรี,ต.บางน้ำเชี่ยว,จำนวนเกษตรกรผู้ปลูกข้าว,130,ราย,สำนักงานเกษตรจังหวัดสิงห์บุรี
2563,จังหวัดสิงห์บุรี,อำเภอพรหมบุรี,ต.บ้านหม้อ,จำนวนเกษตรกรผู้ปลูกข้าว,321,ราย,สำนักงานเกษตรจังหวัดสิงห์บุรี
2563,จังหวัดสิงห์บุรี,อำเภอพรหมบุรี,ต.บ้านแป้ง,จำนวนเกษตรกรผู้ปลูกข้าว,134,ราย,สำนักงานเกษตรจังหวัดสิงห์บุรี
2563,จังหวัดสิงห์บุรี,อำเภอพรหมบุรี,ต.หัวป่า,จำนวนเกษตรกรผู้ปลูกข้าว,94,ราย,สำนักงานเกษตรจังหวัดสิงห์บุรี
2563,จังหวัดสิงห์บุรี,อำเภอพรหมบุรี,ต.โรงช้าง,จำนวนเกษตรกรผู้ปลูกข้าว,42,ราย,สำนักงานเกษตรจังหวัดสิงห์บุรี
2563,จังหวัดสิงห์บุรี,อำเภอท่าช้าง,ต.ถอนสมอ,จำนวนเกษตรกรผู้ปลูกข้าว,196,ราย,สำนักงานเกษตรจังหวัดสิงห์บุรี
2563,จังหวัดสิงห์บุรี,อำเภอท่าช้าง,ต.โพประจักษ์,จำนวนเกษตรกรผู้ปลูกข้าว,370,ราย,สำนักงานเกษตรจังหวัดสิงห์บุรี
2563,จังหวัดสิงห์บุรี,อำเภอท่าช้าง,ต.วิหารขาว,จำนวนเกษตรกรผู้ปลูกข้าว,141,ราย,สำนักงานเกษตรจังหวัดสิงห์บุรี
2563,จังหวัดสิงห์บุรี,อำเภอท่าช้าง,ต.พิกุลทอง,จำนวนเกษตรกรผู้ปลูกข้าว,118,ราย,สำนักงานเกษตรจังหวัดสิงห์บุรี
2563,จังหวัดสิงห์บุรี,อำเภออินทร์บุรี,ต.อินทร์บุรี,จำนวนเกษตรกรผู้ปลูกข้าว,150,ราย,สำนักงานเกษตรจังหวัดสิงห์บุรี
2563,จังหวัดสิงห์บุรี,อำเภออินทร์บุรี,ต.ประศุก,จำนวนเกษตรกรผู้ปลูกข้าว,424,ราย,สำนักงานเกษตรจังหวัดสิงห์บุรี
2563,จังหวัดสิงห์บุรี,อำเภออินทร์บุรี,ต.ทับยา,จำนวนเกษตรกรผู้ปลูกข้าว,443,ราย,สำนักงานเกษตรจังหวัดสิงห์บุรี
2563,จังหวัดสิงห์บุรี,อำเภออินทร์บุรี,ต.งิ้วราย,จำนวนเกษตรกรผู้ปลูกข้าว,587,ราย,สำนักงานเกษตรจังหวัดสิงห์บุรี
2563,จังหวัดสิงห์บุรี,อำเภออินทร์บุรี,ต.ชีน้ำร้าย,จำนวนเกษตรกรผู้ปลูกข้าว,558,ราย,สำนักงานเกษตรจังหวัดสิงห์บุรี
2563,จังหวัดสิงห์บุรี,อำเภออินทร์บุรี,ต.ท่างาม,จำนวนเกษตรกรผู้ปลูกข้าว,381,ราย,สำนักงานเกษตรจังหวัดสิงห์บุรี
2563,จังหวัดสิงห์บุรี,อำเภออินทร์บุรี,ต.น้ำตาล,จำนวนเกษตรกรผู้ปลูกข้าว,474,ราย,สำนักงานเกษตรจังหวัดสิงห์บุรี
2563,จังหวัดสิงห์บุรี,อำเภออินทร์บุรี,ต.ทองเอน,จำนวนเกษตรกรผู้ปลูกข้าว,833,ราย,สำนักงานเกษตรจังหวัดสิงห์บุรี
2563,จังหวัดสิงห์บุรี,อำเภออินทร์บุรี,ต.ห้วยชัน,จำนวนเกษตรกรผู้ปลูกข้าว,963,ราย,สำนักงานเกษตรจังหวัดสิงห์บุรี
2563,จังหวัดสิงห์บุรี,อำเภออินทร์บุรี,ต.โพธิ์ชัย,จำนวนเกษตรกรผู้ปลูกข้าว,599,ราย,สำนักงานเกษตรจังหวัดสิงห์บุรี
2564,จังหวัดสิงห์บุรี,อำเภอเมืองสิงห์บุรี,ต.บางพุทรา,จำนวนเกษตรกรผู้ปลูกข้าว,0,ราย,สำนักงานเกษตรจังหวัดสิงห์บุรี
2564,จังหวัดสิงห์บุรี,อำเภอเมืองสิงห์บุรี,ต.บางมัญ,จำนวนเกษตรกรผู้ปลูกข้าว,353,ราย,สำนักงานเกษตรจังหวัดสิงห์บุรี
2564,จังหวัดสิงห์บุรี,อำเภอเมืองสิงห์บุรี,ต.โพกรวม,จำนวนเกษตรกรผู้ปลูกข้าว,376,ราย,สำนักงานเกษตรจังหวัดสิงห์บุรี
2564,จังหวัดสิงห์บุรี,อำเภอเมืองสิงห์บุรี,ต.ม่วงหมู่,จำนวนเกษตรกรผู้ปลูกข้าว,59,ราย,สำนักงานเกษตรจังหวัดสิงห์บุรี
2564,จังหวัดสิงห์บุรี,อำเภอเมืองสิงห์บุรี,ต.หัวไผ่,จำนวนเกษตรกรผู้ปลูกข้าว,432,ราย,สำนักงานเกษตรจังหวัดสิงห์บุรี
2564,จังหวัดสิงห์บุรี,อำเภอเมืองสิงห์บุรี,ต.ต้นโพธิ์,จำนวนเกษตรกรผู้ปลูกข้าว,125,ราย,สำนักงานเกษตรจังหวัดสิงห์บุรี
2564,จังหวัดสิงห์บุรี,อำเภอเมืองสิงห์บุรี,ต.จักรสีห์,จำนวนเกษตรกรผู้ปลูกข้าว,275,ราย,สำนักงานเกษตรจังหวัดสิงห์บุรี
2564,จังหวัดสิงห์บุรี,อำเภอเมืองสิงห์บุรี,ต.บางกระบือ,จำนวนเกษตรกรผู้ปลูกข้าว,373,ราย,สำนักงานเกษตรจังหวัดสิงห์บุรี
2564,จังหวัดสิงห์บุรี,อำเภอบางระจัน,ต.สิงห์,จำนวนเกษตรกรผู้ปลูกข้าว,330,ราย,สำนักงานเกษตรจังหวัดสิงห์บุรี
2564,จังหวัดสิงห์บุรี,อำเภอบางระจัน,ต.ไม้ดัด,จำนวนเกษตรกรผู้ปลูกข้าว,920,ราย,สำนักงานเกษตรจังหวัดสิงห์บุรี
2564,จังหวัดสิงห์บุรี,อำเภอบางระจัน,ต.เชิงกลัด,จำนวนเกษตรกรผู้ปลูกข้าว,634,ราย,สำนักงานเกษตรจังหวัดสิงห์บุรี
2564,จังหวัดสิงห์บุรี,อำเภอบางระจัน,ต.โพชนไก่,จำนวนเกษตรกรผู้ปลูกข้าว,496,ราย,สำนักงานเกษตรจังหวัดสิงห์บุรี
2564,จังหวัดสิงห์บุรี,อำเภอบางระจัน,ต.แม่ลา,จำนวนเกษตรกรผู้ปลูกข้าว,349,ราย,สำนักงานเกษตรจังหวัดสิงห์บุรี
2564,จังหวัดสิงห์บุรี,อำเภอบางระจัน,ต.บ้านจ่า,จำนวนเกษตรกรผู้ปลูกข้าว,743,ราย,สำนักงานเกษตรจังหวัดสิงห์บุรี
2564,จังหวัดสิงห์บุรี,อำเภอบางระจัน,ต.พักทัน,จำนวนเกษตรกรผู้ปลูกข้าว,588,ราย,สำนักงานเกษตรจังหวัดสิงห์บุรี
2564,จังหวัดสิงห์บุรี,อำเภอบางระจัน,ต.สระแจง,จำนวนเกษตรกรผู้ปลูกข้าว,635,ราย,สำนักงานเกษตรจังหวัดสิงห์บุรี
2564,จังหวัดสิงห์บุรี,อำเภอค่ายบางระจัน,ต.โพทะเล,จำนวนเกษตรกรผู้ปลูกข้าว,769,ราย,สำนักงานเกษตรจังหวัดสิงห์บุรี
2564,จังหวัดสิงห์บุรี,อำเภอค่ายบางระจัน,ต.บางระจัน,จำนวนเกษตรกรผู้ปลูกข้าว,391,ราย,สำนักงานเกษตรจังหวัดสิงห์บุรี
2564,จังหวัดสิงห์บุรี,อำเภอค่ายบางระจัน,ต.โพสังโฆ,จำนวนเกษตรกรผู้ปลูกข้าว,379,ราย,สำนักงานเกษตรจังหวัดสิงห์บุรี
2564,จังหวัดสิงห์บุรี,อำเภอค่ายบางระจัน,ต.ท่าข้าม,จำนวนเกษตรกรผู้ปลูกข้าว,150,ราย,สำนักงานเกษตรจังหวัดสิงห์บุรี
2564,จังหวัดสิงห์บุรี,อำเภอค่ายบางระจัน,ต.คอทราย,จำนวนเกษตรกรผู้ปลูกข้าว,622,ราย,สำนักงานเกษตรจังหวัดสิงห์บุรี
2564,จังหวัดสิงห์บุรี,อำเภอค่ายบางระจัน,ต.หนองกระทุ่ม,จำนวนเกษตรกรผู้ปลูกข้าว,467,ราย,สำนักงานเกษตรจังหวัดสิงห์บุรี
2564,จังหวัดสิงห์บุรี,อำเภอพรหมบุรี,ต.พระงาม,จำนวนเกษตรกรผู้ปลูกข้าว,138,ราย,สำนักงานเกษตรจังหวัดสิงห์บุรี
2564,จังหวัดสิงห์บุรี,อำเภอพรหมบุรี,ต.พรหมบุรี,จำนวนเกษตรกรผู้ปลูกข้าว,158,ราย,สำนักงานเกษตรจังหวัดสิงห์บุรี
2564,จังหวัดสิงห์บุรี,อำเภอพรหมบุรี,ต.บางน้ำเชี่ยว,จำนวนเกษตรกรผู้ปลูกข้าว,64,ราย,สำนักงานเกษตรจังหวัดสิงห์บุรี
2564,จังหวัดสิงห์บุรี,อำเภอพรหมบุรี,ต.บ้านหม้อ,จำนวนเกษตรกรผู้ปลูกข้าว,169,ราย,สำนักงานเกษตรจังหวัดสิงห์บุรี
2564,จังหวัดสิงห์บุรี,อำเภอพรหมบุรี,ต.บ้านแป้ง,จำนวนเกษตรกรผู้ปลูกข้าว,178,ราย,สำนักงานเกษตรจังหวัดสิงห์บุรี
2564,จังหวัดสิงห์บุรี,อำเภอพรหมบุรี,ต.หัวป่า,จำนวนเกษตรกรผู้ปลูกข้าว,125,ราย,สำนักงานเกษตรจังหวัดสิงห์บุรี
2564,จังหวัดสิงห์บุรี,อำเภอพรหมบุรี,ต.โรงช้าง,จำนวนเกษตรกรผู้ปลูกข้าว,76,ราย,สำนักงานเกษตรจังหวัดสิงห์บุรี
2564,จังหวัดสิงห์บุรี,อำเภอท่าช้าง,ต.ถอนสมอ,จำนวนเกษตรกรผู้ปลูกข้าว,261,ราย,สำนักงานเกษตรจังหวัดสิงห์บุรี
2564,จังหวัดสิงห์บุรี,อำเภอท่าช้าง,ต.โพประจักษ์,จำนวนเกษตรกรผู้ปลูกข้าว,186,ราย,สำนักงานเกษตรจังหวัดสิงห์บุรี
2564,จังหวัดสิงห์บุรี,อำเภอท่าช้าง,ต.วิหารขาว,จำนวนเกษตรกรผู้ปลูกข้าว,127,ราย,สำนักงานเกษตรจังหวัดสิงห์บุรี
2564,จังหวัดสิงห์บุรี,อำเภอท่าช้าง,ต.พิกุลทอง,จำนวนเกษตรกรผู้ปลูกข้าว,201,ราย,สำนักงานเกษตรจังหวัดสิงห์บุรี
2564,จังหวัดสิงห์บุรี,อำเภออินทร์บุรี,ต.อินทร์บุรี,จำนวนเกษตรกรผู้ปลูกข้าว,136,ราย,สำนักงานเกษตรจังหวัดสิงห์บุรี
2564,จังหวัดสิงห์บุรี,อำเภออินทร์บุรี,ต.ประศุก,จำนวนเกษตรกรผู้ปลูกข้าว,368,ราย,สำนักงานเกษตรจังหวัดสิงห์บุรี
2564,จังหวัดสิงห์บุรี,อำเภออินทร์บุรี,ต.ทับยา,จำนวนเกษตรกรผู้ปลูกข้าว,395,ราย,สำนักงานเกษตรจังหวัดสิงห์บุรี
2564,จังหวัดสิงห์บุรี,อำเภออินทร์บุรี,ต.งิ้วราย,จำนวนเกษตรกรผู้ปลูกข้าว,509,ราย,สำนักงานเกษตรจังหวัดสิงห์บุรี
2564,จังหวัดสิงห์บุรี,อำเภออินทร์บุรี,ต.ชีน้ำร้าย,จำนวนเกษตรกรผู้ปลูกข้าว,1238,ราย,สำนักงานเกษตรจังหวัดสิงห์บุรี
2564,จังหวัดสิงห์บุรี,อำเภออินทร์บุรี,ต.ท่างาม,จำนวนเกษตรกรผู้ปลูกข้าว,414,ราย,สำนักงานเกษตรจังหวัดสิงห์บุรี
2564,จังหวัดสิงห์บุรี,อำเภออินทร์บุรี,ต.น้ำตาล,จำนวนเกษตรกรผู้ปลูกข้าว,438,ราย,สำนักงานเกษตรจังหวัดสิงห์บุรี
2564,จังหวัดสิงห์บุรี,อำเภออินทร์บุรี,ต.ทองเอน,จำนวนเกษตรกรผู้ปลูกข้าว,1054,ราย,สำนักงานเกษตรจังหวัดสิงห์บุรี
2564,จังหวัดสิงห์บุรี,อำเภออินทร์บุรี,ต.ห้วยชัน,จำนวนเกษตรกรผู้ปลูกข้าว,424,ราย,สำนักงานเกษตรจังหวัดสิงห์บุรี
2564,จังหวัดสิงห์บุรี,อำเภออินทร์บุรี,ต.โพธิ์ชัย,จำนวนเกษตรกรผู้ปลูกข้าว,598,ราย,สำนักงานเกษตรจังหวัดสิงห์บุรี
2565,จังหวัดสิงห์บุรี,อำเภอเมืองสิงห์บุรี,ต.บางพุทรา,จำนวนเกษตรกรผู้ปลูกข้าว,0,ราย,สำนักงานเกษตรจังหวัดสิงห์บุรี
2565,จังหวัดสิงห์บุรี,อำเภอเมืองสิงห์บุรี,ต.บางมัญ,จำนวนเกษตรกรผู้ปลูกข้าว,343,ราย,สำนักงานเกษตรจังหวัดสิงห์บุรี
2565,จังหวัดสิงห์บุรี,อำเภอเมืองสิงห์บุรี,ต.โพกรวม,จำนวนเกษตรกรผู้ปลูกข้าว,363,ราย,สำนักงานเกษตรจังหวัดสิงห์บุรี
2565,จังหวัดสิงห์บุรี,อำเภอเมืองสิงห์บุรี,ต.ม่วงหมู่,จำนวนเกษตรกรผู้ปลูกข้าว,79,ราย,สำนักงานเกษตรจังหวัดสิงห์บุรี
2565,จังหวัดสิงห์บุรี,อำเภอเมืองสิงห์บุรี,ต.หัวไผ่,จำนวนเกษตรกรผู้ปลูกข้าว,547,ราย,สำนักงานเกษตรจังหวัดสิงห์บุรี
2565,จังหวัดสิงห์บุรี,อำเภอเมืองสิงห์บุรี,ต.ต้นโพธิ์,จำนวนเกษตรกรผู้ปลูกข้าว,191,ราย,สำนักงานเกษตรจังหวัดสิงห์บุรี
2565,จังหวัดสิงห์บุรี,อำเภอเมืองสิงห์บุรี,ต.จักรสีห์,จำนวนเกษตรกรผู้ปลูกข้าว,220,ราย,สำนักงานเกษตรจังหวัดสิงห์บุรี
2565,จังหวัดสิงห์บุรี,อำเภอเมืองสิงห์บุรี,ต.บางกระบือ,จำนวนเกษตรกรผู้ปลูกข้าว,463,ราย,สำนักงานเกษตรจังหวัดสิงห์บุรี
2565,จังหวัดสิงห์บุรี,อำเภอบางระจัน,ต.สิงห์,จำนวนเกษตรกรผู้ปลูกข้าว,393,ราย,สำนักงานเกษตรจังหวัดสิงห์บุรี
2565,จังหวัดสิงห์บุรี,อำเภอบางระจัน,ต.ไม้ดัด,จำนวนเกษตรกรผู้ปลูกข้าว,548,ราย,สำนักงานเกษตรจังหวัดสิงห์บุรี
2565,จังหวัดสิงห์บุรี,อำเภอบางระจัน,ต.เชิงกลัด,จำนวนเกษตรกรผู้ปลูกข้าว,461,ราย,สำนักงานเกษตรจังหวัดสิงห์บุรี
2565,จังหวัดสิงห์บุรี,อำเภอบางระจัน,ต.โพชนไก่,จำนวนเกษตรกรผู้ปลูกข้าว,391,ราย,สำนักงานเกษตรจังหวัดสิงห์บุรี
2565,จังหวัดสิงห์บุรี,อำเภอบางระจัน,ต.แม่ลา,จำนวนเกษตรกรผู้ปลูกข้าว,344,ราย,สำนักงานเกษตรจังหวัดสิงห์บุรี
2565,จังหวัดสิงห์บุรี,อำเภอบางระจัน,ต.บ้านจ่า,จำนวนเกษตรกรผู้ปลูกข้าว,426,ราย,สำนักงานเกษตรจังหวัดสิงห์บุรี
2565,จังหวัดสิงห์บุรี,อำเภอบางระจัน,ต.พักทัน,จำนวนเกษตรกรผู้ปลูกข้าว,711,ราย,สำนักงานเกษตรจังหวัดสิงห์บุรี
2565,จังหวัดสิงห์บุรี,อำเภอบางระจัน,ต.สระแจง,จำนวนเกษตรกรผู้ปลูกข้าว,494,ราย,สำนักงานเกษตรจังหวัดสิงห์บุรี
2565,จังหวัดสิงห์บุรี,อำเภอค่ายบางระจัน,ต.โพทะเล,จำนวนเกษตรกรผู้ปลูกข้าว,512,ราย,สำนักงานเกษตรจังหวัดสิงห์บุรี
2565,จังหวัดสิงห์บุรี,อำเภอค่ายบางระจัน,ต.บางระจัน,จำนวนเกษตรกรผู้ปลูกข้าว,459,ราย,สำนักงานเกษตรจังหวัดสิงห์บุรี
2565,จังหวัดสิงห์บุรี,อำเภอค่ายบางระจัน,ต.โพสังโฆ,จำนวนเกษตรกรผู้ปลูกข้าว,311,ราย,สำนักงานเกษตรจังหวัดสิงห์บุรี
2565,จังหวัดสิงห์บุรี,อำเภอค่ายบางระจัน,ต.ท่าข้าม,จำนวนเกษตรกรผู้ปลูกข้าว,134,ราย,สำนักงานเกษตรจังหวัดสิงห์บุรี
2565,จังหวัดสิงห์บุรี,อำเภอค่ายบางระจัน,ต.คอทราย,จำนวนเกษตรกรผู้ปลูกข้าว,389,ราย,สำนักงานเกษตรจังหวัดสิงห์บุรี
2565,จังหวัดสิงห์บุรี,อำเภอค่ายบางระจัน,ต.หนองกระทุ่ม,จำนวนเกษตรกรผู้ปลูกข้าว,250,ราย,สำนักงานเกษตรจังหวัดสิงห์บุรี
2565,จังหวัดสิงห์บุรี,อำเภอพรหมบุรี,ต.พระงาม,จำนวนเกษตรกรผู้ปลูกข้าว,206,ราย,สำนักงานเกษตรจังหวัดสิงห์บุรี
2565,จังหวัดสิงห์บุรี,อำเภอพรหมบุรี,ต.พรหมบุรี,จำนวนเกษตรกรผู้ปลูกข้าว,98,ราย,สำนักงานเกษตรจังหวัดสิงห์บุรี
2565,จังหวัดสิงห์บุรี,อำเภอพรหมบุรี,ต.บางน้ำเชี่ยว,จำนวนเกษตรกรผู้ปลูกข้าว,124,ราย,สำนักงานเกษตรจังหวัดสิงห์บุรี
2565,จังหวัดสิงห์บุรี,อำเภอพรหมบุรี,ต.บ้านหม้อ,จำนวนเกษตรกรผู้ปลูกข้าว,329,ราย,สำนักงานเกษตรจังหวัดสิงห์บุรี
2565,จังหวัดสิงห์บุรี,อำเภอพรหมบุรี,ต.บ้านแป้ง,จำนวนเกษตรกรผู้ปลูกข้าว,139,ราย,สำนักงานเกษตรจังหวัดสิงห์บุรี
2565,จังหวัดสิงห์บุรี,อำเภอพรหมบุรี,ต.หัวป่า,จำนวนเกษตรกรผู้ปลูกข้าว,133,ราย,สำนักงานเกษตรจังหวัดสิงห์บุรี
2565,จังหวัดสิงห์บุรี,อำเภอพรหมบุรี,ต.โรงช้าง,จำนวนเกษตรกรผู้ปลูกข้าว,111,ราย,สำนักงานเกษตรจังหวัดสิงห์บุรี
2565,จังหวัดสิงห์บุรี,อำเภอท่าช้าง,ต.ถอนสมอ,จำนวนเกษตรกรผู้ปลูกข้าว,197,ราย,สำนักงานเกษตรจังหวัดสิงห์บุรี
2565,จังหวัดสิงห์บุรี,อำเภอท่าช้าง,ต.โพประจักษ์,จำนวนเกษตรกรผู้ปลูกข้าว,383,ราย,สำนักงานเกษตรจังหวัดสิงห์บุรี
2565,จังหวัดสิงห์บุรี,อำเภอท่าช้าง,ต.วิหารขาว,จำนวนเกษตรกรผู้ปลูกข้าว,165,ราย,สำนักงานเกษตรจังหวัดสิงห์บุรี
2565,จังหวัดสิงห์บุรี,อำเภอท่าช้าง,ต.พิกุลทอง,จำนวนเกษตรกรผู้ปลูกข้าว,181,ราย,สำนักงานเกษตรจังหวัดสิงห์บุรี
2565,จังหวัดสิงห์บุรี,อำเภออินทร์บุรี,ต.อินทร์บุรี,จำนวนเกษตรกรผู้ปลูกข้าว,215,ราย,สำนักงานเกษตรจังหวัดสิงห์บุรี
2565,จังหวัดสิงห์บุรี,อำเภออินทร์บุรี,ต.ประศุก,จำนวนเกษตรกรผู้ปลูกข้าว,618,ราย,สำนักงานเกษตรจังหวัดสิงห์บุรี
2565,จังหวัดสิงห์บุรี,อำเภออินทร์บุรี,ต.ทับยา,จำนวนเกษตรกรผู้ปลูกข้าว,433,ราย,สำนักงานเกษตรจังหวัดสิงห์บุรี
2565,จังหวัดสิงห์บุรี,อำเภออินทร์บุรี,ต.งิ้วราย,จำนวนเกษตรกรผู้ปลูกข้าว,572,ราย,สำนักงานเกษตรจังหวัดสิงห์บุรี
2565,จังหวัดสิงห์บุรี,อำเภออินทร์บุรี,ต.ชีน้ำร้าย,จำนวนเกษตรกรผู้ปลูกข้าว,566,ราย,สำนักงานเกษตรจังหวัดสิงห์บุรี
2565,จังหวัดสิงห์บุรี,อำเภออินทร์บุรี,ต.ท่างาม,จำนวนเกษตรกรผู้ปลูกข้าว,383,ราย,สำนักงานเกษตรจังหวัดสิงห์บุรี
2565,จังหวัดสิงห์บุรี,อำเภออินทร์บุรี,ต.น้ำตาล,จำนวนเกษตรกรผู้ปลูกข้าว,472,ราย,สำนักงานเกษตรจังหวัดสิงห์บุรี
2565,จังหวัดสิงห์บุรี,อำเภออินทร์บุรี,ต.ทองเอน,จำนวนเกษตรกรผู้ปลูกข้าว,862,ราย,สำนักงานเกษตรจังหวัดสิงห์บุรี
2565,จังหวัดสิงห์บุรี,อำเภออินทร์บุรี,ต.ห้วยชัน,จำนวนเกษตรกรผู้ปลูกข้าว,1003,ราย,สำนักงานเกษตรจังหวัดสิงห์บุรี
2565,จังหวัดสิงห์บุรี,อำเภออินทร์บุรี,ต.โพธิ์ชัย,จำนวนเกษตรกรผู้ปลูกข้าว,604,ราย,สำนักงานเกษตรจังหวัดสิงห์บุรี
2566,จังหวัดสิงห์บุรี,อำเภอเมืองสิงห์บุรี,ต.บางพุทรา,จำนวนเกษตรกรผู้ปลูกข้าว,0,ราย,สำนักงานเกษตรจังหวัดสิงห์บุรี
2566,จังหวัดสิงห์บุรี,อำเภอเมืองสิงห์บุรี,ต.บางมัญ,จำนวนเกษตรกรผู้ปลูกข้าว,345,ราย,สำนักงานเกษตรจังหวัดสิงห์บุรี
2566,จังหวัดสิงห์บุรี,อำเภอเมืองสิงห์บุรี,ต.โพกรวม,จำนวนเกษตรกรผู้ปลูกข้าว,359,ราย,สำนักงานเกษตรจังหวัดสิงห์บุรี
2566,จังหวัดสิงห์บุรี,อำเภอเมืองสิงห์บุรี,ต.ม่วงหมู่,จำนวนเกษตรกรผู้ปลูกข้าว,71,ราย,สำนักงานเกษตรจังหวัดสิงห์บุรี
2566,จังหวัดสิงห์บุรี,อำเภอเมืองสิงห์บุรี,ต.หัวไผ่,จำนวนเกษตรกรผู้ปลูกข้าว,515,ราย,สำนักงานเกษตรจังหวัดสิงห์บุรี
2566,จังหวัดสิงห์บุรี,อำเภอเมืองสิงห์บุรี,ต.ต้นโพธิ์,จำนวนเกษตรกรผู้ปลูกข้าว,201,ราย,สำนักงานเกษตรจังหวัดสิงห์บุรี
2566,จังหวัดสิงห์บุรี,อำเภอเมืองสิงห์บุรี,ต.จักรสีห์,จำนวนเกษตรกรผู้ปลูกข้าว,228,ราย,สำนักงานเกษตรจังหวัดสิงห์บุรี
2566,จังหวัดสิงห์บุรี,อำเภอเมืองสิงห์บุรี,ต.บางกระบือ,จำนวนเกษตรกรผู้ปลูกข้าว,463,ราย,สำนักงานเกษตรจังหวัดสิงห์บุรี
2566,จังหวัดสิงห์บุรี,อำเภอบางระจัน,ต.สิงห์,จำนวนเกษตรกรผู้ปลูกข้าว,394,ราย,สำนักงานเกษตรจังหวัดสิงห์บุรี
2566,จังหวัดสิงห์บุรี,อำเภอบางระจัน,ต.ไม้ดัด,จำนวนเกษตรกรผู้ปลูกข้าว,567,ราย,สำนักงานเกษตรจังหวัดสิงห์บุรี
2566,จังหวัดสิงห์บุรี,อำเภอบางระจัน,ต.เชิงกลัด,จำนวนเกษตรกรผู้ปลูกข้าว,463,ราย,สำนักงานเกษตรจังหวัดสิงห์บุรี
2566,จังหวัดสิงห์บุรี,อำเภอบางระจัน,ต.โพชนไก่,จำนวนเกษตรกรผู้ปลูกข้าว,377,ราย,สำนักงานเกษตรจังหวัดสิงห์บุรี
2566,จังหวัดสิงห์บุรี,อำเภอบางระจัน,ต.แม่ลา,จำนวนเกษตรกรผู้ปลูกข้าว,334,ราย,สำนักงานเกษตรจังหวัดสิงห์บุรี
2566,จังหวัดสิงห์บุรี,อำเภอบางระจัน,ต.บ้านจ่า,จำนวนเกษตรกรผู้ปลูกข้าว,435,ราย,สำนักงานเกษตรจังหวัดสิงห์บุรี
2566,จังหวัดสิงห์บุรี,อำเภอบางระจัน,ต.พักทัน,จำนวนเกษตรกรผู้ปลูกข้าว,705,ราย,สำนักงานเกษตรจังหวัดสิงห์บุรี
2566,จังหวัดสิงห์บุรี,อำเภอบางระจัน,ต.สระแจง,จำนวนเกษตรกรผู้ปลูกข้าว,492,ราย,สำนักงานเกษตรจังหวัดสิงห์บุรี
2566,จังหวัดสิงห์บุรี,อำเภอค่ายบางระจัน,ต.โพทะเล,จำนวนเกษตรกรผู้ปลูกข้าว,515,ราย,สำนักงานเกษตรจังหวัดสิงห์บุรี
2566,จังหวัดสิงห์บุรี,อำเภอค่ายบางระจัน,ต.บางระจัน,จำนวนเกษตรกรผู้ปลูกข้าว,456,ราย,สำนักงานเกษตรจังหวัดสิงห์บุรี
2566,จังหวัดสิงห์บุรี,อำเภอค่ายบางระจัน,ต.โพสังโฆ,จำนวนเกษตรกรผู้ปลูกข้าว,306,ราย,สำนักงานเกษตรจังหวัดสิงห์บุรี
2566,จังหวัดสิงห์บุรี,อำเภอค่ายบางระจัน,ต.ท่าข้าม,จำนวนเกษตรกรผู้ปลูกข้าว,121,ราย,สำนักงานเกษตรจังหวัดสิงห์บุรี
2566,จังหวัดสิงห์บุรี,อำเภอค่ายบางระจัน,ต.คอทราย,จำนวนเกษตรกรผู้ปลูกข้าว,394,ราย,สำนักงานเกษตรจังหวัดสิงห์บุรี
2566,จังหวัดสิงห์บุรี,อำเภอค่ายบางระจัน,ต.หนองกระทุ่ม,จำนวนเกษตรกรผู้ปลูกข้าว,296,ราย,สำนักงานเกษตรจังหวัดสิงห์บุรี
2566,จังหวัดสิงห์บุรี,อำเภอพรหมบุรี,ต.พระงาม,จำนวนเกษตรกรผู้ปลูกข้าว,207,ราย,สำนักงานเกษตรจังหวัดสิงห์บุรี
2566,จังหวัดสิงห์บุรี,อำเภอพรหมบุรี,ต.พรหมบุรี,จำนวนเกษตรกรผู้ปลูกข้าว,92,ราย,สำนักงานเกษตรจังหวัดสิงห์บุรี
2566,จังหวัดสิงห์บุรี,อำเภอพรหมบุรี,ต.บางน้ำเชี่ยว,จำนวนเกษตรกรผู้ปลูกข้าว,107,ราย,สำนักงานเกษตรจังหวัดสิงห์บุรี
2566,จังหวัดสิงห์บุรี,อำเภอพรหมบุรี,ต.บ้านหม้อ,จำนวนเกษตรกรผู้ปลูกข้าว,320,ราย,สำนักงานเกษตรจังหวัดสิงห์บุรี
2566,จังหวัดสิงห์บุรี,อำเภอพรหมบุรี,ต.บ้านแป้ง,จำนวนเกษตรกรผู้ปลูกข้าว,136,ราย,สำนักงานเกษตรจังหวัดสิงห์บุรี
2566,จังหวัดสิงห์บุรี,อำเภอพรหมบุรี,ต.หัวป่า,จำนวนเกษตรกรผู้ปลูกข้าว,130,ราย,สำนักงานเกษตรจังหวัดสิงห์บุรี
2566,จังหวัดสิงห์บุรี,อำเภอพรหมบุรี,ต.โรงช้าง,จำนวนเกษตรกรผู้ปลูกข้าว,127,ราย,สำนักงานเกษตรจังหวัดสิงห์บุรี
2566,จังหวัดสิงห์บุรี,อำเภอท่าช้าง,ต.ถอนสมอ,จำนวนเกษตรกรผู้ปลูกข้าว,197,ราย,สำนักงานเกษตรจังหวัดสิงห์บุรี
2566,จังหวัดสิงห์บุรี,อำเภอท่าช้าง,ต.โพประจักษ์,จำนวนเกษตรกรผู้ปลูกข้าว,381,ราย,สำนักงานเกษตรจังหวัดสิงห์บุรี
2566,จังหวัดสิงห์บุรี,อำเภอท่าช้าง,ต.วิหารขาว,จำนวนเกษตรกรผู้ปลูกข้าว,162,ราย,สำนักงานเกษตรจังหวัดสิงห์บุรี
2566,จังหวัดสิงห์บุรี,อำเภอท่าช้าง,ต.พิกุลทอง,จำนวนเกษตรกรผู้ปลูกข้าว,178,ราย,สำนักงานเกษตรจังหวัดสิงห์บุรี
2566,จังหวัดสิงห์บุรี,อำเภออินทร์บุรี,ต.อินทร์บุรี,จำนวนเกษตรกรผู้ปลูกข้าว,200,ราย,สำนักงานเกษตรจังหวัดสิงห์บุรี
2566,จังหวัดสิงห์บุรี,อำเภออินทร์บุรี,ต.ประศุก,จำนวนเกษตรกรผู้ปลูกข้าว,610,ราย,สำนักงานเกษตรจังหวัดสิงห์บุรี
2566,จังหวัดสิงห์บุรี,อำเภออินทร์บุรี,ต.ทับยา,จำนวนเกษตรกรผู้ปลูกข้าว,428,ราย,สำนักงานเกษตรจังหวัดสิงห์บุรี
2566,จังหวัดสิงห์บุรี,อำเภออินทร์บุรี,ต.งิ้วราย,จำนวนเกษตรกรผู้ปลูกข้าว,545,ราย,สำนักงานเกษตรจังหวัดสิงห์บุรี
2566,จังหวัดสิงห์บุรี,อำเภออินทร์บุรี,ต.ชีน้ำร้าย,จำนวนเกษตรกรผู้ปลูกข้าว,544,ราย,สำนักงานเกษตรจังหวัดสิงห์บุรี
2566,จังหวัดสิงห์บุรี,อำเภออินทร์บุรี,ต.ท่างาม,จำนวนเกษตรกรผู้ปลูกข้าว,389,ราย,สำนักงานเกษตรจังหวัดสิงห์บุรี
2566,จังหวัดสิงห์บุรี,อำเภออินทร์บุรี,ต.น้ำตาล,จำนวนเกษตรกรผู้ปลูกข้าว,454,ราย,สำนักงานเกษตรจังหวัดสิงห์บุรี
2566,จังหวัดสิงห์บุรี,อำเภออินทร์บุรี,ต.ทองเอน,จำนวนเกษตรกรผู้ปลูกข้าว,844,ราย,สำนักงานเกษตรจังหวัดสิงห์บุรี
2566,จังหวัดสิงห์บุรี,อำเภออินทร์บุรี,ต.ห้วยชัน,จำนวนเกษตรกรผู้ปลูกข้าว,974,ราย,สำนักงานเกษตรจังหวัดสิงห์บุรี
2566,จังหวัดสิงห์บุรี,อำเภออินทร์บุรี,ต.โพธิ์ชัย,จำนวนเกษตรกรผู้ปลูกข้าว,607,ราย,สำนักงานเกษตรจังหวัดสิงห์บุรี
2567,จังหวัดสิงห์บุรี,อำเภอเมืองสิงห์บุรี,ต.บางพุทรา,จำนวนเกษตรกรผู้ปลูกข้าว,0,ราย,สำนักงานเกษตรจังหวัดสิงห์บุรี
2567,จังหวัดสิงห์บุรี,อำเภอเมืองสิงห์บุรี,ต.บางมัญ,จำนวนเกษตรกรผู้ปลูกข้าว,338,ราย,สำนักงานเกษตรจังหวัดสิงห์บุรี
2567,จังหวัดสิงห์บุรี,อำเภอเมืองสิงห์บุรี,ต.โพกรวม,จำนวนเกษตรกรผู้ปลูกข้าว,351,ราย,สำนักงานเกษตรจังหวัดสิงห์บุรี
2567,จังหวัดสิงห์บุรี,อำเภอเมืองสิงห์บุรี,ต.ม่วงหมู่,จำนวนเกษตรกรผู้ปลูกข้าว,70,ราย,สำนักงานเกษตรจังหวัดสิงห์บุรี
2567,จังหวัดสิงห์บุรี,อำเภอเมืองสิงห์บุรี,ต.หัวไผ่,จำนวนเกษตรกรผู้ปลูกข้าว,529,ราย,สำนักงานเกษตรจังหวัดสิงห์บุรี
2567,จังหวัดสิงห์บุรี,อำเภอเมืองสิงห์บุรี,ต.ต้นโพธิ์,จำนวนเกษตรกรผู้ปลูกข้าว,216,ราย,สำนักงานเกษตรจังหวัดสิงห์บุรี
2567,จังหวัดสิงห์บุรี,อำเภอเมืองสิงห์บุรี,ต.จักรสีห์,จำนวนเกษตรกรผู้ปลูกข้าว,238,ราย,สำนักงานเกษตรจังหวัดสิงห์บุรี
2567,จังหวัดสิงห์บุรี,อำเภอเมืองสิงห์บุรี,ต.บางกระบือ,จำนวนเกษตรกรผู้ปลูกข้าว,469,ราย,สำนักงานเกษตรจังหวัดสิงห์บุรี
2567,จังหวัดสิงห์บุรี,อำเภอบางระจัน,ต.สิงห์,จำนวนเกษตรกรผู้ปลูกข้าว,410,ราย,สำนักงานเกษตรจังหวัดสิงห์บุรี
2567,จังหวัดสิงห์บุรี,อำเภอบางระจัน,ต.ไม้ดัด,จำนวนเกษตรกรผู้ปลูกข้าว,596,ราย,สำนักงานเกษตรจังหวัดสิงห์บุรี
2567,จังหวัดสิงห์บุรี,อำเภอบางระจัน,ต.เชิงกลัด,จำนวนเกษตรกรผู้ปลูกข้าว,468,ราย,สำนักงานเกษตรจังหวัดสิงห์บุรี
2567,จังหวัดสิงห์บุรี,อำเภอบางระจัน,ต.โพชนไก่,จำนวนเกษตรกรผู้ปลูกข้าว,422,ราย,สำนักงานเกษตรจังหวัดสิงห์บุรี
2567,จังหวัดสิงห์บุรี,อำเภอบางระจัน,ต.แม่ลา,จำนวนเกษตรกรผู้ปลูกข้าว,337,ราย,สำนักงานเกษตรจังหวัดสิงห์บุรี
2567,จังหวัดสิงห์บุรี,อำเภอบางระจัน,ต.บ้านจ่า,จำนวนเกษตรกรผู้ปลูกข้าว,449,ราย,สำนักงานเกษตรจังหวัดสิงห์บุรี
2567,จังหวัดสิงห์บุรี,อำเภอบางระจัน,ต.พักทัน,จำนวนเกษตรกรผู้ปลูกข้าว,711,ราย,สำนักงานเกษตรจังหวัดสิงห์บุรี
2567,จังหวัดสิงห์บุรี,อำเภอบางระจัน,ต.สระแจง,จำนวนเกษตรกรผู้ปลูกข้าว,507,ราย,สำนักงานเกษตรจังหวัดสิงห์บุรี
2567,จังหวัดสิงห์บุรี,อำเภอค่ายบางระจัน,ต.โพทะเล,จำนวนเกษตรกรผู้ปลูกข้าว,501,ราย,สำนักงานเกษตรจังหวัดสิงห์บุรี
2567,จังหวัดสิงห์บุรี,อำเภอค่ายบางระจัน,ต.บางระจัน,จำนวนเกษตรกรผู้ปลูกข้าว,448,ราย,สำนักงานเกษตรจังหวัดสิงห์บุรี
2567,จังหวัดสิงห์บุรี,อำเภอค่ายบางระจัน,ต.โพสังโฆ,จำนวนเกษตรกรผู้ปลูกข้าว,286,ราย,สำนักงานเกษตรจังหวัดสิงห์บุรี
2567,จังหวัดสิงห์บุรี,อำเภอค่ายบางระจัน,ต.ท่าข้าม,จำนวนเกษตรกรผู้ปลูกข้าว,127,ราย,สำนักงานเกษตรจังหวัดสิงห์บุรี
2567,จังหวัดสิงห์บุรี,อำเภอค่ายบางระจัน,ต.คอทราย,จำนวนเกษตรกรผู้ปลูกข้าว,375,ราย,สำนักงานเกษตรจังหวัดสิงห์บุรี
2567,จังหวัดสิงห์บุรี,อำเภอค่ายบางระจัน,ต.หนองกระทุ่ม,จำนวนเกษตรกรผู้ปลูกข้าว,293,ราย,สำนักงานเกษตรจังหวัดสิงห์บุรี
2567,จังหวัดสิงห์บุรี,อำเภอพรหมบุรี,ต.พระงาม,จำนวนเกษตรกรผู้ปลูกข้าว,223,ราย,สำนักงานเกษตรจังหวัดสิงห์บุรี
2567,จังหวัดสิงห์บุรี,อำเภอพรหมบุรี,ต.พรหมบุรี,จำนวนเกษตรกรผู้ปลูกข้าว,88,ราย,สำนักงานเกษตรจังหวัดสิงห์บุรี
2567,จังหวัดสิงห์บุรี,อำเภอพรหมบุรี,ต.บางน้ำเชี่ยว,จำนวนเกษตรกรผู้ปลูกข้าว,119,ราย,สำนักงานเกษตรจังหวัดสิงห์บุรี
2567,จังหวัดสิงห์บุรี,อำเภอพรหมบุรี,ต.บ้านหม้อ,จำนวนเกษตรกรผู้ปลูกข้าว,330,ราย,สำนักงานเกษตรจังหวัดสิงห์บุรี
2567,จังหวัดสิงห์บุรี,อำเภอพรหมบุรี,ต.บ้านแป้ง,จำนวนเกษตรกรผู้ปลูกข้าว,138,ราย,สำนักงานเกษตรจังหวัดสิงห์บุรี
2567,จังหวัดสิงห์บุรี,อำเภอพรหมบุรี,ต.หัวป่า,จำนวนเกษตรกรผู้ปลูกข้าว,137,ราย,สำนักงานเกษตรจังหวัดสิงห์บุรี
2567,จังหวัดสิงห์บุรี,อำเภอพรหมบุรี,ต.โรงช้าง,จำนวนเกษตรกรผู้ปลูกข้าว,134,ราย,สำนักงานเกษตรจังหวัดสิงห์บุรี
2567,จังหวัดสิงห์บุรี,อำเภอท่าช้าง,ต.ถอนสมอ,จำนวนเกษตรกรผู้ปลูกข้าว,203,ราย,สำนักงานเกษตรจังหวัดสิงห์บุรี
2567,จังหวัดสิงห์บุรี,อำเภอท่าช้าง,ต.โพประจักษ์,จำนวนเกษตรกรผู้ปลูกข้าว,391,ราย,สำนักงานเกษตรจังหวัดสิงห์บุรี
2567,จังหวัดสิงห์บุรี,อำเภอท่าช้าง,ต.วิหารขาว,จำนวนเกษตรกรผู้ปลูกข้าว,164,ราย,สำนักงานเกษตรจังหวัดสิงห์บุรี
2567,จังหวัดสิงห์บุรี,อำเภอท่าช้าง,ต.พิกุลทอง,จำนวนเกษตรกรผู้ปลูกข้าว,179,ราย,สำนักงานเกษตรจังหวัดสิงห์บุรี
2567,จังหวัดสิงห์บุรี,อำเภออินทร์บุรี,ต.อินทร์บุรี,จำนวนเกษตรกรผู้ปลูกข้าว,199,ราย,สำนักงานเกษตรจังหวัดสิงห์บุรี
2567,จังหวัดสิงห์บุรี,อำเภออินทร์บุรี,ต.ประศุก,จำนวนเกษตรกรผู้ปลูกข้าว,597,ราย,สำนักงานเกษตรจังหวัดสิงห์บุรี
2567,จังหวัดสิงห์บุรี,อำเภออินทร์บุรี,ต.ทับยา,จำนวนเกษตรกรผู้ปลูกข้าว,424,ราย,สำนักงานเกษตรจังหวัดสิงห์บุรี
2567,จังหวัดสิงห์บุรี,อำเภออินทร์บุรี,ต.งิ้วราย,จำนวนเกษตรกรผู้ปลูกข้าว,551,ราย,สำนักงานเกษตรจังหวัดสิงห์บุรี
2567,จังหวัดสิงห์บุรี,อำเภออินทร์บุรี,ต.ชีน้ำร้าย,จำนวนเกษตรกรผู้ปลูกข้าว,555,ราย,สำนักงานเกษตรจังหวัดสิงห์บุรี
2567,จังหวัดสิงห์บุรี,อำเภออินทร์บุรี,ต.ท่างาม,จำนวนเกษตรกรผู้ปลูกข้าว,378,ราย,สำนักงานเกษตรจังหวัดสิงห์บุรี
2567,จังหวัดสิงห์บุรี,อำเภออินทร์บุรี,ต.น้ำตาล,จำนวนเกษตรกรผู้ปลูกข้าว,439,ราย,สำนักงานเกษตรจังหวัดสิงห์บุรี
2567,จังหวัดสิงห์บุรี,อำเภออินทร์บุรี,ต.ทองเอน,จำนวนเกษตรกรผู้ปลูกข้าว,846,ราย,สำนักงานเกษตรจังหวัดสิงห์บุรี
2567,จังหวัดสิงห์บุรี,อำเภออินทร์บุรี,ต.ห้วยชัน,จำนวนเกษตรกรผู้ปลูกข้าว,945,ราย,สำนักงานเกษตรจังหวัดสิงห์บุรี
2567,จังหวัดสิงห์บุรี,อำเภออินทร์บุรี,ต.โพธิ์ชัย,จำนวนเกษตรกรผู้ปลูกข้าว,631,ราย,สำนักงานเกษตรจังหวัดสิงห์บุรี
2568,จังหวัดสิงห์บุรี,อำเภอเมืองสิงห์บุรี,ต.บางพุทรา,จำนวนเกษตรกรผู้ปลูกข้าว,0,ราย,สำนักงานเกษตรจังหวัดสิงห์บุรี
2568,จังหวัดสิงห์บุรี,อำเภอเมืองสิงห์บุรี,ต.บางมัญ,จำนวนเกษตรกรผู้ปลูกข้าว,345,ราย,สำนักงานเกษตรจังหวัดสิงห์บุรี
2568,จังหวัดสิงห์บุรี,อำเภอเมืองสิงห์บุรี,ต.โพกรวม,จำนวนเกษตรกรผู้ปลูกข้าว,366,ราย,สำนักงานเกษตรจังหวัดสิงห์บุรี
2568,จังหวัดสิงห์บุรี,อำเภอเมืองสิงห์บุรี,ต.ม่วงหมู่,จำนวนเกษตรกรผู้ปลูกข้าว,72,ราย,สำนักงานเกษตรจังหวัดสิงห์บุรี
2568,จังหวัดสิงห์บุรี,อำเภอเมืองสิงห์บุรี,ต.หัวไผ่,จำนวนเกษตรกรผู้ปลูกข้าว,544,ราย,สำนักงานเกษตรจังหวัดสิงห์บุรี
2568,จังหวัดสิงห์บุรี,อำเภอเมืองสิงห์บุรี,ต.ต้นโพธิ์,จำนวนเกษตรกรผู้ปลูกข้าว,206,ราย,สำนักงานเกษตรจังหวัดสิงห์บุรี
2568,จังหวัดสิงห์บุรี,อำเภอเมืองสิงห์บุรี,ต.จักรสีห์,จำนวนเกษตรกรผู้ปลูกข้าว,234,ราย,สำนักงานเกษตรจังหวัดสิงห์บุรี
2568,จังหวัดสิงห์บุรี,อำเภอเมืองสิงห์บุรี,ต.บางกระบือ,จำนวนเกษตรกรผู้ปลูกข้าว,487,ราย,สำนักงานเกษตรจังหวัดสิงห์บุรี
2568,จังหวัดสิงห์บุรี,อำเภอบางระจัน,ต.สิงห์,จำนวนเกษตรกรผู้ปลูกข้าว,411,ราย,สำนักงานเกษตรจังหวัดสิงห์บุรี
2568,จังหวัดสิงห์บุรี,อำเภอบางระจัน,ต.ไม้ดัด,จำนวนเกษตรกรผู้ปลูกข้าว,607,ราย,สำนักงานเกษตรจังหวัดสิงห์บุรี
2568,จังหวัดสิงห์บุรี,อำเภอบางระจัน,ต.เชิงกลัด,จำนวนเกษตรกรผู้ปลูกข้าว,482,ราย,สำนักงานเกษตรจังหวัดสิงห์บุรี
2568,จังหวัดสิงห์บุรี,อำเภอบางระจัน,ต.โพชนไก่,จำนวนเกษตรกรผู้ปลูกข้าว,410,ราย,สำนักงานเกษตรจังหวัดสิงห์บุรี
2568,จังหวัดสิงห์บุรี,อำเภอบางระจัน,ต.แม่ลา,จำนวนเกษตรกรผู้ปลูกข้าว,335,ราย,สำนักงานเกษตรจังหวัดสิงห์บุรี
2568,จังหวัดสิงห์บุรี,อำเภอบางระจัน,ต.บ้านจ่า,จำนวนเกษตรกรผู้ปลูกข้าว,459,ราย,สำนักงานเกษตรจังหวัดสิงห์บุรี
2568,จังหวัดสิงห์บุรี,อำเภอบางระจัน,ต.พักทัน,จำนวนเกษตรกรผู้ปลูกข้าว,707,ราย,สำนักงานเกษตรจังหวัดสิงห์บุรี
2568,จังหวัดสิงห์บุรี,อำเภอบางระจัน,ต.สระแจง,จำนวนเกษตรกรผู้ปลูกข้าว,516,ราย,สำนักงานเกษตรจังหวัดสิงห์บุรี
2568,จังหวัดสิงห์บุรี,อำเภอค่ายบางระจัน,ต.โพทะเล,จำนวนเกษตรกรผู้ปลูกข้าว,501,ราย,สำนักงานเกษตรจังหวัดสิงห์บุรี
2568,จังหวัดสิงห์บุรี,อำเภอค่ายบางระจัน,ต.บางระจัน,จำนวนเกษตรกรผู้ปลูกข้าว,476,ราย,สำนักงานเกษตรจังหวัดสิงห์บุรี
2568,จังหวัดสิงห์บุรี,อำเภอค่ายบางระจัน,ต.โพสังโฆ,จำนวนเกษตรกรผู้ปลูกข้าว,293,ราย,สำนักงานเกษตรจังหวัดสิงห์บุรี
2568,จังหวัดสิงห์บุรี,อำเภอค่ายบางระจัน,ต.ท่าข้าม,จำนวนเกษตรกรผู้ปลูกข้าว,118,ราย,สำนักงานเกษตรจังหวัดสิงห์บุรี
2568,จังหวัดสิงห์บุรี,อำเภอค่ายบางระจัน,ต.คอทราย,จำนวนเกษตรกรผู้ปลูกข้าว,376,ราย,สำนักงานเกษตรจังหวัดสิงห์บุรี
2568,จังหวัดสิงห์บุรี,อำเภอค่ายบางระจัน,ต.หนองกระทุ่ม,จำนวนเกษตรกรผู้ปลูกข้าว,292,ราย,สำนักงานเกษตรจังหวัดสิงห์บุรี
2568,จังหวัดสิงห์บุรี,อำเภอพรหมบุรี,ต.พระงาม,จำนวนเกษตรกรผู้ปลูกข้าว,221,ราย,สำนักงานเกษตรจังหวัดสิงห์บุรี
2568,จังหวัดสิงห์บุรี,อำเภอพรหมบุรี,ต.พรหมบุรี,จำนวนเกษตรกรผู้ปลูกข้าว,93,ราย,สำนักงานเกษตรจังหวัดสิงห์บุรี
2568,จังหวัดสิงห์บุรี,อำเภอพรหมบุรี,ต.บางน้ำเชี่ยว,จำนวนเกษตรกรผู้ปลูกข้าว,110,ราย,สำนักงานเกษตรจังหวัดสิงห์บุรี
2568,จังหวัดสิงห์บุรี,อำเภอพรหมบุรี,ต.บ้านหม้อ,จำนวนเกษตรกรผู้ปลูกข้าว,347,ราย,สำนักงานเกษตรจังหวัดสิงห์บุรี
2568,จังหวัดสิงห์บุรี,อำเภอพรหมบุรี,ต.บ้านแป้ง,จำนวนเกษตรกรผู้ปลูกข้าว,124,ราย,สำนักงานเกษตรจังหวัดสิงห์บุรี
2568,จังหวัดสิงห์บุรี,อำเภอพรหมบุรี,ต.หัวป่า,จำนวนเกษตรกรผู้ปลูกข้าว,142,ราย,สำนักงานเกษตรจังหวัดสิงห์บุรี
2568,จังหวัดสิงห์บุรี,อำเภอพรหมบุรี,ต.โรงช้าง,จำนวนเกษตรกรผู้ปลูกข้าว,132,ราย,สำนักงานเกษตรจังหวัดสิงห์บุรี
2568,จังหวัดสิงห์บุรี,อำเภอท่าช้าง,ต.ถอนสมอ,จำนวนเกษตรกรผู้ปลูกข้าว,203,ราย,สำนักงานเกษตรจังหวัดสิงห์บุรี
2568,จังหวัดสิงห์บุรี,อำเภอท่าช้าง,ต.โพประจักษ์,จำนวนเกษตรกรผู้ปลูกข้าว,407,ราย,สำนักงานเกษตรจังหวัดสิงห์บุรี
2568,จังหวัดสิงห์บุรี,อำเภอท่าช้าง,ต.วิหารขาว,จำนวนเกษตรกรผู้ปลูกข้าว,171,ราย,สำนักงานเกษตรจังหวัดสิงห์บุรี
2568,จังหวัดสิงห์บุรี,อำเภอท่าช้าง,ต.พิกุลทอง,จำนวนเกษตรกรผู้ปลูกข้าว,178,ราย,สำนักงานเกษตรจังหวัดสิงห์บุรี
2568,จังหวัดสิงห์บุรี,อำเภออินทร์บุรี,ต.อินทร์บุรี,จำนวนเกษตรกรผู้ปลูกข้าว,202,ราย,สำนักงานเกษตรจังหวัดสิงห์บุรี
2568,จังหวัดสิงห์บุรี,อำเภออินทร์บุรี,ต.ประศุก,จำนวนเกษตรกรผู้ปลูกข้าว,591,ราย,สำนักงานเกษตรจังหวัดสิงห์บุรี
2568,จังหวัดสิงห์บุรี,อำเภออินทร์บุรี,ต.ทับยา,จำนวนเกษตรกรผู้ปลูกข้าว,428,ราย,สำนักงานเกษตรจังหวัดสิงห์บุรี
2568,จังหวัดสิงห์บุรี,อำเภออินทร์บุรี,ต.งิ้วราย,จำนวนเกษตรกรผู้ปลูกข้าว,552,ราย,สำนักงานเกษตรจังหวัดสิงห์บุรี
2568,จังหวัดสิงห์บุรี,อำเภออินทร์บุรี,ต.ชีน้ำร้าย,จำนวนเกษตรกรผู้ปลูกข้าว,582,ราย,สำนักงานเกษตรจังหวัดสิงห์บุรี
2568,จังหวัดสิงห์บุรี,อำเภออินทร์บุรี,ต.ท่างาม,จำนวนเกษตรกรผู้ปลูกข้าว,386,ราย,สำนักงานเกษตรจังหวัดสิงห์บุรี
2568,จังหวัดสิงห์บุรี,อำเภออินทร์บุรี,ต.น้ำตาล,จำนวนเกษตรกรผู้ปลูกข้าว,442,ราย,สำนักงานเกษตรจังหวัดสิงห์บุรี
2568,จังหวัดสิงห์บุรี,อำเภออินทร์บุรี,ต.ทองเอน,จำนวนเกษตรกรผู้ปลูกข้าว,869,ราย,สำนักงานเกษตรจังหวัดสิงห์บุรี
2568,จังหวัดสิงห์บุรี,อำเภออินทร์บุรี,ต.ห้วยชัน,จำนวนเกษตรกรผู้ปลูกข้าว,925,ราย,สำนักงานเกษตรจังหวัดสิงห์บุรี
2568,จังหวัดสิงห์บุรี,อำเภออินทร์บุรี,ต.โพธิ์ชัย,จำนวนเกษตรกรผู้ปลูกข้าว,625,ราย,สำนักงานเกษตรจังหวัดสิงห์บุรี
