year,Province,Amphone,district,Item,Value,Unit,Source
2560,จังหวัดสิงห์บุรี,อำเภอเมืองสิงห์บุรี,ต.บางพุทรา,จำนวนเกษตรกรในพืนที่,123,ราย,สำนักงานเกษตรจังหวัดสิงห์บุรี
2560,จังหวัดสิงห์บุรี,อำเภอเมืองสิงห์บุรี,ต.บางมัญ,จำนวนเกษตรกรในพืนที่,409,ราย,สำนักงานเกษตรจังหวัดสิงห์บุรี
2560,จังหวัดสิงห์บุรี,อำเภอเมืองสิงห์บุรี,ต.โพกรวม,จำนวนเกษตรกรในพืนที่,384,ราย,สำนักงานเกษตรจังหวัดสิงห์บุรี
2560,จังหวัดสิงห์บุรี,อำเภอเมืองสิงห์บุรี,ต.ม่วงหมู่,จำนวนเกษตรกรในพืนที่,384,ราย,สำนักงานเกษตรจังหวัดสิงห์บุรี
2560,จังหวัดสิงห์บุรี,อำเภอเมืองสิงห์บุรี,ต.หัวไผ่,จำนวนเกษตรกรในพืนที่,760,ราย,สำนักงานเกษตรจังหวัดสิงห์บุรี
2560,จังหวัดสิงห์บุรี,อำเภอเมืองสิงห์บุรี,ต.ต้นโพธิ์,จำนวนเกษตรกรในพืนที่,594,ราย,สำนักงานเกษตรจังหวัดสิงห์บุรี
2560,จังหวัดสิงห์บุรี,อำเภอเมืองสิงห์บุรี,ต.จักรสีห์,จำนวนเกษตรกรในพืนที่,329,ราย,สำนักงานเกษตรจังหวัดสิงห์บุรี
2560,จังหวัดสิงห์บุรี,อำเภอเมืองสิงห์บุรี,ต.บางกระบือ,จำนวนเกษตรกรในพืนที่,522,ราย,สำนักงานเกษตรจังหวัดสิงห์บุรี
2560,จังหวัดสิงห์บุรี,อำเภอบางระจัน,ต.สิงห์,จำนวนเกษตรกรในพืนที่,384,ราย,สำนักงานเกษตรจังหวัดสิงห์บุรี
2560,จังหวัดสิงห์บุรี,อำเภอบางระจัน,ต.ไม้ดัด,จำนวนเกษตรกรในพืนที่,744,ราย,สำนักงานเกษตรจังหวัดสิงห์บุรี
2560,จังหวัดสิงห์บุรี,อำเภอบางระจัน,ต.เชิงกลัด,จำนวนเกษตรกรในพืนที่,588,ราย,สำนักงานเกษตรจังหวัดสิงห์บุรี
2560,จังหวัดสิงห์บุรี,อำเภอบางระจัน,ต.โพชนไก่,จำนวนเกษตรกรในพืนที่,529,ราย,สำนักงานเกษตรจังหวัดสิงห์บุรี
2560,จังหวัดสิงห์บุรี,อำเภอบางระจัน,ต.แม่ลา,จำนวนเกษตรกรในพืนที่,261,ราย,สำนักงานเกษตรจังหวัดสิงห์บุรี
2560,จังหวัดสิงห์บุรี,อำเภอบางระจัน,ต.บ้านจ่า,จำนวนเกษตรกรในพืนที่,490,ราย,สำนักงานเกษตรจังหวัดสิงห์บุรี
2560,จังหวัดสิงห์บุรี,อำเภอบางระจัน,ต.พักทัน,จำนวนเกษตรกรในพืนที่,700,ราย,สำนักงานเกษตรจังหวัดสิงห์บุรี
2560,จังหวัดสิงห์บุรี,อำเภอบางระจัน,ต.สระแจง,จำนวนเกษตรกรในพืนที่,626,ราย,สำนักงานเกษตรจังหวัดสิงห์บุรี
2560,จังหวัดสิงห์บุรี,อำเภอค่ายบางระจัน,ต.โพทะเล,จำนวนเกษตรกรในพืนที่,608,ราย,สำนักงานเกษตรจังหวัดสิงห์บุรี
2560,จังหวัดสิงห์บุรี,อำเภอค่ายบางระจัน,ต.บางระจัน,จำนวนเกษตรกรในพืนที่,466,ราย,สำนักงานเกษตรจังหวัดสิงห์บุรี
2560,จังหวัดสิงห์บุรี,อำเภอค่ายบางระจัน,ต.โพสังโฆ,จำนวนเกษตรกรในพืนที่,453,ราย,สำนักงานเกษตรจังหวัดสิงห์บุรี
2560,จังหวัดสิงห์บุรี,อำเภอค่ายบางระจัน,ต.ท่าข้าม,จำนวนเกษตรกรในพืนที่,274,ราย,สำนักงานเกษตรจังหวัดสิงห์บุรี
2560,จังหวัดสิงห์บุรี,อำเภอค่ายบางระจัน,ต.คอทราย,จำนวนเกษตรกรในพืนที่,264,ราย,สำนักงานเกษตรจังหวัดสิงห์บุรี
2560,จังหวัดสิงห์บุรี,อำเภอค่ายบางระจัน,ต.หนองกระทุ่ม,จำนวนเกษตรกรในพืนที่,296,ราย,สำนักงานเกษตรจังหวัดสิงห์บุรี
2560,จังหวัดสิงห์บุรี,อำเภอพรหมบุรี,ต.พระงาม,จำนวนเกษตรกรในพืนที่,572,ราย,สำนักงานเกษตรจังหวัดสิงห์บุรี
2560,จังหวัดสิงห์บุรี,อำเภอพรหมบุรี,ต.พรหมบุรี,จำนวนเกษตรกรในพืนที่,280,ราย,สำนักงานเกษตรจังหวัดสิงห์บุรี
2560,จังหวัดสิงห์บุรี,อำเภอพรหมบุรี,ต.บางน้ำเชี่ยว,จำนวนเกษตรกรในพืนที่,320,ราย,สำนักงานเกษตรจังหวัดสิงห์บุรี
2560,จังหวัดสิงห์บุรี,อำเภอพรหมบุรี,ต.บ้านหม้อ,จำนวนเกษตรกรในพืนที่,349,ราย,สำนักงานเกษตรจังหวัดสิงห์บุรี
2560,จังหวัดสิงห์บุรี,อำเภอพรหมบุรี,ต.บ้านแป้ง,จำนวนเกษตรกรในพืนที่,265,ราย,สำนักงานเกษตรจังหวัดสิงห์บุรี
2560,จังหวัดสิงห์บุรี,อำเภอพรหมบุรี,ต.หัวป่า,จำนวนเกษตรกรในพืนที่,198,ราย,สำนักงานเกษตรจังหวัดสิงห์บุรี
2560,จังหวัดสิงห์บุรี,อำเภอพรหมบุรี,ต.โรงช้าง,จำนวนเกษตรกรในพืนที่,371,ราย,สำนักงานเกษตรจังหวัดสิงห์บุรี
2560,จังหวัดสิงห์บุรี,อำเภอท่าช้าง,ต.ถอนสมอ,จำนวนเกษตรกรในพืนที่,731,ราย,สำนักงานเกษตรจังหวัดสิงห์บุรี
2560,จังหวัดสิงห์บุรี,อำเภอท่าช้าง,ต.โพประจักษ์,จำนวนเกษตรกรในพืนที่,432,ราย,สำนักงานเกษตรจังหวัดสิงห์บุรี
2560,จังหวัดสิงห์บุรี,อำเภอท่าช้าง,ต.วิหารขาว,จำนวนเกษตรกรในพืนที่,337,ราย,สำนักงานเกษตรจังหวัดสิงห์บุรี
2560,จังหวัดสิงห์บุรี,อำเภอท่าช้าง,ต.พิกุลทอง,จำนวนเกษตรกรในพืนที่,349,ราย,สำนักงานเกษตรจังหวัดสิงห์บุรี
2560,จังหวัดสิงห์บุรี,อำเภออินทร์บุรี,ต.อินทร์บุรี,จำนวนเกษตรกรในพืนที่,569,ราย,สำนักงานเกษตรจังหวัดสิงห์บุรี
2560,จังหวัดสิงห์บุรี,อำเภออินทร์บุรี,ต.ประศุก,จำนวนเกษตรกรในพืนที่,731,ราย,สำนักงานเกษตรจังหวัดสิงห์บุรี
2560,จังหวัดสิงห์บุรี,อำเภออินทร์บุรี,ต.ทับยา,จำนวนเกษตรกรในพืนที่,566,ราย,สำนักงานเกษตรจังหวัดสิงห์บุรี
2560,จังหวัดสิงห์บุรี,อำเภออินทร์บุรี,ต.งิ้วราย,จำนวนเกษตรกรในพืนที่,714,ราย,สำนักงานเกษตรจังหวัดสิงห์บุรี
2560,จังหวัดสิงห์บุรี,อำเภออินทร์บุรี,ต.ชีน้ำร้าย,จำนวนเกษตรกรในพืนที่,693,ราย,สำนักงานเกษตรจังหวัดสิงห์บุรี
2560,จังหวัดสิงห์บุรี,อำเภออินทร์บุรี,ต.ท่างาม,จำนวนเกษตรกรในพืนที่,693,ราย,สำนักงานเกษตรจังหวัดสิงห์บุรี
2560,จังหวัดสิงห์บุรี,อำเภออินทร์บุรี,ต.น้ำตาล,จำนวนเกษตรกรในพืนที่,466,ราย,สำนักงานเกษตรจังหวัดสิงห์บุรี
2560,จังหวัดสิงห์บุรี,อำเภออินทร์บุรี,ต.ทองเอน,จำนวนเกษตรกรในพืนที่,907,ราย,สำนักงานเกษตรจังหวัดสิงห์บุรี
2560,จังหวัดสิงห์บุรี,อำเภออินทร์บุรี,ต.ห้วยชัน,จำนวนเกษตรกรในพืนที่,528,ราย,สำนักงานเกษตรจังหวัดสิงห์บุรี
2560,จังหวัดสิงห์บุรี,อำเภออินทร์บุรี,ต.โพธิ์ชัย,จำนวนเกษตรกรในพืนที่,474,ราย,สำนักงานเกษตรจังหวัดสิงห์บุรี
2561,จังหวัดสิงห์บุรี,อำเภอเมืองสิงห์บุรี,ต.บางพุทรา,จำนวนเกษตรกรในพืนที่,99,ราย,สำนักงานเกษตรจังหวัดสิงห์บุรี
2561,จังหวัดสิงห์บุรี,อำเภอเมืองสิงห์บุรี,ต.บางมัญ,จำนวนเกษตรกรในพืนที่,448,ราย,สำนักงานเกษตรจังหวัดสิงห์บุรี
2561,จังหวัดสิงห์บุรี,อำเภอเมืองสิงห์บุรี,ต.โพกรวม,จำนวนเกษตรกรในพืนที่,409,ราย,สำนักงานเกษตรจังหวัดสิงห์บุรี
2561,จังหวัดสิงห์บุรี,อำเภอเมืองสิงห์บุรี,ต.ม่วงหมู่,จำนวนเกษตรกรในพืนที่,409,ราย,สำนักงานเกษตรจังหวัดสิงห์บุรี
2561,จังหวัดสิงห์บุรี,อำเภอเมืองสิงห์บุรี,ต.หัวไผ่,จำนวนเกษตรกรในพืนที่,786,ราย,สำนักงานเกษตรจังหวัดสิงห์บุรี
2561,จังหวัดสิงห์บุรี,อำเภอเมืองสิงห์บุรี,ต.ต้นโพธิ์,จำนวนเกษตรกรในพืนที่,532,ราย,สำนักงานเกษตรจังหวัดสิงห์บุรี
2561,จังหวัดสิงห์บุรี,อำเภอเมืองสิงห์บุรี,ต.จักรสีห์,จำนวนเกษตรกรในพืนที่,361,ราย,สำนักงานเกษตรจังหวัดสิงห์บุรี
2561,จังหวัดสิงห์บุรี,อำเภอเมืองสิงห์บุรี,ต.บางกระบือ,จำนวนเกษตรกรในพืนที่,532,ราย,สำนักงานเกษตรจังหวัดสิงห์บุรี
2561,จังหวัดสิงห์บุรี,อำเภอบางระจัน,ต.สิงห์,จำนวนเกษตรกรในพืนที่,401,ราย,สำนักงานเกษตรจังหวัดสิงห์บุรี
2561,จังหวัดสิงห์บุรี,อำเภอบางระจัน,ต.ไม้ดัด,จำนวนเกษตรกรในพืนที่,775,ราย,สำนักงานเกษตรจังหวัดสิงห์บุรี
2561,จังหวัดสิงห์บุรี,อำเภอบางระจัน,ต.เชิงกลัด,จำนวนเกษตรกรในพืนที่,621,ราย,สำนักงานเกษตรจังหวัดสิงห์บุรี
2561,จังหวัดสิงห์บุรี,อำเภอบางระจัน,ต.โพชนไก่,จำนวนเกษตรกรในพืนที่,550,ราย,สำนักงานเกษตรจังหวัดสิงห์บุรี
2561,จังหวัดสิงห์บุรี,อำเภอบางระจัน,ต.แม่ลา,จำนวนเกษตรกรในพืนที่,282,ราย,สำนักงานเกษตรจังหวัดสิงห์บุรี
2561,จังหวัดสิงห์บุรี,อำเภอบางระจัน,ต.บ้านจ่า,จำนวนเกษตรกรในพืนที่,516,ราย,สำนักงานเกษตรจังหวัดสิงห์บุรี
2561,จังหวัดสิงห์บุรี,อำเภอบางระจัน,ต.พักทัน,จำนวนเกษตรกรในพืนที่,724,ราย,สำนักงานเกษตรจังหวัดสิงห์บุรี
2561,จังหวัดสิงห์บุรี,อำเภอบางระจัน,ต.สระแจง,จำนวนเกษตรกรในพืนที่,647,ราย,สำนักงานเกษตรจังหวัดสิงห์บุรี
2561,จังหวัดสิงห์บุรี,อำเภอค่ายบางระจัน,ต.โพทะเล,จำนวนเกษตรกรในพืนที่,646,ราย,สำนักงานเกษตรจังหวัดสิงห์บุรี
2561,จังหวัดสิงห์บุรี,อำเภอค่ายบางระจัน,ต.บางระจัน,จำนวนเกษตรกรในพืนที่,529,ราย,สำนักงานเกษตรจังหวัดสิงห์บุรี
2561,จังหวัดสิงห์บุรี,อำเภอค่ายบางระจัน,ต.โพสังโฆ,จำนวนเกษตรกรในพืนที่,476,ราย,สำนักงานเกษตรจังหวัดสิงห์บุรี
2561,จังหวัดสิงห์บุรี,อำเภอค่ายบางระจัน,ต.ท่าข้าม,จำนวนเกษตรกรในพืนที่,293,ราย,สำนักงานเกษตรจังหวัดสิงห์บุรี
2561,จังหวัดสิงห์บุรี,อำเภอค่ายบางระจัน,ต.คอทราย,จำนวนเกษตรกรในพืนที่,283,ราย,สำนักงานเกษตรจังหวัดสิงห์บุรี
2561,จังหวัดสิงห์บุรี,อำเภอค่ายบางระจัน,ต.หนองกระทุ่ม,จำนวนเกษตรกรในพืนที่,306,ราย,สำนักงานเกษตรจังหวัดสิงห์บุรี
2561,จังหวัดสิงห์บุรี,อำเภอพรหมบุรี,ต.พระงาม,จำนวนเกษตรกรในพืนที่,584,ราย,สำนักงานเกษตรจังหวัดสิงห์บุรี
2561,จังหวัดสิงห์บุรี,อำเภอพรหมบุรี,ต.พรหมบุรี,จำนวนเกษตรกรในพืนที่,291,ราย,สำนักงานเกษตรจังหวัดสิงห์บุรี
2561,จังหวัดสิงห์บุรี,อำเภอพรหมบุรี,ต.บางน้ำเชี่ยว,จำนวนเกษตรกรในพืนที่,321,ราย,สำนักงานเกษตรจังหวัดสิงห์บุรี
2561,จังหวัดสิงห์บุรี,อำเภอพรหมบุรี,ต.บ้านหม้อ,จำนวนเกษตรกรในพืนที่,665,ราย,สำนักงานเกษตรจังหวัดสิงห์บุรี
2561,จังหวัดสิงห์บุรี,อำเภอพรหมบุรี,ต.บ้านแป้ง,จำนวนเกษตรกรในพืนที่,270,ราย,สำนักงานเกษตรจังหวัดสิงห์บุรี
2561,จังหวัดสิงห์บุรี,อำเภอพรหมบุรี,ต.หัวป่า,จำนวนเกษตรกรในพืนที่,214,ราย,สำนักงานเกษตรจังหวัดสิงห์บุรี
2561,จังหวัดสิงห์บุรี,อำเภอพรหมบุรี,ต.โรงช้าง,จำนวนเกษตรกรในพืนที่,375,ราย,สำนักงานเกษตรจังหวัดสิงห์บุรี
2561,จังหวัดสิงห์บุรี,อำเภอท่าช้าง,ต.ถอนสมอ,จำนวนเกษตรกรในพืนที่,731,ราย,สำนักงานเกษตรจังหวัดสิงห์บุรี
2561,จังหวัดสิงห์บุรี,อำเภอท่าช้าง,ต.โพประจักษ์,จำนวนเกษตรกรในพืนที่,446,ราย,สำนักงานเกษตรจังหวัดสิงห์บุรี
2561,จังหวัดสิงห์บุรี,อำเภอท่าช้าง,ต.วิหารขาว,จำนวนเกษตรกรในพืนที่,339,ราย,สำนักงานเกษตรจังหวัดสิงห์บุรี
2561,จังหวัดสิงห์บุรี,อำเภอท่าช้าง,ต.พิกุลทอง,จำนวนเกษตรกรในพืนที่,368,ราย,สำนักงานเกษตรจังหวัดสิงห์บุรี
2561,จังหวัดสิงห์บุรี,อำเภออินทร์บุรี,ต.อินทร์บุรี,จำนวนเกษตรกรในพืนที่,636,ราย,สำนักงานเกษตรจังหวัดสิงห์บุรี
2561,จังหวัดสิงห์บุรี,อำเภออินทร์บุรี,ต.ประศุก,จำนวนเกษตรกรในพืนที่,778,ราย,สำนักงานเกษตรจังหวัดสิงห์บุรี
2561,จังหวัดสิงห์บุรี,อำเภออินทร์บุรี,ต.ทับยา,จำนวนเกษตรกรในพืนที่,620,ราย,สำนักงานเกษตรจังหวัดสิงห์บุรี
2561,จังหวัดสิงห์บุรี,อำเภออินทร์บุรี,ต.งิ้วราย,จำนวนเกษตรกรในพืนที่,740,ราย,สำนักงานเกษตรจังหวัดสิงห์บุรี
2561,จังหวัดสิงห์บุรี,อำเภออินทร์บุรี,ต.ชีน้ำร้าย,จำนวนเกษตรกรในพืนที่,761,ราย,สำนักงานเกษตรจังหวัดสิงห์บุรี
2561,จังหวัดสิงห์บุรี,อำเภออินทร์บุรี,ต.ท่างาม,จำนวนเกษตรกรในพืนที่,716,ราย,สำนักงานเกษตรจังหวัดสิงห์บุรี
2561,จังหวัดสิงห์บุรี,อำเภออินทร์บุรี,ต.น้ำตาล,จำนวนเกษตรกรในพืนที่,486,ราย,สำนักงานเกษตรจังหวัดสิงห์บุรี
2561,จังหวัดสิงห์บุรี,อำเภออินทร์บุรี,ต.ทองเอน,จำนวนเกษตรกรในพืนที่,953,ราย,สำนักงานเกษตรจังหวัดสิงห์บุรี
2561,จังหวัดสิงห์บุรี,อำเภออินทร์บุรี,ต.ห้วยชัน,จำนวนเกษตรกรในพืนที่,580,ราย,สำนักงานเกษตรจังหวัดสิงห์บุรี
2561,จังหวัดสิงห์บุรี,อำเภออินทร์บุรี,ต.โพธิ์ชัย,จำนวนเกษตรกรในพืนที่,523,ราย,สำนักงานเกษตรจังหวัดสิงห์บุรี
2562,จังหวัดสิงห์บุรี,อำเภอเมืองสิงห์บุรี,ต.บางพุทรา,จำนวนเกษตรกรในพืนที่,27,ราย,สำนักงานเกษตรจังหวัดสิงห์บุรี
2562,จังหวัดสิงห์บุรี,อำเภอเมืองสิงห์บุรี,ต.บางมัญ,จำนวนเกษตรกรในพืนที่,510,ราย,สำนักงานเกษตรจังหวัดสิงห์บุรี
2562,จังหวัดสิงห์บุรี,อำเภอเมืองสิงห์บุรี,ต.โพกรวม,จำนวนเกษตรกรในพืนที่,437,ราย,สำนักงานเกษตรจังหวัดสิงห์บุรี
2562,จังหวัดสิงห์บุรี,อำเภอเมืองสิงห์บุรี,ต.ม่วงหมู่,จำนวนเกษตรกรในพืนที่,425,ราย,สำนักงานเกษตรจังหวัดสิงห์บุรี
2562,จังหวัดสิงห์บุรี,อำเภอเมืองสิงห์บุรี,ต.หัวไผ่,จำนวนเกษตรกรในพืนที่,823,ราย,สำนักงานเกษตรจังหวัดสิงห์บุรี
2562,จังหวัดสิงห์บุรี,อำเภอเมืองสิงห์บุรี,ต.ต้นโพธิ์,จำนวนเกษตรกรในพืนที่,484,ราย,สำนักงานเกษตรจังหวัดสิงห์บุรี
2562,จังหวัดสิงห์บุรี,อำเภอเมืองสิงห์บุรี,ต.จักรสีห์,จำนวนเกษตรกรในพืนที่,732,ราย,สำนักงานเกษตรจังหวัดสิงห์บุรี
2562,จังหวัดสิงห์บุรี,อำเภอเมืองสิงห์บุรี,ต.บางกระบือ,จำนวนเกษตรกรในพืนที่,599,ราย,สำนักงานเกษตรจังหวัดสิงห์บุรี
2562,จังหวัดสิงห์บุรี,อำเภอบางระจัน,ต.สิงห์,จำนวนเกษตรกรในพืนที่,424,ราย,สำนักงานเกษตรจังหวัดสิงห์บุรี
2562,จังหวัดสิงห์บุรี,อำเภอบางระจัน,ต.ไม้ดัด,จำนวนเกษตรกรในพืนที่,809,ราย,สำนักงานเกษตรจังหวัดสิงห์บุรี
2562,จังหวัดสิงห์บุรี,อำเภอบางระจัน,ต.เชิงกลัด,จำนวนเกษตรกรในพืนที่,646,ราย,สำนักงานเกษตรจังหวัดสิงห์บุรี
2562,จังหวัดสิงห์บุรี,อำเภอบางระจัน,ต.โพชนไก่,จำนวนเกษตรกรในพืนที่,570,ราย,สำนักงานเกษตรจังหวัดสิงห์บุรี
2562,จังหวัดสิงห์บุรี,อำเภอบางระจัน,ต.แม่ลา,จำนวนเกษตรกรในพืนที่,294,ราย,สำนักงานเกษตรจังหวัดสิงห์บุรี
2562,จังหวัดสิงห์บุรี,อำเภอบางระจัน,ต.บ้านจ่า,จำนวนเกษตรกรในพืนที่,550,ราย,สำนักงานเกษตรจังหวัดสิงห์บุรี
2562,จังหวัดสิงห์บุรี,อำเภอบางระจัน,ต.พักทัน,จำนวนเกษตรกรในพืนที่,759,ราย,สำนักงานเกษตรจังหวัดสิงห์บุรี
2562,จังหวัดสิงห์บุรี,อำเภอบางระจัน,ต.สระแจง,จำนวนเกษตรกรในพืนที่,665,ราย,สำนักงานเกษตรจังหวัดสิงห์บุรี
2562,จังหวัดสิงห์บุรี,อำเภอค่ายบางระจัน,ต.โพทะเล,จำนวนเกษตรกรในพืนที่,676,ราย,สำนักงานเกษตรจังหวัดสิงห์บุรี
2562,จังหวัดสิงห์บุรี,อำเภอค่ายบางระจัน,ต.บางระจัน,จำนวนเกษตรกรในพืนที่,553,ราย,สำนักงานเกษตรจังหวัดสิงห์บุรี
2562,จังหวัดสิงห์บุรี,อำเภอค่ายบางระจัน,ต.โพสังโฆ,จำนวนเกษตรกรในพืนที่,505,ราย,สำนักงานเกษตรจังหวัดสิงห์บุรี
2562,จังหวัดสิงห์บุรี,อำเภอค่ายบางระจัน,ต.ท่าข้าม,จำนวนเกษตรกรในพืนที่,303,ราย,สำนักงานเกษตรจังหวัดสิงห์บุรี
2562,จังหวัดสิงห์บุรี,อำเภอค่ายบางระจัน,ต.คอทราย,จำนวนเกษตรกรในพืนที่,297,ราย,สำนักงานเกษตรจังหวัดสิงห์บุรี
2562,จังหวัดสิงห์บุรี,อำเภอค่ายบางระจัน,ต.หนองกระทุ่ม,จำนวนเกษตรกรในพืนที่,340,ราย,สำนักงานเกษตรจังหวัดสิงห์บุรี
2562,จังหวัดสิงห์บุรี,อำเภอพรหมบุรี,ต.พระงาม,จำนวนเกษตรกรในพืนที่,598,ราย,สำนักงานเกษตรจังหวัดสิงห์บุรี
2562,จังหวัดสิงห์บุรี,อำเภอพรหมบุรี,ต.พรหมบุรี,จำนวนเกษตรกรในพืนที่,298,ราย,สำนักงานเกษตรจังหวัดสิงห์บุรี
2562,จังหวัดสิงห์บุรี,อำเภอพรหมบุรี,ต.บางน้ำเชี่ยว,จำนวนเกษตรกรในพืนที่,323,ราย,สำนักงานเกษตรจังหวัดสิงห์บุรี
2562,จังหวัดสิงห์บุรี,อำเภอพรหมบุรี,ต.บ้านหม้อ,จำนวนเกษตรกรในพืนที่,687,ราย,สำนักงานเกษตรจังหวัดสิงห์บุรี
2562,จังหวัดสิงห์บุรี,อำเภอพรหมบุรี,ต.บ้านแป้ง,จำนวนเกษตรกรในพืนที่,217,ราย,สำนักงานเกษตรจังหวัดสิงห์บุรี
2562,จังหวัดสิงห์บุรี,อำเภอพรหมบุรี,ต.หัวป่า,จำนวนเกษตรกรในพืนที่,224,ราย,สำนักงานเกษตรจังหวัดสิงห์บุรี
2562,จังหวัดสิงห์บุรี,อำเภอพรหมบุรี,ต.โรงช้าง,จำนวนเกษตรกรในพืนที่,387,ราย,สำนักงานเกษตรจังหวัดสิงห์บุรี
2562,จังหวัดสิงห์บุรี,อำเภอท่าช้าง,ต.ถอนสมอ,จำนวนเกษตรกรในพืนที่,742,ราย,สำนักงานเกษตรจังหวัดสิงห์บุรี
2562,จังหวัดสิงห์บุรี,อำเภอท่าช้าง,ต.โพประจักษ์,จำนวนเกษตรกรในพืนที่,457,ราย,สำนักงานเกษตรจังหวัดสิงห์บุรี
2562,จังหวัดสิงห์บุรี,อำเภอท่าช้าง,ต.วิหารขาว,จำนวนเกษตรกรในพืนที่,344,ราย,สำนักงานเกษตรจังหวัดสิงห์บุรี
2562,จังหวัดสิงห์บุรี,อำเภอท่าช้าง,ต.พิกุลทอง,จำนวนเกษตรกรในพืนที่,371,ราย,สำนักงานเกษตรจังหวัดสิงห์บุรี
2562,จังหวัดสิงห์บุรี,อำเภออินทร์บุรี,ต.อินทร์บุรี,จำนวนเกษตรกรในพืนที่,721,ราย,สำนักงานเกษตรจังหวัดสิงห์บุรี
2562,จังหวัดสิงห์บุรี,อำเภออินทร์บุรี,ต.ประศุก,จำนวนเกษตรกรในพืนที่,822,ราย,สำนักงานเกษตรจังหวัดสิงห์บุรี
2562,จังหวัดสิงห์บุรี,อำเภออินทร์บุรี,ต.ทับยา,จำนวนเกษตรกรในพืนที่,646,ราย,สำนักงานเกษตรจังหวัดสิงห์บุรี
2562,จังหวัดสิงห์บุรี,อำเภออินทร์บุรี,ต.งิ้วราย,จำนวนเกษตรกรในพืนที่,771,ราย,สำนักงานเกษตรจังหวัดสิงห์บุรี
2562,จังหวัดสิงห์บุรี,อำเภออินทร์บุรี,ต.ชีน้ำร้าย,จำนวนเกษตรกรในพืนที่,805,ราย,สำนักงานเกษตรจังหวัดสิงห์บุรี
2562,จังหวัดสิงห์บุรี,อำเภออินทร์บุรี,ต.ท่างาม,จำนวนเกษตรกรในพืนที่,740,ราย,สำนักงานเกษตรจังหวัดสิงห์บุรี
2562,จังหวัดสิงห์บุรี,อำเภออินทร์บุรี,ต.น้ำตาล,จำนวนเกษตรกรในพืนที่,506,ราย,สำนักงานเกษตรจังหวัดสิงห์บุรี
2562,จังหวัดสิงห์บุรี,อำเภออินทร์บุรี,ต.ทองเอน,จำนวนเกษตรกรในพืนที่,1025,ราย,สำนักงานเกษตรจังหวัดสิงห์บุรี
2562,จังหวัดสิงห์บุรี,อำเภออินทร์บุรี,ต.ห้วยชัน,จำนวนเกษตรกรในพืนที่,640,ราย,สำนักงานเกษตรจังหวัดสิงห์บุรี
2562,จังหวัดสิงห์บุรี,อำเภออินทร์บุรี,ต.โพธิ์ชัย,จำนวนเกษตรกรในพืนที่,586,ราย,สำนักงานเกษตรจังหวัดสิงห์บุรี
2563,จังหวัดสิงห์บุรี,อำเภอเมืองสิงห์บุรี,ต.บางพุทรา,จำนวนเกษตรกรในพืนที่,26,ราย,สำนักงานเกษตรจังหวัดสิงห์บุรี
2563,จังหวัดสิงห์บุรี,อำเภอเมืองสิงห์บุรี,ต.บางมัญ,จำนวนเกษตรกรในพืนที่,502,ราย,สำนักงานเกษตรจังหวัดสิงห์บุรี
2563,จังหวัดสิงห์บุรี,อำเภอเมืองสิงห์บุรี,ต.โพกรวม,จำนวนเกษตรกรในพืนที่,439,ราย,สำนักงานเกษตรจังหวัดสิงห์บุรี
2563,จังหวัดสิงห์บุรี,อำเภอเมืองสิงห์บุรี,ต.ม่วงหมู่,จำนวนเกษตรกรในพืนที่,432,ราย,สำนักงานเกษตรจังหวัดสิงห์บุรี
2563,จังหวัดสิงห์บุรี,อำเภอเมืองสิงห์บุรี,ต.หัวไผ่,จำนวนเกษตรกรในพืนที่,768,ราย,สำนักงานเกษตรจังหวัดสิงห์บุรี
2563,จังหวัดสิงห์บุรี,อำเภอเมืองสิงห์บุรี,ต.ต้นโพธิ์,จำนวนเกษตรกรในพืนที่,424,ราย,สำนักงานเกษตรจังหวัดสิงห์บุรี
2563,จังหวัดสิงห์บุรี,อำเภอเมืองสิงห์บุรี,ต.จักรสีห์,จำนวนเกษตรกรในพืนที่,382,ราย,สำนักงานเกษตรจังหวัดสิงห์บุรี
2563,จังหวัดสิงห์บุรี,อำเภอเมืองสิงห์บุรี,ต.บางกระบือ,จำนวนเกษตรกรในพืนที่,545,ราย,สำนักงานเกษตรจังหวัดสิงห์บุรี
2563,จังหวัดสิงห์บุรี,อำเภอบางระจัน,ต.สิงห์,จำนวนเกษตรกรในพืนที่,408,ราย,สำนักงานเกษตรจังหวัดสิงห์บุรี
2563,จังหวัดสิงห์บุรี,อำเภอบางระจัน,ต.ไม้ดัด,จำนวนเกษตรกรในพืนที่,756,ราย,สำนักงานเกษตรจังหวัดสิงห์บุรี
2563,จังหวัดสิงห์บุรี,อำเภอบางระจัน,ต.เชิงกลัด,จำนวนเกษตรกรในพืนที่,632,ราย,สำนักงานเกษตรจังหวัดสิงห์บุรี
2563,จังหวัดสิงห์บุรี,อำเภอบางระจัน,ต.โพชนไก่,จำนวนเกษตรกรในพืนที่,544,ราย,สำนักงานเกษตรจังหวัดสิงห์บุรี
2563,จังหวัดสิงห์บุรี,อำเภอบางระจัน,ต.แม่ลา,จำนวนเกษตรกรในพืนที่,297,ราย,สำนักงานเกษตรจังหวัดสิงห์บุรี
2563,จังหวัดสิงห์บุรี,อำเภอบางระจัน,ต.บ้านจ่า,จำนวนเกษตรกรในพืนที่,528,ราย,สำนักงานเกษตรจังหวัดสิงห์บุรี
2563,จังหวัดสิงห์บุรี,อำเภอบางระจัน,ต.พักทัน,จำนวนเกษตรกรในพืนที่,739,ราย,สำนักงานเกษตรจังหวัดสิงห์บุรี
2563,จังหวัดสิงห์บุรี,อำเภอบางระจัน,ต.สระแจง,จำนวนเกษตรกรในพืนที่,629,ราย,สำนักงานเกษตรจังหวัดสิงห์บุรี
2563,จังหวัดสิงห์บุรี,อำเภอค่ายบางระจัน,ต.โพทะเล,จำนวนเกษตรกรในพืนที่,640,ราย,สำนักงานเกษตรจังหวัดสิงห์บุรี
2563,จังหวัดสิงห์บุรี,อำเภอค่ายบางระจัน,ต.บางระจัน,จำนวนเกษตรกรในพืนที่,496,ราย,สำนักงานเกษตรจังหวัดสิงห์บุรี
2563,จังหวัดสิงห์บุรี,อำเภอค่ายบางระจัน,ต.โพสังโฆ,จำนวนเกษตรกรในพืนที่,450,ราย,สำนักงานเกษตรจังหวัดสิงห์บุรี
2563,จังหวัดสิงห์บุรี,อำเภอค่ายบางระจัน,ต.ท่าข้าม,จำนวนเกษตรกรในพืนที่,292,ราย,สำนักงานเกษตรจังหวัดสิงห์บุรี
2563,จังหวัดสิงห์บุรี,อำเภอค่ายบางระจัน,ต.คอทราย,จำนวนเกษตรกรในพืนที่,290,ราย,สำนักงานเกษตรจังหวัดสิงห์บุรี
2563,จังหวัดสิงห์บุรี,อำเภอค่ายบางระจัน,ต.หนองกระทุ่ม,จำนวนเกษตรกรในพืนที่,351,ราย,สำนักงานเกษตรจังหวัดสิงห์บุรี
2563,จังหวัดสิงห์บุรี,อำเภอพรหมบุรี,ต.พระงาม,จำนวนเกษตรกรในพืนที่,470,ราย,สำนักงานเกษตรจังหวัดสิงห์บุรี
2563,จังหวัดสิงห์บุรี,อำเภอพรหมบุรี,ต.พรหมบุรี,จำนวนเกษตรกรในพืนที่,285,ราย,สำนักงานเกษตรจังหวัดสิงห์บุรี
2563,จังหวัดสิงห์บุรี,อำเภอพรหมบุรี,ต.บางน้ำเชี่ยว,จำนวนเกษตรกรในพืนที่,292,ราย,สำนักงานเกษตรจังหวัดสิงห์บุรี
2563,จังหวัดสิงห์บุรี,อำเภอพรหมบุรี,ต.บ้านหม้อ,จำนวนเกษตรกรในพืนที่,605,ราย,สำนักงานเกษตรจังหวัดสิงห์บุรี
2563,จังหวัดสิงห์บุรี,อำเภอพรหมบุรี,ต.บ้านแป้ง,จำนวนเกษตรกรในพืนที่,255,ราย,สำนักงานเกษตรจังหวัดสิงห์บุรี
2563,จังหวัดสิงห์บุรี,อำเภอพรหมบุรี,ต.หัวป่า,จำนวนเกษตรกรในพืนที่,236,ราย,สำนักงานเกษตรจังหวัดสิงห์บุรี
2563,จังหวัดสิงห์บุรี,อำเภอพรหมบุรี,ต.โรงช้าง,จำนวนเกษตรกรในพืนที่,298,ราย,สำนักงานเกษตรจังหวัดสิงห์บุรี
2563,จังหวัดสิงห์บุรี,อำเภอท่าช้าง,ต.ถอนสมอ,จำนวนเกษตรกรในพืนที่,558,ราย,สำนักงานเกษตรจังหวัดสิงห์บุรี
2563,จังหวัดสิงห์บุรี,อำเภอท่าช้าง,ต.โพประจักษ์,จำนวนเกษตรกรในพืนที่,403,ราย,สำนักงานเกษตรจังหวัดสิงห์บุรี
2563,จังหวัดสิงห์บุรี,อำเภอท่าช้าง,ต.วิหารขาว,จำนวนเกษตรกรในพืนที่,260,ราย,สำนักงานเกษตรจังหวัดสิงห์บุรี
2563,จังหวัดสิงห์บุรี,อำเภอท่าช้าง,ต.พิกุลทอง,จำนวนเกษตรกรในพืนที่,274,ราย,สำนักงานเกษตรจังหวัดสิงห์บุรี
2563,จังหวัดสิงห์บุรี,อำเภออินทร์บุรี,ต.อินทร์บุรี,จำนวนเกษตรกรในพืนที่,670,ราย,สำนักงานเกษตรจังหวัดสิงห์บุรี
2563,จังหวัดสิงห์บุรี,อำเภออินทร์บุรี,ต.ประศุก,จำนวนเกษตรกรในพืนที่,804,ราย,สำนักงานเกษตรจังหวัดสิงห์บุรี
2563,จังหวัดสิงห์บุรี,อำเภออินทร์บุรี,ต.ทับยา,จำนวนเกษตรกรในพืนที่,616,ราย,สำนักงานเกษตรจังหวัดสิงห์บุรี
2563,จังหวัดสิงห์บุรี,อำเภออินทร์บุรี,ต.งิ้วราย,จำนวนเกษตรกรในพืนที่,741,ราย,สำนักงานเกษตรจังหวัดสิงห์บุรี
2563,จังหวัดสิงห์บุรี,อำเภออินทร์บุรี,ต.ชีน้ำร้าย,จำนวนเกษตรกรในพืนที่,677,ราย,สำนักงานเกษตรจังหวัดสิงห์บุรี
2563,จังหวัดสิงห์บุรี,อำเภออินทร์บุรี,ต.ท่างาม,จำนวนเกษตรกรในพืนที่,617,ราย,สำนักงานเกษตรจังหวัดสิงห์บุรี
2563,จังหวัดสิงห์บุรี,อำเภออินทร์บุรี,ต.น้ำตาล,จำนวนเกษตรกรในพืนที่,463,ราย,สำนักงานเกษตรจังหวัดสิงห์บุรี
2563,จังหวัดสิงห์บุรี,อำเภออินทร์บุรี,ต.ทองเอน,จำนวนเกษตรกรในพืนที่,948,ราย,สำนักงานเกษตรจังหวัดสิงห์บุรี
2563,จังหวัดสิงห์บุรี,อำเภออินทร์บุรี,ต.ห้วยชัน,จำนวนเกษตรกรในพืนที่,608,ราย,สำนักงานเกษตรจังหวัดสิงห์บุรี
2563,จังหวัดสิงห์บุรี,อำเภออินทร์บุรี,ต.โพธิ์ชัย,จำนวนเกษตรกรในพืนที่,560,ราย,สำนักงานเกษตรจังหวัดสิงห์บุรี
2564,จังหวัดสิงห์บุรี,อำเภอเมืองสิงห์บุรี,ต.บางพุทรา,จำนวนเกษตรกรในพืนที่,32,ราย,สำนักงานเกษตรจังหวัดสิงห์บุรี
2564,จังหวัดสิงห์บุรี,อำเภอเมืองสิงห์บุรี,ต.บางมัญ,จำนวนเกษตรกรในพืนที่,501,ราย,สำนักงานเกษตรจังหวัดสิงห์บุรี
2564,จังหวัดสิงห์บุรี,อำเภอเมืองสิงห์บุรี,ต.โพกรวม,จำนวนเกษตรกรในพืนที่,439,ราย,สำนักงานเกษตรจังหวัดสิงห์บุรี
2564,จังหวัดสิงห์บุรี,อำเภอเมืองสิงห์บุรี,ต.ม่วงหมู่,จำนวนเกษตรกรในพืนที่,421,ราย,สำนักงานเกษตรจังหวัดสิงห์บุรี
2564,จังหวัดสิงห์บุรี,อำเภอเมืองสิงห์บุรี,ต.หัวไผ่,จำนวนเกษตรกรในพืนที่,784,ราย,สำนักงานเกษตรจังหวัดสิงห์บุรี
2564,จังหวัดสิงห์บุรี,อำเภอเมืองสิงห์บุรี,ต.ต้นโพธิ์,จำนวนเกษตรกรในพืนที่,426,ราย,สำนักงานเกษตรจังหวัดสิงห์บุรี
2564,จังหวัดสิงห์บุรี,อำเภอเมืองสิงห์บุรี,ต.จักรสีห์,จำนวนเกษตรกรในพืนที่,387,ราย,สำนักงานเกษตรจังหวัดสิงห์บุรี
2564,จังหวัดสิงห์บุรี,อำเภอเมืองสิงห์บุรี,ต.บางกระบือ,จำนวนเกษตรกรในพืนที่,551,ราย,สำนักงานเกษตรจังหวัดสิงห์บุรี
2564,จังหวัดสิงห์บุรี,อำเภอบางระจัน,ต.สิงห์,จำนวนเกษตรกรในพืนที่,429,ราย,สำนักงานเกษตรจังหวัดสิงห์บุรี
2564,จังหวัดสิงห์บุรี,อำเภอบางระจัน,ต.ไม้ดัด,จำนวนเกษตรกรในพืนที่,771,ราย,สำนักงานเกษตรจังหวัดสิงห์บุรี
2564,จังหวัดสิงห์บุรี,อำเภอบางระจัน,ต.เชิงกลัด,จำนวนเกษตรกรในพืนที่,643,ราย,สำนักงานเกษตรจังหวัดสิงห์บุรี
2564,จังหวัดสิงห์บุรี,อำเภอบางระจัน,ต.โพชนไก่,จำนวนเกษตรกรในพืนที่,559,ราย,สำนักงานเกษตรจังหวัดสิงห์บุรี
2564,จังหวัดสิงห์บุรี,อำเภอบางระจัน,ต.แม่ลา,จำนวนเกษตรกรในพืนที่,300,ราย,สำนักงานเกษตรจังหวัดสิงห์บุรี
2564,จังหวัดสิงห์บุรี,อำเภอบางระจัน,ต.บ้านจ่า,จำนวนเกษตรกรในพืนที่,537,ราย,สำนักงานเกษตรจังหวัดสิงห์บุรี
2564,จังหวัดสิงห์บุรี,อำเภอบางระจัน,ต.พักทัน,จำนวนเกษตรกรในพืนที่,743,ราย,สำนักงานเกษตรจังหวัดสิงห์บุรี
2564,จังหวัดสิงห์บุรี,อำเภอบางระจัน,ต.สระแจง,จำนวนเกษตรกรในพืนที่,634,ราย,สำนักงานเกษตรจังหวัดสิงห์บุรี
2564,จังหวัดสิงห์บุรี,อำเภอค่ายบางระจัน,ต.โพทะเล,จำนวนเกษตรกรในพืนที่,627,ราย,สำนักงานเกษตรจังหวัดสิงห์บุรี
2564,จังหวัดสิงห์บุรี,อำเภอค่ายบางระจัน,ต.บางระจัน,จำนวนเกษตรกรในพืนที่,500,ราย,สำนักงานเกษตรจังหวัดสิงห์บุรี
2564,จังหวัดสิงห์บุรี,อำเภอค่ายบางระจัน,ต.โพสังโฆ,จำนวนเกษตรกรในพืนที่,448,ราย,สำนักงานเกษตรจังหวัดสิงห์บุรี
2564,จังหวัดสิงห์บุรี,อำเภอค่ายบางระจัน,ต.ท่าข้าม,จำนวนเกษตรกรในพืนที่,296,ราย,สำนักงานเกษตรจังหวัดสิงห์บุรี
2564,จังหวัดสิงห์บุรี,อำเภอค่ายบางระจัน,ต.คอทราย,จำนวนเกษตรกรในพืนที่,292,ราย,สำนักงานเกษตรจังหวัดสิงห์บุรี
2564,จังหวัดสิงห์บุรี,อำเภอค่ายบางระจัน,ต.หนองกระทุ่ม,จำนวนเกษตรกรในพืนที่,356,ราย,สำนักงานเกษตรจังหวัดสิงห์บุรี
2564,จังหวัดสิงห์บุรี,อำเภอพรหมบุรี,ต.พระงาม,จำนวนเกษตรกรในพืนที่,469,ราย,สำนักงานเกษตรจังหวัดสิงห์บุรี
2564,จังหวัดสิงห์บุรี,อำเภอพรหมบุรี,ต.พรหมบุรี,จำนวนเกษตรกรในพืนที่,282,ราย,สำนักงานเกษตรจังหวัดสิงห์บุรี
2564,จังหวัดสิงห์บุรี,อำเภอพรหมบุรี,ต.บางน้ำเชี่ยว,จำนวนเกษตรกรในพืนที่,297,ราย,สำนักงานเกษตรจังหวัดสิงห์บุรี
2564,จังหวัดสิงห์บุรี,อำเภอพรหมบุรี,ต.บ้านหม้อ,จำนวนเกษตรกรในพืนที่,582,ราย,สำนักงานเกษตรจังหวัดสิงห์บุรี
2564,จังหวัดสิงห์บุรี,อำเภอพรหมบุรี,ต.บ้านแป้ง,จำนวนเกษตรกรในพืนที่,255,ราย,สำนักงานเกษตรจังหวัดสิงห์บุรี
2564,จังหวัดสิงห์บุรี,อำเภอพรหมบุรี,ต.หัวป่า,จำนวนเกษตรกรในพืนที่,244,ราย,สำนักงานเกษตรจังหวัดสิงห์บุรี
2564,จังหวัดสิงห์บุรี,อำเภอพรหมบุรี,ต.โรงช้าง,จำนวนเกษตรกรในพืนที่,281,ราย,สำนักงานเกษตรจังหวัดสิงห์บุรี
2564,จังหวัดสิงห์บุรี,อำเภอท่าช้าง,ต.ถอนสมอ,จำนวนเกษตรกรในพืนที่,559,ราย,สำนักงานเกษตรจังหวัดสิงห์บุรี
2564,จังหวัดสิงห์บุรี,อำเภอท่าช้าง,ต.โพประจักษ์,จำนวนเกษตรกรในพืนที่,399,ราย,สำนักงานเกษตรจังหวัดสิงห์บุรี
2564,จังหวัดสิงห์บุรี,อำเภอท่าช้าง,ต.วิหารขาว,จำนวนเกษตรกรในพืนที่,250,ราย,สำนักงานเกษตรจังหวัดสิงห์บุรี
2564,จังหวัดสิงห์บุรี,อำเภอท่าช้าง,ต.พิกุลทอง,จำนวนเกษตรกรในพืนที่,274,ราย,สำนักงานเกษตรจังหวัดสิงห์บุรี
2564,จังหวัดสิงห์บุรี,อำเภออินทร์บุรี,ต.อินทร์บุรี,จำนวนเกษตรกรในพืนที่,673,ราย,สำนักงานเกษตรจังหวัดสิงห์บุรี
2564,จังหวัดสิงห์บุรี,อำเภออินทร์บุรี,ต.ประศุก,จำนวนเกษตรกรในพืนที่,822,ราย,สำนักงานเกษตรจังหวัดสิงห์บุรี
2564,จังหวัดสิงห์บุรี,อำเภออินทร์บุรี,ต.ทับยา,จำนวนเกษตรกรในพืนที่,631,ราย,สำนักงานเกษตรจังหวัดสิงห์บุรี
2564,จังหวัดสิงห์บุรี,อำเภออินทร์บุรี,ต.งิ้วราย,จำนวนเกษตรกรในพืนที่,743,ราย,สำนักงานเกษตรจังหวัดสิงห์บุรี
2564,จังหวัดสิงห์บุรี,อำเภออินทร์บุรี,ต.ชีน้ำร้าย,จำนวนเกษตรกรในพืนที่,663,ราย,สำนักงานเกษตรจังหวัดสิงห์บุรี
2564,จังหวัดสิงห์บุรี,อำเภออินทร์บุรี,ต.ท่างาม,จำนวนเกษตรกรในพืนที่,611,ราย,สำนักงานเกษตรจังหวัดสิงห์บุรี
2564,จังหวัดสิงห์บุรี,อำเภออินทร์บุรี,ต.น้ำตาล,จำนวนเกษตรกรในพืนที่,457,ราย,สำนักงานเกษตรจังหวัดสิงห์บุรี
2564,จังหวัดสิงห์บุรี,อำเภออินทร์บุรี,ต.ทองเอน,จำนวนเกษตรกรในพืนที่,986,ราย,สำนักงานเกษตรจังหวัดสิงห์บุรี
2564,จังหวัดสิงห์บุรี,อำเภออินทร์บุรี,ต.ห้วยชัน,จำนวนเกษตรกรในพืนที่,630,ราย,สำนักงานเกษตรจังหวัดสิงห์บุรี
2564,จังหวัดสิงห์บุรี,อำเภออินทร์บุรี,ต.โพธิ์ชัย,จำนวนเกษตรกรในพืนที่,607,ราย,สำนักงานเกษตรจังหวัดสิงห์บุรี
2565,จังหวัดสิงห์บุรี,อำเภอเมืองสิงห์บุรี,ต.บางพุทรา,จำนวนเกษตรกรในพืนที่,27,ราย,สำนักงานเกษตรจังหวัดสิงห์บุรี
2565,จังหวัดสิงห์บุรี,อำเภอเมืองสิงห์บุรี,ต.บางมัญ,จำนวนเกษตรกรในพืนที่,472,ราย,สำนักงานเกษตรจังหวัดสิงห์บุรี
2565,จังหวัดสิงห์บุรี,อำเภอเมืองสิงห์บุรี,ต.โพกรวม,จำนวนเกษตรกรในพืนที่,429,ราย,สำนักงานเกษตรจังหวัดสิงห์บุรี
2565,จังหวัดสิงห์บุรี,อำเภอเมืองสิงห์บุรี,ต.ม่วงหมู่,จำนวนเกษตรกรในพืนที่,390,ราย,สำนักงานเกษตรจังหวัดสิงห์บุรี
2565,จังหวัดสิงห์บุรี,อำเภอเมืองสิงห์บุรี,ต.หัวไผ่,จำนวนเกษตรกรในพืนที่,765,ราย,สำนักงานเกษตรจังหวัดสิงห์บุรี
2565,จังหวัดสิงห์บุรี,อำเภอเมืองสิงห์บุรี,ต.ต้นโพธิ์,จำนวนเกษตรกรในพืนที่,353,ราย,สำนักงานเกษตรจังหวัดสิงห์บุรี
2565,จังหวัดสิงห์บุรี,อำเภอเมืองสิงห์บุรี,ต.จักรสีห์,จำนวนเกษตรกรในพืนที่,361,ราย,สำนักงานเกษตรจังหวัดสิงห์บุรี
2565,จังหวัดสิงห์บุรี,อำเภอเมืองสิงห์บุรี,ต.บางกระบือ,จำนวนเกษตรกรในพืนที่,525,ราย,สำนักงานเกษตรจังหวัดสิงห์บุรี
2565,จังหวัดสิงห์บุรี,อำเภอบางระจัน,ต.สิงห์,จำนวนเกษตรกรในพืนที่,413,ราย,สำนักงานเกษตรจังหวัดสิงห์บุรี
2565,จังหวัดสิงห์บุรี,อำเภอบางระจัน,ต.ไม้ดัด,จำนวนเกษตรกรในพืนที่,747,ราย,สำนักงานเกษตรจังหวัดสิงห์บุรี
2565,จังหวัดสิงห์บุรี,อำเภอบางระจัน,ต.เชิงกลัด,จำนวนเกษตรกรในพืนที่,622,ราย,สำนักงานเกษตรจังหวัดสิงห์บุรี
2565,จังหวัดสิงห์บุรี,อำเภอบางระจัน,ต.โพชนไก่,จำนวนเกษตรกรในพืนที่,543,ราย,สำนักงานเกษตรจังหวัดสิงห์บุรี
2565,จังหวัดสิงห์บุรี,อำเภอบางระจัน,ต.แม่ลา,จำนวนเกษตรกรในพืนที่,295,ราย,สำนักงานเกษตรจังหวัดสิงห์บุรี
2565,จังหวัดสิงห์บุรี,อำเภอบางระจัน,ต.บ้านจ่า,จำนวนเกษตรกรในพืนที่,513,ราย,สำนักงานเกษตรจังหวัดสิงห์บุรี
2565,จังหวัดสิงห์บุรี,อำเภอบางระจัน,ต.พักทัน,จำนวนเกษตรกรในพืนที่,744,ราย,สำนักงานเกษตรจังหวัดสิงห์บุรี
2565,จังหวัดสิงห์บุรี,อำเภอบางระจัน,ต.สระแจง,จำนวนเกษตรกรในพืนที่,611,ราย,สำนักงานเกษตรจังหวัดสิงห์บุรี
2565,จังหวัดสิงห์บุรี,อำเภอค่ายบางระจัน,ต.โพทะเล,จำนวนเกษตรกรในพืนที่,620,ราย,สำนักงานเกษตรจังหวัดสิงห์บุรี
2565,จังหวัดสิงห์บุรี,อำเภอค่ายบางระจัน,ต.บางระจัน,จำนวนเกษตรกรในพืนที่,483,ราย,สำนักงานเกษตรจังหวัดสิงห์บุรี
2565,จังหวัดสิงห์บุรี,อำเภอค่ายบางระจัน,ต.โพสังโฆ,จำนวนเกษตรกรในพืนที่,435,ราย,สำนักงานเกษตรจังหวัดสิงห์บุรี
2565,จังหวัดสิงห์บุรี,อำเภอค่ายบางระจัน,ต.ท่าข้าม,จำนวนเกษตรกรในพืนที่,282,ราย,สำนักงานเกษตรจังหวัดสิงห์บุรี
2565,จังหวัดสิงห์บุรี,อำเภอค่ายบางระจัน,ต.คอทราย,จำนวนเกษตรกรในพืนที่,289,ราย,สำนักงานเกษตรจังหวัดสิงห์บุรี
2565,จังหวัดสิงห์บุรี,อำเภอค่ายบางระจัน,ต.หนองกระทุ่ม,จำนวนเกษตรกรในพืนที่,350,ราย,สำนักงานเกษตรจังหวัดสิงห์บุรี
2565,จังหวัดสิงห์บุรี,อำเภอพรหมบุรี,ต.พระงาม,จำนวนเกษตรกรในพืนที่,469,ราย,สำนักงานเกษตรจังหวัดสิงห์บุรี
2565,จังหวัดสิงห์บุรี,อำเภอพรหมบุรี,ต.พรหมบุรี,จำนวนเกษตรกรในพืนที่,253,ราย,สำนักงานเกษตรจังหวัดสิงห์บุรี
2565,จังหวัดสิงห์บุรี,อำเภอพรหมบุรี,ต.บางน้ำเชี่ยว,จำนวนเกษตรกรในพืนที่,263,ราย,สำนักงานเกษตรจังหวัดสิงห์บุรี
2565,จังหวัดสิงห์บุรี,อำเภอพรหมบุรี,ต.บ้านหม้อ,จำนวนเกษตรกรในพืนที่,586,ราย,สำนักงานเกษตรจังหวัดสิงห์บุรี
2565,จังหวัดสิงห์บุรี,อำเภอพรหมบุรี,ต.บ้านแป้ง,จำนวนเกษตรกรในพืนที่,238,ราย,สำนักงานเกษตรจังหวัดสิงห์บุรี
2565,จังหวัดสิงห์บุรี,อำเภอพรหมบุรี,ต.หัวป่า,จำนวนเกษตรกรในพืนที่,221,ราย,สำนักงานเกษตรจังหวัดสิงห์บุรี
2565,จังหวัดสิงห์บุรี,อำเภอพรหมบุรี,ต.โรงช้าง,จำนวนเกษตรกรในพืนที่,284,ราย,สำนักงานเกษตรจังหวัดสิงห์บุรี
2565,จังหวัดสิงห์บุรี,อำเภอท่าช้าง,ต.ถอนสมอ,จำนวนเกษตรกรในพืนที่,541,ราย,สำนักงานเกษตรจังหวัดสิงห์บุรี
2565,จังหวัดสิงห์บุรี,อำเภอท่าช้าง,ต.โพประจักษ์,จำนวนเกษตรกรในพืนที่,391,ราย,สำนักงานเกษตรจังหวัดสิงห์บุรี
2565,จังหวัดสิงห์บุรี,อำเภอท่าช้าง,ต.วิหารขาว,จำนวนเกษตรกรในพืนที่,245,ราย,สำนักงานเกษตรจังหวัดสิงห์บุรี
2565,จังหวัดสิงห์บุรี,อำเภอท่าช้าง,ต.พิกุลทอง,จำนวนเกษตรกรในพืนที่,273,ราย,สำนักงานเกษตรจังหวัดสิงห์บุรี
2565,จังหวัดสิงห์บุรี,อำเภออินทร์บุรี,ต.อินทร์บุรี,จำนวนเกษตรกรในพืนที่,630,ราย,สำนักงานเกษตรจังหวัดสิงห์บุรี
2565,จังหวัดสิงห์บุรี,อำเภออินทร์บุรี,ต.ประศุก,จำนวนเกษตรกรในพืนที่,738,ราย,สำนักงานเกษตรจังหวัดสิงห์บุรี
2565,จังหวัดสิงห์บุรี,อำเภออินทร์บุรี,ต.ทับยา,จำนวนเกษตรกรในพืนที่,581,ราย,สำนักงานเกษตรจังหวัดสิงห์บุรี
2565,จังหวัดสิงห์บุรี,อำเภออินทร์บุรี,ต.งิ้วราย,จำนวนเกษตรกรในพืนที่,732,ราย,สำนักงานเกษตรจังหวัดสิงห์บุรี
2565,จังหวัดสิงห์บุรี,อำเภออินทร์บุรี,ต.ชีน้ำร้าย,จำนวนเกษตรกรในพืนที่,637,ราย,สำนักงานเกษตรจังหวัดสิงห์บุรี
2565,จังหวัดสิงห์บุรี,อำเภออินทร์บุรี,ต.ท่างาม,จำนวนเกษตรกรในพืนที่,539,ราย,สำนักงานเกษตรจังหวัดสิงห์บุรี
2565,จังหวัดสิงห์บุรี,อำเภออินทร์บุรี,ต.น้ำตาล,จำนวนเกษตรกรในพืนที่,417,ราย,สำนักงานเกษตรจังหวัดสิงห์บุรี
2565,จังหวัดสิงห์บุรี,อำเภออินทร์บุรี,ต.ทองเอน,จำนวนเกษตรกรในพืนที่,979,ราย,สำนักงานเกษตรจังหวัดสิงห์บุรี
2565,จังหวัดสิงห์บุรี,อำเภออินทร์บุรี,ต.ห้วยชัน,จำนวนเกษตรกรในพืนที่,637,ราย,สำนักงานเกษตรจังหวัดสิงห์บุรี
2565,จังหวัดสิงห์บุรี,อำเภออินทร์บุรี,ต.โพธิ์ชัย,จำนวนเกษตรกรในพืนที่,598,ราย,สำนักงานเกษตรจังหวัดสิงห์บุรี
2566,จังหวัดสิงห์บุรี,อำเภอเมืองสิงห์บุรี,ต.บางพุทรา,จำนวนเกษตรกรในพืนที่,20,ราย,สำนักงานเกษตรจังหวัดสิงห์บุรี
2566,จังหวัดสิงห์บุรี,อำเภอเมืองสิงห์บุรี,ต.บางมัญ,จำนวนเกษตรกรในพืนที่,402,ราย,สำนักงานเกษตรจังหวัดสิงห์บุรี
2566,จังหวัดสิงห์บุรี,อำเภอเมืองสิงห์บุรี,ต.โพกรวม,จำนวนเกษตรกรในพืนที่,410,ราย,สำนักงานเกษตรจังหวัดสิงห์บุรี
2566,จังหวัดสิงห์บุรี,อำเภอเมืองสิงห์บุรี,ต.ม่วงหมู่,จำนวนเกษตรกรในพืนที่,323,ราย,สำนักงานเกษตรจังหวัดสิงห์บุรี
2566,จังหวัดสิงห์บุรี,อำเภอเมืองสิงห์บุรี,ต.หัวไผ่,จำนวนเกษตรกรในพืนที่,729,ราย,สำนักงานเกษตรจังหวัดสิงห์บุรี
2566,จังหวัดสิงห์บุรี,อำเภอเมืองสิงห์บุรี,ต.ต้นโพธิ์,จำนวนเกษตรกรในพืนที่,358,ราย,สำนักงานเกษตรจังหวัดสิงห์บุรี
2566,จังหวัดสิงห์บุรี,อำเภอเมืองสิงห์บุรี,ต.จักรสีห์,จำนวนเกษตรกรในพืนที่,309,ราย,สำนักงานเกษตรจังหวัดสิงห์บุรี
2566,จังหวัดสิงห์บุรี,อำเภอเมืองสิงห์บุรี,ต.บางกระบือ,จำนวนเกษตรกรในพืนที่,497,ราย,สำนักงานเกษตรจังหวัดสิงห์บุรี
2566,จังหวัดสิงห์บุรี,อำเภอบางระจัน,ต.สิงห์,จำนวนเกษตรกรในพืนที่,387,ราย,สำนักงานเกษตรจังหวัดสิงห์บุรี
2566,จังหวัดสิงห์บุรี,อำเภอบางระจัน,ต.ไม้ดัด,จำนวนเกษตรกรในพืนที่,699,ราย,สำนักงานเกษตรจังหวัดสิงห์บุรี
2566,จังหวัดสิงห์บุรี,อำเภอบางระจัน,ต.เชิงกลัด,จำนวนเกษตรกรในพืนที่,580,ราย,สำนักงานเกษตรจังหวัดสิงห์บุรี
2566,จังหวัดสิงห์บุรี,อำเภอบางระจัน,ต.โพชนไก่,จำนวนเกษตรกรในพืนที่,519,ราย,สำนักงานเกษตรจังหวัดสิงห์บุรี
2566,จังหวัดสิงห์บุรี,อำเภอบางระจัน,ต.แม่ลา,จำนวนเกษตรกรในพืนที่,281,ราย,สำนักงานเกษตรจังหวัดสิงห์บุรี
2566,จังหวัดสิงห์บุรี,อำเภอบางระจัน,ต.บ้านจ่า,จำนวนเกษตรกรในพืนที่,485,ราย,สำนักงานเกษตรจังหวัดสิงห์บุรี
2566,จังหวัดสิงห์บุรี,อำเภอบางระจัน,ต.พักทัน,จำนวนเกษตรกรในพืนที่,712,ราย,สำนักงานเกษตรจังหวัดสิงห์บุรี
2566,จังหวัดสิงห์บุรี,อำเภอบางระจัน,ต.สระแจง,จำนวนเกษตรกรในพืนที่,583,ราย,สำนักงานเกษตรจังหวัดสิงห์บุรี
2566,จังหวัดสิงห์บุรี,อำเภอค่ายบางระจัน,ต.โพทะเล,จำนวนเกษตรกรในพืนที่,603,ราย,สำนักงานเกษตรจังหวัดสิงห์บุรี
2566,จังหวัดสิงห์บุรี,อำเภอค่ายบางระจัน,ต.บางระจัน,จำนวนเกษตรกรในพืนที่,441,ราย,สำนักงานเกษตรจังหวัดสิงห์บุรี
2566,จังหวัดสิงห์บุรี,อำเภอค่ายบางระจัน,ต.โพสังโฆ,จำนวนเกษตรกรในพืนที่,414,ราย,สำนักงานเกษตรจังหวัดสิงห์บุรี
2566,จังหวัดสิงห์บุรี,อำเภอค่ายบางระจัน,ต.ท่าข้าม,จำนวนเกษตรกรในพืนที่,234,ราย,สำนักงานเกษตรจังหวัดสิงห์บุรี
2566,จังหวัดสิงห์บุรี,อำเภอค่ายบางระจัน,ต.คอทราย,จำนวนเกษตรกรในพืนที่,278,ราย,สำนักงานเกษตรจังหวัดสิงห์บุรี
2566,จังหวัดสิงห์บุรี,อำเภอค่ายบางระจัน,ต.หนองกระทุ่ม,จำนวนเกษตรกรในพืนที่,322,ราย,สำนักงานเกษตรจังหวัดสิงห์บุรี
2566,จังหวัดสิงห์บุรี,อำเภอพรหมบุรี,ต.พระงาม,จำนวนเกษตรกรในพืนที่,441,ราย,สำนักงานเกษตรจังหวัดสิงห์บุรี
2566,จังหวัดสิงห์บุรี,อำเภอพรหมบุรี,ต.พรหมบุรี,จำนวนเกษตรกรในพืนที่,242,ราย,สำนักงานเกษตรจังหวัดสิงห์บุรี
2566,จังหวัดสิงห์บุรี,อำเภอพรหมบุรี,ต.บางน้ำเชี่ยว,จำนวนเกษตรกรในพืนที่,249,ราย,สำนักงานเกษตรจังหวัดสิงห์บุรี
2566,จังหวัดสิงห์บุรี,อำเภอพรหมบุรี,ต.บ้านหม้อ,จำนวนเกษตรกรในพืนที่,534,ราย,สำนักงานเกษตรจังหวัดสิงห์บุรี
2566,จังหวัดสิงห์บุรี,อำเภอพรหมบุรี,ต.บ้านแป้ง,จำนวนเกษตรกรในพืนที่,225,ราย,สำนักงานเกษตรจังหวัดสิงห์บุรี
2566,จังหวัดสิงห์บุรี,อำเภอพรหมบุรี,ต.หัวป่า,จำนวนเกษตรกรในพืนที่,224,ราย,สำนักงานเกษตรจังหวัดสิงห์บุรี
2566,จังหวัดสิงห์บุรี,อำเภอพรหมบุรี,ต.โรงช้าง,จำนวนเกษตรกรในพืนที่,282,ราย,สำนักงานเกษตรจังหวัดสิงห์บุรี
2566,จังหวัดสิงห์บุรี,อำเภอท่าช้าง,ต.ถอนสมอ,จำนวนเกษตรกรในพืนที่,440,ราย,สำนักงานเกษตรจังหวัดสิงห์บุรี
2566,จังหวัดสิงห์บุรี,อำเภอท่าช้าง,ต.โพประจักษ์,จำนวนเกษตรกรในพืนที่,338,ราย,สำนักงานเกษตรจังหวัดสิงห์บุรี
2566,จังหวัดสิงห์บุรี,อำเภอท่าช้าง,ต.วิหารขาว,จำนวนเกษตรกรในพืนที่,208,ราย,สำนักงานเกษตรจังหวัดสิงห์บุรี
2566,จังหวัดสิงห์บุรี,อำเภอท่าช้าง,ต.พิกุลทอง,จำนวนเกษตรกรในพืนที่,224,ราย,สำนักงานเกษตรจังหวัดสิงห์บุรี
2566,จังหวัดสิงห์บุรี,อำเภออินทร์บุรี,ต.อินทร์บุรี,จำนวนเกษตรกรในพืนที่,512,ราย,สำนักงานเกษตรจังหวัดสิงห์บุรี
2566,จังหวัดสิงห์บุรี,อำเภออินทร์บุรี,ต.ประศุก,จำนวนเกษตรกรในพืนที่,683,ราย,สำนักงานเกษตรจังหวัดสิงห์บุรี
2566,จังหวัดสิงห์บุรี,อำเภออินทร์บุรี,ต.ทับยา,จำนวนเกษตรกรในพืนที่,539,ราย,สำนักงานเกษตรจังหวัดสิงห์บุรี
2566,จังหวัดสิงห์บุรี,อำเภออินทร์บุรี,ต.งิ้วราย,จำนวนเกษตรกรในพืนที่,693,ราย,สำนักงานเกษตรจังหวัดสิงห์บุรี
2566,จังหวัดสิงห์บุรี,อำเภออินทร์บุรี,ต.ชีน้ำร้าย,จำนวนเกษตรกรในพืนที่,567,ราย,สำนักงานเกษตรจังหวัดสิงห์บุรี
2566,จังหวัดสิงห์บุรี,อำเภออินทร์บุรี,ต.ท่างาม,จำนวนเกษตรกรในพืนที่,458,ราย,สำนักงานเกษตรจังหวัดสิงห์บุรี
2566,จังหวัดสิงห์บุรี,อำเภออินทร์บุรี,ต.น้ำตาล,จำนวนเกษตรกรในพืนที่,358,ราย,สำนักงานเกษตรจังหวัดสิงห์บุรี
2566,จังหวัดสิงห์บุรี,อำเภออินทร์บุรี,ต.ทองเอน,จำนวนเกษตรกรในพืนที่,974,ราย,สำนักงานเกษตรจังหวัดสิงห์บุรี
2566,จังหวัดสิงห์บุรี,อำเภออินทร์บุรี,ต.ห้วยชัน,จำนวนเกษตรกรในพืนที่,609,ราย,สำนักงานเกษตรจังหวัดสิงห์บุรี
2566,จังหวัดสิงห์บุรี,อำเภออินทร์บุรี,ต.โพธิ์ชัย,จำนวนเกษตรกรในพืนที่,597,ราย,สำนักงานเกษตรจังหวัดสิงห์บุรี
2567,จังหวัดสิงห์บุรี,อำเภอเมืองสิงห์บุรี,ต.บางพุทรา,จำนวนเกษตรกรในพืนที่,20,ราย,สำนักงานเกษตรจังหวัดสิงห์บุรี
2567,จังหวัดสิงห์บุรี,อำเภอเมืองสิงห์บุรี,ต.บางมัญ,จำนวนเกษตรกรในพืนที่,400,ราย,สำนักงานเกษตรจังหวัดสิงห์บุรี
2567,จังหวัดสิงห์บุรี,อำเภอเมืองสิงห์บุรี,ต.โพกรวม,จำนวนเกษตรกรในพืนที่,380,ราย,สำนักงานเกษตรจังหวัดสิงห์บุรี
2567,จังหวัดสิงห์บุรี,อำเภอเมืองสิงห์บุรี,ต.ม่วงหมู่,จำนวนเกษตรกรในพืนที่,298,ราย,สำนักงานเกษตรจังหวัดสิงห์บุรี
2567,จังหวัดสิงห์บุรี,อำเภอเมืองสิงห์บุรี,ต.หัวไผ่,จำนวนเกษตรกรในพืนที่,708,ราย,สำนักงานเกษตรจังหวัดสิงห์บุรี
2567,จังหวัดสิงห์บุรี,อำเภอเมืองสิงห์บุรี,ต.ต้นโพธิ์,จำนวนเกษตรกรในพืนที่,367,ราย,สำนักงานเกษตรจังหวัดสิงห์บุรี
2567,จังหวัดสิงห์บุรี,อำเภอเมืองสิงห์บุรี,ต.จักรสีห์,จำนวนเกษตรกรในพืนที่,308,ราย,สำนักงานเกษตรจังหวัดสิงห์บุรี
2567,จังหวัดสิงห์บุรี,อำเภอเมืองสิงห์บุรี,ต.บางกระบือ,จำนวนเกษตรกรในพืนที่,485,ราย,สำนักงานเกษตรจังหวัดสิงห์บุรี
2567,จังหวัดสิงห์บุรี,อำเภอบางระจัน,ต.สิงห์,จำนวนเกษตรกรในพืนที่,375,ราย,สำนักงานเกษตรจังหวัดสิงห์บุรี
2567,จังหวัดสิงห์บุรี,อำเภอบางระจัน,ต.ไม้ดัด,จำนวนเกษตรกรในพืนที่,668,ราย,สำนักงานเกษตรจังหวัดสิงห์บุรี
2567,จังหวัดสิงห์บุรี,อำเภอบางระจัน,ต.เชิงกลัด,จำนวนเกษตรกรในพืนที่,564,ราย,สำนักงานเกษตรจังหวัดสิงห์บุรี
2567,จังหวัดสิงห์บุรี,อำเภอบางระจัน,ต.โพชนไก่,จำนวนเกษตรกรในพืนที่,500,ราย,สำนักงานเกษตรจังหวัดสิงห์บุรี
2567,จังหวัดสิงห์บุรี,อำเภอบางระจัน,ต.แม่ลา,จำนวนเกษตรกรในพืนที่,269,ราย,สำนักงานเกษตรจังหวัดสิงห์บุรี
2567,จังหวัดสิงห์บุรี,อำเภอบางระจัน,ต.บ้านจ่า,จำนวนเกษตรกรในพืนที่,465,ราย,สำนักงานเกษตรจังหวัดสิงห์บุรี
2567,จังหวัดสิงห์บุรี,อำเภอบางระจัน,ต.พักทัน,จำนวนเกษตรกรในพืนที่,689,ราย,สำนักงานเกษตรจังหวัดสิงห์บุรี
2567,จังหวัดสิงห์บุรี,อำเภอบางระจัน,ต.สระแจง,จำนวนเกษตรกรในพืนที่,564,ราย,สำนักงานเกษตรจังหวัดสิงห์บุรี
2567,จังหวัดสิงห์บุรี,อำเภอค่ายบางระจัน,ต.โพทะเล,จำนวนเกษตรกรในพืนที่,587,ราย,สำนักงานเกษตรจังหวัดสิงห์บุรี
2567,จังหวัดสิงห์บุรี,อำเภอค่ายบางระจัน,ต.บางระจัน,จำนวนเกษตรกรในพืนที่,441,ราย,สำนักงานเกษตรจังหวัดสิงห์บุรี
2567,จังหวัดสิงห์บุรี,อำเภอค่ายบางระจัน,ต.โพสังโฆ,จำนวนเกษตรกรในพืนที่,403,ราย,สำนักงานเกษตรจังหวัดสิงห์บุรี
2567,จังหวัดสิงห์บุรี,อำเภอค่ายบางระจัน,ต.ท่าข้าม,จำนวนเกษตรกรในพืนที่,218,ราย,สำนักงานเกษตรจังหวัดสิงห์บุรี
2567,จังหวัดสิงห์บุรี,อำเภอค่ายบางระจัน,ต.คอทราย,จำนวนเกษตรกรในพืนที่,278,ราย,สำนักงานเกษตรจังหวัดสิงห์บุรี
2567,จังหวัดสิงห์บุรี,อำเภอค่ายบางระจัน,ต.หนองกระทุ่ม,จำนวนเกษตรกรในพืนที่,309,ราย,สำนักงานเกษตรจังหวัดสิงห์บุรี
2567,จังหวัดสิงห์บุรี,อำเภอพรหมบุรี,ต.พระงาม,จำนวนเกษตรกรในพืนที่,399,ราย,สำนักงานเกษตรจังหวัดสิงห์บุรี
2567,จังหวัดสิงห์บุรี,อำเภอพรหมบุรี,ต.พรหมบุรี,จำนวนเกษตรกรในพืนที่,197,ราย,สำนักงานเกษตรจังหวัดสิงห์บุรี
2567,จังหวัดสิงห์บุรี,อำเภอพรหมบุรี,ต.บางน้ำเชี่ยว,จำนวนเกษตรกรในพืนที่,196,ราย,สำนักงานเกษตรจังหวัดสิงห์บุรี
2567,จังหวัดสิงห์บุรี,อำเภอพรหมบุรี,ต.บ้านหม้อ,จำนวนเกษตรกรในพืนที่,508,ราย,สำนักงานเกษตรจังหวัดสิงห์บุรี
2567,จังหวัดสิงห์บุรี,อำเภอพรหมบุรี,ต.บ้านแป้ง,จำนวนเกษตรกรในพืนที่,181,ราย,สำนักงานเกษตรจังหวัดสิงห์บุรี
2567,จังหวัดสิงห์บุรี,อำเภอพรหมบุรี,ต.หัวป่า,จำนวนเกษตรกรในพืนที่,199,ราย,สำนักงานเกษตรจังหวัดสิงห์บุรี
2567,จังหวัดสิงห์บุรี,อำเภอพรหมบุรี,ต.โรงช้าง,จำนวนเกษตรกรในพืนที่,250,ราย,สำนักงานเกษตรจังหวัดสิงห์บุรี
2567,จังหวัดสิงห์บุรี,อำเภอท่าช้าง,ต.ถอนสมอ,จำนวนเกษตรกรในพืนที่,417,ราย,สำนักงานเกษตรจังหวัดสิงห์บุรี
2567,จังหวัดสิงห์บุรี,อำเภอท่าช้าง,ต.โพประจักษ์,จำนวนเกษตรกรในพืนที่,338,ราย,สำนักงานเกษตรจังหวัดสิงห์บุรี
2567,จังหวัดสิงห์บุรี,อำเภอท่าช้าง,ต.วิหารขาว,จำนวนเกษตรกรในพืนที่,200,ราย,สำนักงานเกษตรจังหวัดสิงห์บุรี
2567,จังหวัดสิงห์บุรี,อำเภอท่าช้าง,ต.พิกุลทอง,จำนวนเกษตรกรในพืนที่,214,ราย,สำนักงานเกษตรจังหวัดสิงห์บุรี
2567,จังหวัดสิงห์บุรี,อำเภออินทร์บุรี,ต.อินทร์บุรี,จำนวนเกษตรกรในพืนที่,471,ราย,สำนักงานเกษตรจังหวัดสิงห์บุรี
2567,จังหวัดสิงห์บุรี,อำเภออินทร์บุรี,ต.ประศุก,จำนวนเกษตรกรในพืนที่,662,ราย,สำนักงานเกษตรจังหวัดสิงห์บุรี
2567,จังหวัดสิงห์บุรี,อำเภออินทร์บุรี,ต.ทับยา,จำนวนเกษตรกรในพืนที่,515,ราย,สำนักงานเกษตรจังหวัดสิงห์บุรี
2567,จังหวัดสิงห์บุรี,อำเภออินทร์บุรี,ต.งิ้วราย,จำนวนเกษตรกรในพืนที่,681,ราย,สำนักงานเกษตรจังหวัดสิงห์บุรี
2567,จังหวัดสิงห์บุรี,อำเภออินทร์บุรี,ต.ชีน้ำร้าย,จำนวนเกษตรกรในพืนที่,552,ราย,สำนักงานเกษตรจังหวัดสิงห์บุรี
2567,จังหวัดสิงห์บุรี,อำเภออินทร์บุรี,ต.ท่างาม,จำนวนเกษตรกรในพืนที่,392,ราย,สำนักงานเกษตรจังหวัดสิงห์บุรี
2567,จังหวัดสิงห์บุรี,อำเภออินทร์บุรี,ต.น้ำตาล,จำนวนเกษตรกรในพืนที่,302,ราย,สำนักงานเกษตรจังหวัดสิงห์บุรี
2567,จังหวัดสิงห์บุรี,อำเภออินทร์บุรี,ต.ทองเอน,จำนวนเกษตรกรในพืนที่,970,ราย,สำนักงานเกษตรจังหวัดสิงห์บุรี
2567,จังหวัดสิงห์บุรี,อำเภออินทร์บุรี,ต.ห้วยชัน,จำนวนเกษตรกรในพืนที่,600,ราย,สำนักงานเกษตรจังหวัดสิงห์บุรี
2567,จังหวัดสิงห์บุรี,อำเภออินทร์บุรี,ต.โพธิ์ชัย,จำนวนเกษตรกรในพืนที่,611,ราย,สำนักงานเกษตรจังหวัดสิงห์บุรี
2568,จังหวัดสิงห์บุรี,อำเภอเมืองสิงห์บุรี,ต.บางพุทรา,จำนวนเกษตรกรในพืนที่,20,ราย,สำนักงานเกษตรจังหวัดสิงห์บุรี
2568,จังหวัดสิงห์บุรี,อำเภอเมืองสิงห์บุรี,ต.บางมัญ,จำนวนเกษตรกรในพืนที่,403,ราย,สำนักงานเกษตรจังหวัดสิงห์บุรี
2568,จังหวัดสิงห์บุรี,อำเภอเมืองสิงห์บุรี,ต.โพกรวม,จำนวนเกษตรกรในพืนที่,387,ราย,สำนักงานเกษตรจังหวัดสิงห์บุรี
2568,จังหวัดสิงห์บุรี,อำเภอเมืองสิงห์บุรี,ต.ม่วงหมู่,จำนวนเกษตรกรในพืนที่,300,ราย,สำนักงานเกษตรจังหวัดสิงห์บุรี
2568,จังหวัดสิงห์บุรี,อำเภอเมืองสิงห์บุรี,ต.หัวไผ่,จำนวนเกษตรกรในพืนที่,708,ราย,สำนักงานเกษตรจังหวัดสิงห์บุรี
2568,จังหวัดสิงห์บุรี,อำเภอเมืองสิงห์บุรี,ต.ต้นโพธิ์,จำนวนเกษตรกรในพืนที่,383,ราย,สำนักงานเกษตรจังหวัดสิงห์บุรี
2568,จังหวัดสิงห์บุรี,อำเภอเมืองสิงห์บุรี,ต.จักรสีห์,จำนวนเกษตรกรในพืนที่,313,ราย,สำนักงานเกษตรจังหวัดสิงห์บุรี
2568,จังหวัดสิงห์บุรี,อำเภอเมืองสิงห์บุรี,ต.บางกระบือ,จำนวนเกษตรกรในพืนที่,514,ราย,สำนักงานเกษตรจังหวัดสิงห์บุรี
2568,จังหวัดสิงห์บุรี,อำเภอบางระจัน,ต.สิงห์,จำนวนเกษตรกรในพืนที่,384,ราย,สำนักงานเกษตรจังหวัดสิงห์บุรี
2568,จังหวัดสิงห์บุรี,อำเภอบางระจัน,ต.ไม้ดัด,จำนวนเกษตรกรในพืนที่,672,ราย,สำนักงานเกษตรจังหวัดสิงห์บุรี
2568,จังหวัดสิงห์บุรี,อำเภอบางระจัน,ต.เชิงกลัด,จำนวนเกษตรกรในพืนที่,576,ราย,สำนักงานเกษตรจังหวัดสิงห์บุรี
2568,จังหวัดสิงห์บุรี,อำเภอบางระจัน,ต.โพชนไก่,จำนวนเกษตรกรในพืนที่,493,ราย,สำนักงานเกษตรจังหวัดสิงห์บุรี
2568,จังหวัดสิงห์บุรี,อำเภอบางระจัน,ต.แม่ลา,จำนวนเกษตรกรในพืนที่,277,ราย,สำนักงานเกษตรจังหวัดสิงห์บุรี
2568,จังหวัดสิงห์บุรี,อำเภอบางระจัน,ต.บ้านจ่า,จำนวนเกษตรกรในพืนที่,466,ราย,สำนักงานเกษตรจังหวัดสิงห์บุรี
2568,จังหวัดสิงห์บุรี,อำเภอบางระจัน,ต.พักทัน,จำนวนเกษตรกรในพืนที่,687,ราย,สำนักงานเกษตรจังหวัดสิงห์บุรี
2568,จังหวัดสิงห์บุรี,อำเภอบางระจัน,ต.สระแจง,จำนวนเกษตรกรในพืนที่,546,ราย,สำนักงานเกษตรจังหวัดสิงห์บุรี
2568,จังหวัดสิงห์บุรี,อำเภอค่ายบางระจัน,ต.โพทะเล,จำนวนเกษตรกรในพืนที่,587,ราย,สำนักงานเกษตรจังหวัดสิงห์บุรี
2568,จังหวัดสิงห์บุรี,อำเภอค่ายบางระจัน,ต.บางระจัน,จำนวนเกษตรกรในพืนที่,455,ราย,สำนักงานเกษตรจังหวัดสิงห์บุรี
2568,จังหวัดสิงห์บุรี,อำเภอค่ายบางระจัน,ต.โพสังโฆ,จำนวนเกษตรกรในพืนที่,396,ราย,สำนักงานเกษตรจังหวัดสิงห์บุรี
2568,จังหวัดสิงห์บุรี,อำเภอค่ายบางระจัน,ต.ท่าข้าม,จำนวนเกษตรกรในพืนที่,208,ราย,สำนักงานเกษตรจังหวัดสิงห์บุรี
2568,จังหวัดสิงห์บุรี,อำเภอค่ายบางระจัน,ต.คอทราย,จำนวนเกษตรกรในพืนที่,289,ราย,สำนักงานเกษตรจังหวัดสิงห์บุรี
2568,จังหวัดสิงห์บุรี,อำเภอค่ายบางระจัน,ต.หนองกระทุ่ม,จำนวนเกษตรกรในพืนที่,300,ราย,สำนักงานเกษตรจังหวัดสิงห์บุรี
2568,จังหวัดสิงห์บุรี,อำเภอพรหมบุรี,ต.พระงาม,จำนวนเกษตรกรในพืนที่,364,ราย,สำนักงานเกษตรจังหวัดสิงห์บุรี
2568,จังหวัดสิงห์บุรี,อำเภอพรหมบุรี,ต.พรหมบุรี,จำนวนเกษตรกรในพืนที่,176,ราย,สำนักงานเกษตรจังหวัดสิงห์บุรี
2568,จังหวัดสิงห์บุรี,อำเภอพรหมบุรี,ต.บางน้ำเชี่ยว,จำนวนเกษตรกรในพืนที่,180,ราย,สำนักงานเกษตรจังหวัดสิงห์บุรี
2568,จังหวัดสิงห์บุรี,อำเภอพรหมบุรี,ต.บ้านหม้อ,จำนวนเกษตรกรในพืนที่,494,ราย,สำนักงานเกษตรจังหวัดสิงห์บุรี
2568,จังหวัดสิงห์บุรี,อำเภอพรหมบุรี,ต.บ้านแป้ง,จำนวนเกษตรกรในพืนที่,154,ราย,สำนักงานเกษตรจังหวัดสิงห์บุรี
2568,จังหวัดสิงห์บุรี,อำเภอพรหมบุรี,ต.หัวป่า,จำนวนเกษตรกรในพืนที่,176,ราย,สำนักงานเกษตรจังหวัดสิงห์บุรี
2568,จังหวัดสิงห์บุรี,อำเภอพรหมบุรี,ต.โรงช้าง,จำนวนเกษตรกรในพืนที่,248,ราย,สำนักงานเกษตรจังหวัดสิงห์บุรี
2568,จังหวัดสิงห์บุรี,อำเภอท่าช้าง,ต.ถอนสมอ,จำนวนเกษตรกรในพืนที่,402,ราย,สำนักงานเกษตรจังหวัดสิงห์บุรี
2568,จังหวัดสิงห์บุรี,อำเภอท่าช้าง,ต.โพประจักษ์,จำนวนเกษตรกรในพืนที่,353,ราย,สำนักงานเกษตรจังหวัดสิงห์บุรี
2568,จังหวัดสิงห์บุรี,อำเภอท่าช้าง,ต.วิหารขาว,จำนวนเกษตรกรในพืนที่,171,ราย,สำนักงานเกษตรจังหวัดสิงห์บุรี
2568,จังหวัดสิงห์บุรี,อำเภอท่าช้าง,ต.พิกุลทอง,จำนวนเกษตรกรในพืนที่,212,ราย,สำนักงานเกษตรจังหวัดสิงห์บุรี
2568,จังหวัดสิงห์บุรี,อำเภออินทร์บุรี,ต.อินทร์บุรี,จำนวนเกษตรกรในพืนที่,446,ราย,สำนักงานเกษตรจังหวัดสิงห์บุรี
2568,จังหวัดสิงห์บุรี,อำเภออินทร์บุรี,ต.ประศุก,จำนวนเกษตรกรในพืนที่,658,ราย,สำนักงานเกษตรจังหวัดสิงห์บุรี
2568,จังหวัดสิงห์บุรี,อำเภออินทร์บุรี,ต.ทับยา,จำนวนเกษตรกรในพืนที่,496,ราย,สำนักงานเกษตรจังหวัดสิงห์บุรี
2568,จังหวัดสิงห์บุรี,อำเภออินทร์บุรี,ต.งิ้วราย,จำนวนเกษตรกรในพืนที่,654,ราย,สำนักงานเกษตรจังหวัดสิงห์บุรี
2568,จังหวัดสิงห์บุรี,อำเภออินทร์บุรี,ต.ชีน้ำร้าย,จำนวนเกษตรกรในพืนที่,529,ราย,สำนักงานเกษตรจังหวัดสิงห์บุรี
2568,จังหวัดสิงห์บุรี,อำเภออินทร์บุรี,ต.ท่างาม,จำนวนเกษตรกรในพืนที่,390,ราย,สำนักงานเกษตรจังหวัดสิงห์บุรี
2568,จังหวัดสิงห์บุรี,อำเภออินทร์บุรี,ต.น้ำตาล,จำนวนเกษตรกรในพืนที่,269,ราย,สำนักงานเกษตรจังหวัดสิงห์บุรี
2568,จังหวัดสิงห์บุรี,อำเภออินทร์บุรี,ต.ทองเอน,จำนวนเกษตรกรในพืนที่,972,ราย,สำนักงานเกษตรจังหวัดสิงห์บุรี
2568,จังหวัดสิงห์บุรี,อำเภออินทร์บุรี,ต.ห้วยชัน,จำนวนเกษตรกรในพืนที่,608,ราย,สำนักงานเกษตรจังหวัดสิงห์บุรี
2568,จังหวัดสิงห์บุรี,อำเภออินทร์บุรี,ต.โพธิ์ชัย,จำนวนเกษตรกรในพืนที่,615,ราย,สำนักงานเกษตรจังหวัดสิงห์บุรี
