ปี,ฤดูกาล,อำเภอ,ประเภท,ประเภทข้าว,จำนวน,หน่วย
2568,ข้าวนาปรัง,อำเภอเมืองฉะเชิงเทรา,เนื้อที่เพาะปลูกข้าว ,ข้าวเจ้า,40909,ไร่
2568,ข้าวนาปรัง,อำเภอเมืองฉะเชิงเทรา,เนื้อที่เพาะปลูกข้าว ,ข้าวเหนียว,0,ไร่
2568,ข้าวนาปรัง,อำเภอเมืองฉะเชิงเทรา,เนื้อที่เพาะปลูกข้าว ,ข้าวเจ้า,40612,ไร่
2568,ข้าวนาปรัง,อำเภอเมืองฉะเชิงเทรา,เนื้อที่เพาะปลูกข้าว ,ข้าวเหนียว,0,ไร่
2568,ข้าวนาปรัง,อำเภอเมืองฉะเชิงเทรา,เนื้อที่เก็บเกี่ยว,ข้าวเจ้า,40909,ไร่
2568,ข้าวนาปรัง,อำเภอเมืองฉะเชิงเทรา,เนื้อที่เก็บเกี่ยว,ข้าวเหนียว,0,ไร่
2568,ข้าวนาปรัง,อำเภอเมืองฉะเชิงเทรา,เนื้อที่เก็บเกี่ยว,ข้าวเจ้า,40612,ไร่
2568,ข้าวนาปรัง,อำเภอเมืองฉะเชิงเทรา,เนื้อที่เก็บเกี่ยว,ข้าวเหนียว,0,ไร่
2568,ข้าวนาปรัง,อำเภอบางคล้า,เนื้อที่เพาะปลูกข้าว ,ข้าวเจ้า,14416,ไร่
2568,ข้าวนาปรัง,อำเภอบางคล้า,เนื้อที่เพาะปลูกข้าว ,ข้าวเหนียว,0,ไร่
2568,ข้าวนาปรัง,อำเภอบางคล้า,เนื้อที่เพาะปลูกข้าว ,ข้าวเจ้า,14327,ไร่
2568,ข้าวนาปรัง,อำเภอบางคล้า,เนื้อที่เพาะปลูกข้าว ,ข้าวเหนียว,0,ไร่
2568,ข้าวนาปรัง,อำเภอบางคล้า,เนื้อที่เก็บเกี่ยว,ข้าวเจ้า,14416,ไร่
2568,ข้าวนาปรัง,อำเภอบางคล้า,เนื้อที่เก็บเกี่ยว,ข้าวเหนียว,0,ไร่
2568,ข้าวนาปรัง,อำเภอบางคล้า,เนื้อที่เก็บเกี่ยว,ข้าวเจ้า,14327,ไร่
2568,ข้าวนาปรัง,อำเภอบางคล้า,เนื้อที่เก็บเกี่ยว,ข้าวเหนียว,0,ไร่
2568,ข้าวนาปรัง,อำเภอบางน้ำเปรี้ยว,เนื้อที่เพาะปลูกข้าว ,ข้าวเจ้า,95268,ไร่
2568,ข้าวนาปรัง,อำเภอบางน้ำเปรี้ยว,เนื้อที่เพาะปลูกข้าว ,ข้าวเหนียว,0,ไร่
2568,ข้าวนาปรัง,อำเภอบางน้ำเปรี้ยว,เนื้อที่เพาะปลูกข้าว ,ข้าวเจ้า,94982,ไร่
2568,ข้าวนาปรัง,อำเภอบางน้ำเปรี้ยว,เนื้อที่เพาะปลูกข้าว ,ข้าวเหนียว,0,ไร่
2568,ข้าวนาปรัง,อำเภอบางน้ำเปรี้ยว,เนื้อที่เก็บเกี่ยว,ข้าวเจ้า,95268,ไร่
2568,ข้าวนาปรัง,อำเภอบางน้ำเปรี้ยว,เนื้อที่เก็บเกี่ยว,ข้าวเหนียว,0,ไร่
2568,ข้าวนาปรัง,อำเภอบางน้ำเปรี้ยว,เนื้อที่เก็บเกี่ยว,ข้าวเจ้า,94982,ไร่
2568,ข้าวนาปรัง,อำเภอบางน้ำเปรี้ยว,เนื้อที่เก็บเกี่ยว,ข้าวเหนียว,0,ไร่
2568,ข้าวนาปรัง,อำเภอบางปะกง,เนื้อที่เพาะปลูกข้าว ,ข้าวเจ้า,9399,ไร่
2568,ข้าวนาปรัง,อำเภอบางปะกง,เนื้อที่เพาะปลูกข้าว ,ข้าวเหนียว,0,ไร่
2568,ข้าวนาปรัง,อำเภอบางปะกง,เนื้อที่เพาะปลูกข้าว ,ข้าวเจ้า,9336,ไร่
2568,ข้าวนาปรัง,อำเภอบางปะกง,เนื้อที่เพาะปลูกข้าว ,ข้าวเหนียว,0,ไร่
2568,ข้าวนาปรัง,อำเภอบางปะกง,เนื้อที่เก็บเกี่ยว,ข้าวเจ้า,9399,ไร่
2568,ข้าวนาปรัง,อำเภอบางปะกง,เนื้อที่เก็บเกี่ยว,ข้าวเหนียว,0,ไร่
2568,ข้าวนาปรัง,อำเภอบางปะกง,เนื้อที่เก็บเกี่ยว,ข้าวเจ้า,9336,ไร่
2568,ข้าวนาปรัง,อำเภอบางปะกง,เนื้อที่เก็บเกี่ยว,ข้าวเหนียว,0,ไร่
2568,ข้าวนาปรัง,อำเภอบ้านโพธิ์,เนื้อที่เพาะปลูกข้าว ,ข้าวเจ้า,10561,ไร่
2568,ข้าวนาปรัง,อำเภอบ้านโพธิ์,เนื้อที่เพาะปลูกข้าว ,ข้าวเหนียว,0,ไร่
2568,ข้าวนาปรัง,อำเภอบ้านโพธิ์,เนื้อที่เพาะปลูกข้าว ,ข้าวเจ้า,10511,ไร่
2568,ข้าวนาปรัง,อำเภอบ้านโพธิ์,เนื้อที่เพาะปลูกข้าว ,ข้าวเหนียว,0,ไร่
2568,ข้าวนาปรัง,อำเภอบ้านโพธิ์,เนื้อที่เก็บเกี่ยว,ข้าวเจ้า,10561,ไร่
2568,ข้าวนาปรัง,อำเภอบ้านโพธิ์,เนื้อที่เก็บเกี่ยว,ข้าวเหนียว,0,ไร่
2568,ข้าวนาปรัง,อำเภอบ้านโพธิ์,เนื้อที่เก็บเกี่ยว,ข้าวเจ้า,10511,ไร่
2568,ข้าวนาปรัง,อำเภอบ้านโพธิ์,เนื้อที่เก็บเกี่ยว,ข้าวเหนียว,0,ไร่
2568,ข้าวนาปรัง,อำเภอพนมสารคาม,เนื้อที่เพาะปลูกข้าว ,ข้าวเจ้า,28576,ไร่
2568,ข้าวนาปรัง,อำเภอพนมสารคาม,เนื้อที่เพาะปลูกข้าว ,ข้าวเหนียว,0,ไร่
2568,ข้าวนาปรัง,อำเภอพนมสารคาม,เนื้อที่เพาะปลูกข้าว ,ข้าวเจ้า,28396,ไร่
2568,ข้าวนาปรัง,อำเภอพนมสารคาม,เนื้อที่เพาะปลูกข้าว ,ข้าวเหนียว,0,ไร่
2568,ข้าวนาปรัง,อำเภอพนมสารคาม,เนื้อที่เก็บเกี่ยว,ข้าวเจ้า,28576,ไร่
2568,ข้าวนาปรัง,อำเภอพนมสารคาม,เนื้อที่เก็บเกี่ยว,ข้าวเหนียว,0,ไร่
2568,ข้าวนาปรัง,อำเภอพนมสารคาม,เนื้อที่เก็บเกี่ยว,ข้าวเจ้า,28396,ไร่
2568,ข้าวนาปรัง,อำเภอพนมสารคาม,เนื้อที่เก็บเกี่ยว,ข้าวเหนียว,0,ไร่
2568,ข้าวนาปรัง,อำเภอราชสาส์น,เนื้อที่เพาะปลูกข้าว ,ข้าวเจ้า,32493,ไร่
2568,ข้าวนาปรัง,อำเภอราชสาส์น,เนื้อที่เพาะปลูกข้าว ,ข้าวเหนียว,0,ไร่
2568,ข้าวนาปรัง,อำเภอราชสาส์น,เนื้อที่เพาะปลูกข้าว ,ข้าวเจ้า,32331,ไร่
2568,ข้าวนาปรัง,อำเภอราชสาส์น,เนื้อที่เพาะปลูกข้าว ,ข้าวเหนียว,0,ไร่
2568,ข้าวนาปรัง,อำเภอราชสาส์น,เนื้อที่เก็บเกี่ยว,ข้าวเจ้า,32493,ไร่
2568,ข้าวนาปรัง,อำเภอราชสาส์น,เนื้อที่เก็บเกี่ยว,ข้าวเหนียว,0,ไร่
2568,ข้าวนาปรัง,อำเภอราชสาส์น,เนื้อที่เก็บเกี่ยว,ข้าวเจ้า,32331,ไร่
2568,ข้าวนาปรัง,อำเภอราชสาส์น,เนื้อที่เก็บเกี่ยว,ข้าวเหนียว,0,ไร่
2568,ข้าวนาปรัง,อำเภอสนามชัยเขต,เนื้อที่เพาะปลูกข้าว ,ข้าวเจ้า,9781,ไร่
2568,ข้าวนาปรัง,อำเภอสนามชัยเขต,เนื้อที่เพาะปลูกข้าว ,ข้าวเหนียว,0,ไร่
2568,ข้าวนาปรัง,อำเภอสนามชัยเขต,เนื้อที่เพาะปลูกข้าว ,ข้าวเจ้า,9766,ไร่
2568,ข้าวนาปรัง,อำเภอสนามชัยเขต,เนื้อที่เพาะปลูกข้าว ,ข้าวเหนียว,0,ไร่
2568,ข้าวนาปรัง,อำเภอสนามชัยเขต,เนื้อที่เก็บเกี่ยว,ข้าวเจ้า,9781,ไร่
2568,ข้าวนาปรัง,อำเภอสนามชัยเขต,เนื้อที่เก็บเกี่ยว,ข้าวเหนียว,0,ไร่
2568,ข้าวนาปรัง,อำเภอสนามชัยเขต,เนื้อที่เก็บเกี่ยว,ข้าวเจ้า,9766,ไร่
2568,ข้าวนาปรัง,อำเภอสนามชัยเขต,เนื้อที่เก็บเกี่ยว,ข้าวเหนียว,0,ไร่
2568,ข้าวนาปรัง,อำเภอแปลงยาว,เนื้อที่เพาะปลูกข้าว ,ข้าวเจ้า,3728,ไร่
2568,ข้าวนาปรัง,อำเภอแปลงยาว,เนื้อที่เพาะปลูกข้าว ,ข้าวเหนียว,0,ไร่
2568,ข้าวนาปรัง,อำเภอแปลงยาว,เนื้อที่เพาะปลูกข้าว ,ข้าวเจ้า,3706,ไร่
2568,ข้าวนาปรัง,อำเภอแปลงยาว,เนื้อที่เพาะปลูกข้าว ,ข้าวเหนียว,0,ไร่
2568,ข้าวนาปรัง,อำเภอแปลงยาว,เนื้อที่เก็บเกี่ยว,ข้าวเจ้า,3728,ไร่
2568,ข้าวนาปรัง,อำเภอแปลงยาว,เนื้อที่เก็บเกี่ยว,ข้าวเหนียว,0,ไร่
2568,ข้าวนาปรัง,อำเภอแปลงยาว,เนื้อที่เก็บเกี่ยว,ข้าวเจ้า,3706,ไร่
2568,ข้าวนาปรัง,อำเภอแปลงยาว,เนื้อที่เก็บเกี่ยว,ข้าวเหนียว,0,ไร่
2568,ข้าวนาปรัง,อำเภอท่าตะเกียบ,เนื้อที่เพาะปลูกข้าว ,ข้าวเจ้า,1146,ไร่
2568,ข้าวนาปรัง,อำเภอท่าตะเกียบ,เนื้อที่เพาะปลูกข้าว ,ข้าวเหนียว,0,ไร่
2568,ข้าวนาปรัง,อำเภอท่าตะเกียบ,เนื้อที่เพาะปลูกข้าว ,ข้าวเจ้า,1145,ไร่
2568,ข้าวนาปรัง,อำเภอท่าตะเกียบ,เนื้อที่เพาะปลูกข้าว ,ข้าวเหนียว,0,ไร่
2568,ข้าวนาปรัง,อำเภอท่าตะเกียบ,เนื้อที่เก็บเกี่ยว,ข้าวเจ้า,1146,ไร่
2568,ข้าวนาปรัง,อำเภอท่าตะเกียบ,เนื้อที่เก็บเกี่ยว,ข้าวเหนียว,0,ไร่
2568,ข้าวนาปรัง,อำเภอท่าตะเกียบ,เนื้อที่เก็บเกี่ยว,ข้าวเจ้า,1145,ไร่
2568,ข้าวนาปรัง,อำเภอท่าตะเกียบ,เนื้อที่เก็บเกี่ยว,ข้าวเหนียว,0,ไร่
2568,ข้าวนาปรัง,อำเภอคลองเขื่อน,เนื้อที่เพาะปลูกข้าว ,ข้าวเจ้า,10089,ไร่
2568,ข้าวนาปรัง,อำเภอคลองเขื่อน,เนื้อที่เพาะปลูกข้าว ,ข้าวเหนียว,0,ไร่
2568,ข้าวนาปรัง,อำเภอคลองเขื่อน,เนื้อที่เพาะปลูกข้าว ,ข้าวเจ้า,9971,ไร่
2568,ข้าวนาปรัง,อำเภอคลองเขื่อน,เนื้อที่เพาะปลูกข้าว ,ข้าวเหนียว,0,ไร่
2568,ข้าวนาปรัง,อำเภอคลองเขื่อน,เนื้อที่เก็บเกี่ยว,ข้าวเจ้า,10089,ไร่
2568,ข้าวนาปรัง,อำเภอคลองเขื่อน,เนื้อที่เก็บเกี่ยว,ข้าวเหนียว,0,ไร่
2568,ข้าวนาปรัง,อำเภอคลองเขื่อน,เนื้อที่เก็บเกี่ยว,ข้าวเจ้า,9971,ไร่
2568,ข้าวนาปรัง,อำเภอคลองเขื่อน,เนื้อที่เก็บเกี่ยว,ข้าวเหนียว,0,ไร่
2568,ข้าวนาปี,อำเภอเมืองฉะเชิงเทรา,เนื้อที่เพาะปลูกข้าว ,ข้าวเจ้า,124552,ไร่
2568,ข้าวนาปี,อำเภอเมืองฉะเชิงเทรา,เนื้อที่เพาะปลูกข้าว ,ข้าวเหนียว,0,ไร่
2568,ข้าวนาปี,อำเภอเมืองฉะเชิงเทรา,เนื้อที่เพาะปลูกข้าว ,ข้าวเจ้า,123792,ไร่
2568,ข้าวนาปี,อำเภอเมืองฉะเชิงเทรา,เนื้อที่เพาะปลูกข้าว ,ข้าวเหนียว,0,ไร่
2568,ข้าวนาปี,อำเภอเมืองฉะเชิงเทรา,เนื้อที่เก็บเกี่ยว,ข้าวเจ้า,124552,ไร่
2568,ข้าวนาปี,อำเภอเมืองฉะเชิงเทรา,เนื้อที่เก็บเกี่ยว,ข้าวเหนียว,0,ไร่
2568,ข้าวนาปี,อำเภอเมืองฉะเชิงเทรา,เนื้อที่เก็บเกี่ยว,ข้าวเจ้า,123792,ไร่
2568,ข้าวนาปี,อำเภอเมืองฉะเชิงเทรา,เนื้อที่เก็บเกี่ยว,ข้าวเหนียว,0,ไร่
2568,ข้าวนาปี,อำเภอบางคล้า,เนื้อที่เพาะปลูกข้าว ,ข้าวเจ้า,15384,ไร่
2568,ข้าวนาปี,อำเภอบางคล้า,เนื้อที่เพาะปลูกข้าว ,ข้าวเหนียว,0,ไร่
2568,ข้าวนาปี,อำเภอบางคล้า,เนื้อที่เพาะปลูกข้าว ,ข้าวเจ้า,15274,ไร่
2568,ข้าวนาปี,อำเภอบางคล้า,เนื้อที่เพาะปลูกข้าว ,ข้าวเหนียว,0,ไร่
2568,ข้าวนาปี,อำเภอบางคล้า,เนื้อที่เก็บเกี่ยว,ข้าวเจ้า,15384,ไร่
2568,ข้าวนาปี,อำเภอบางคล้า,เนื้อที่เก็บเกี่ยว,ข้าวเหนียว,0,ไร่
2568,ข้าวนาปี,อำเภอบางคล้า,เนื้อที่เก็บเกี่ยว,ข้าวเจ้า,15274,ไร่
2568,ข้าวนาปี,อำเภอบางคล้า,เนื้อที่เก็บเกี่ยว,ข้าวเหนียว,0,ไร่
2568,ข้าวนาปี,อำเภอบางน้ำเปรี้ยว,เนื้อที่เพาะปลูกข้าว ,ข้าวเจ้า,235952,ไร่
2568,ข้าวนาปี,อำเภอบางน้ำเปรี้ยว,เนื้อที่เพาะปลูกข้าว ,ข้าวเหนียว,0,ไร่
2568,ข้าวนาปี,อำเภอบางน้ำเปรี้ยว,เนื้อที่เพาะปลูกข้าว ,ข้าวเจ้า,235474,ไร่
2568,ข้าวนาปี,อำเภอบางน้ำเปรี้ยว,เนื้อที่เพาะปลูกข้าว ,ข้าวเหนียว,0,ไร่
2568,ข้าวนาปี,อำเภอบางน้ำเปรี้ยว,เนื้อที่เก็บเกี่ยว,ข้าวเจ้า,235952,ไร่
2568,ข้าวนาปี,อำเภอบางน้ำเปรี้ยว,เนื้อที่เก็บเกี่ยว,ข้าวเหนียว,0,ไร่
2568,ข้าวนาปี,อำเภอบางน้ำเปรี้ยว,เนื้อที่เก็บเกี่ยว,ข้าวเจ้า,235474,ไร่
2568,ข้าวนาปี,อำเภอบางน้ำเปรี้ยว,เนื้อที่เก็บเกี่ยว,ข้าวเหนียว,0,ไร่
2568,ข้าวนาปี,อำเภอบางปะกง,เนื้อที่เพาะปลูกข้าว ,ข้าวเจ้า,11654,ไร่
2568,ข้าวนาปี,อำเภอบางปะกง,เนื้อที่เพาะปลูกข้าว ,ข้าวเหนียว,0,ไร่
2568,ข้าวนาปี,อำเภอบางปะกง,เนื้อที่เพาะปลูกข้าว ,ข้าวเจ้า,11533,ไร่
2568,ข้าวนาปี,อำเภอบางปะกง,เนื้อที่เพาะปลูกข้าว ,ข้าวเหนียว,0,ไร่
2568,ข้าวนาปี,อำเภอบางปะกง,เนื้อที่เก็บเกี่ยว,ข้าวเจ้า,11654,ไร่
2568,ข้าวนาปี,อำเภอบางปะกง,เนื้อที่เก็บเกี่ยว,ข้าวเหนียว,0,ไร่
2568,ข้าวนาปี,อำเภอบางปะกง,เนื้อที่เก็บเกี่ยว,ข้าวเจ้า,11533,ไร่
2568,ข้าวนาปี,อำเภอบางปะกง,เนื้อที่เก็บเกี่ยว,ข้าวเหนียว,0,ไร่
2568,ข้าวนาปี,อำเภอบ้านโพธิ์,เนื้อที่เพาะปลูกข้าว ,ข้าวเจ้า,21067,ไร่
2568,ข้าวนาปี,อำเภอบ้านโพธิ์,เนื้อที่เพาะปลูกข้าว ,ข้าวเหนียว,0,ไร่
2568,ข้าวนาปี,อำเภอบ้านโพธิ์,เนื้อที่เพาะปลูกข้าว ,ข้าวเจ้า,20867,ไร่
2568,ข้าวนาปี,อำเภอบ้านโพธิ์,เนื้อที่เพาะปลูกข้าว ,ข้าวเหนียว,0,ไร่
2568,ข้าวนาปี,อำเภอบ้านโพธิ์,เนื้อที่เก็บเกี่ยว,ข้าวเจ้า,21067,ไร่
2568,ข้าวนาปี,อำเภอบ้านโพธิ์,เนื้อที่เก็บเกี่ยว,ข้าวเหนียว,0,ไร่
2568,ข้าวนาปี,อำเภอบ้านโพธิ์,เนื้อที่เก็บเกี่ยว,ข้าวเจ้า,20867,ไร่
2568,ข้าวนาปี,อำเภอบ้านโพธิ์,เนื้อที่เก็บเกี่ยว,ข้าวเหนียว,0,ไร่
2568,ข้าวนาปี,อำเภอพนมสารคาม,เนื้อที่เพาะปลูกข้าว ,ข้าวเจ้า,86781,ไร่
2568,ข้าวนาปี,อำเภอพนมสารคาม,เนื้อที่เพาะปลูกข้าว ,ข้าวเหนียว,0,ไร่
2568,ข้าวนาปี,อำเภอพนมสารคาม,เนื้อที่เพาะปลูกข้าว ,ข้าวเจ้า,85839,ไร่
2568,ข้าวนาปี,อำเภอพนมสารคาม,เนื้อที่เพาะปลูกข้าว ,ข้าวเหนียว,0,ไร่
2568,ข้าวนาปี,อำเภอพนมสารคาม,เนื้อที่เก็บเกี่ยว,ข้าวเจ้า,86781,ไร่
2568,ข้าวนาปี,อำเภอพนมสารคาม,เนื้อที่เก็บเกี่ยว,ข้าวเหนียว,0,ไร่
2568,ข้าวนาปี,อำเภอพนมสารคาม,เนื้อที่เก็บเกี่ยว,ข้าวเจ้า,85839,ไร่
2568,ข้าวนาปี,อำเภอพนมสารคาม,เนื้อที่เก็บเกี่ยว,ข้าวเหนียว,0,ไร่
2568,ข้าวนาปี,อำเภอราชสาส์น,เนื้อที่เพาะปลูกข้าว ,ข้าวเจ้า,43240,ไร่
2568,ข้าวนาปี,อำเภอราชสาส์น,เนื้อที่เพาะปลูกข้าว ,ข้าวเหนียว,0,ไร่
2568,ข้าวนาปี,อำเภอราชสาส์น,เนื้อที่เพาะปลูกข้าว ,ข้าวเจ้า,42914,ไร่
2568,ข้าวนาปี,อำเภอราชสาส์น,เนื้อที่เพาะปลูกข้าว ,ข้าวเหนียว,0,ไร่
2568,ข้าวนาปี,อำเภอราชสาส์น,เนื้อที่เก็บเกี่ยว,ข้าวเจ้า,43240,ไร่
2568,ข้าวนาปี,อำเภอราชสาส์น,เนื้อที่เก็บเกี่ยว,ข้าวเหนียว,0,ไร่
2568,ข้าวนาปี,อำเภอราชสาส์น,เนื้อที่เก็บเกี่ยว,ข้าวเจ้า,42914,ไร่
2568,ข้าวนาปี,อำเภอราชสาส์น,เนื้อที่เก็บเกี่ยว,ข้าวเหนียว,0,ไร่
2568,ข้าวนาปี,อำเภอสนามชัยเขต,เนื้อที่เพาะปลูกข้าว ,ข้าวเจ้า,43181,ไร่
2568,ข้าวนาปี,อำเภอสนามชัยเขต,เนื้อที่เพาะปลูกข้าว ,ข้าวเหนียว,2611,ไร่
2568,ข้าวนาปี,อำเภอสนามชัยเขต,เนื้อที่เพาะปลูกข้าว ,ข้าวเจ้า,42723,ไร่
2568,ข้าวนาปี,อำเภอสนามชัยเขต,เนื้อที่เพาะปลูกข้าว ,ข้าวเหนียว,2611,ไร่
2568,ข้าวนาปี,อำเภอสนามชัยเขต,เนื้อที่เก็บเกี่ยว,ข้าวเจ้า,43181,ไร่
2568,ข้าวนาปี,อำเภอสนามชัยเขต,เนื้อที่เก็บเกี่ยว,ข้าวเหนียว,2611,ไร่
2568,ข้าวนาปี,อำเภอสนามชัยเขต,เนื้อที่เก็บเกี่ยว,ข้าวเจ้า,42723,ไร่
2568,ข้าวนาปี,อำเภอสนามชัยเขต,เนื้อที่เก็บเกี่ยว,ข้าวเหนียว,2611,ไร่
2568,ข้าวนาปี,อำเภอแปลงยาว,เนื้อที่เพาะปลูกข้าว ,ข้าวเจ้า,13929,ไร่
2568,ข้าวนาปี,อำเภอแปลงยาว,เนื้อที่เพาะปลูกข้าว ,ข้าวเหนียว,0,ไร่
2568,ข้าวนาปี,อำเภอแปลงยาว,เนื้อที่เพาะปลูกข้าว ,ข้าวเจ้า,13706,ไร่
2568,ข้าวนาปี,อำเภอแปลงยาว,เนื้อที่เพาะปลูกข้าว ,ข้าวเหนียว,0,ไร่
2568,ข้าวนาปี,อำเภอแปลงยาว,เนื้อที่เก็บเกี่ยว,ข้าวเจ้า,13929,ไร่
2568,ข้าวนาปี,อำเภอแปลงยาว,เนื้อที่เก็บเกี่ยว,ข้าวเหนียว,0,ไร่
2568,ข้าวนาปี,อำเภอแปลงยาว,เนื้อที่เก็บเกี่ยว,ข้าวเจ้า,13706,ไร่
2568,ข้าวนาปี,อำเภอแปลงยาว,เนื้อที่เก็บเกี่ยว,ข้าวเหนียว,0,ไร่
2568,ข้าวนาปี,อำเภอท่าตะเกียบ,เนื้อที่เพาะปลูกข้าว ,ข้าวเจ้า,12534,ไร่
2568,ข้าวนาปี,อำเภอท่าตะเกียบ,เนื้อที่เพาะปลูกข้าว ,ข้าวเหนียว,657,ไร่
2568,ข้าวนาปี,อำเภอท่าตะเกียบ,เนื้อที่เพาะปลูกข้าว ,ข้าวเจ้า,12239,ไร่
2568,ข้าวนาปี,อำเภอท่าตะเกียบ,เนื้อที่เพาะปลูกข้าว ,ข้าวเหนียว,657,ไร่
2568,ข้าวนาปี,อำเภอท่าตะเกียบ,เนื้อที่เก็บเกี่ยว,ข้าวเจ้า,12534,ไร่
2568,ข้าวนาปี,อำเภอท่าตะเกียบ,เนื้อที่เก็บเกี่ยว,ข้าวเหนียว,657,ไร่
2568,ข้าวนาปี,อำเภอท่าตะเกียบ,เนื้อที่เก็บเกี่ยว,ข้าวเจ้า,12239,ไร่
2568,ข้าวนาปี,อำเภอท่าตะเกียบ,เนื้อที่เก็บเกี่ยว,ข้าวเหนียว,657,ไร่
2568,ข้าวนาปี,อำเภอคลองเขื่อน,เนื้อที่เพาะปลูกข้าว ,ข้าวเจ้า,32565,ไร่
2568,ข้าวนาปี,อำเภอคลองเขื่อน,เนื้อที่เพาะปลูกข้าว ,ข้าวเหนียว,0,ไร่
2568,ข้าวนาปี,อำเภอคลองเขื่อน,เนื้อที่เพาะปลูกข้าว ,ข้าวเจ้า,32390,ไร่
2568,ข้าวนาปี,อำเภอคลองเขื่อน,เนื้อที่เพาะปลูกข้าว ,ข้าวเหนียว,0,ไร่
2568,ข้าวนาปี,อำเภอคลองเขื่อน,เนื้อที่เก็บเกี่ยว,ข้าวเจ้า,32565,ไร่
2568,ข้าวนาปี,อำเภอคลองเขื่อน,เนื้อที่เก็บเกี่ยว,ข้าวเหนียว,0,ไร่
2568,ข้าวนาปี,อำเภอคลองเขื่อน,เนื้อที่เก็บเกี่ยว,ข้าวเจ้า,32390,ไร่
2568,ข้าวนาปี,อำเภอคลองเขื่อน,เนื้อที่เก็บเกี่ยว,ข้าวเหนียว,0,ไร่
2567,ข้าวนาปี,อำเภอเมืองฉะเชิงเทรา,เนื้อที่เพาะปลูกข้าว,ข้าวเจ้า,143271,ไร่
2567,ข้าวนาปี,อำเภอเมืองฉะเชิงเทรา,เนื้อที่เพาะปลูกข้าว,ข้าวเหนียว,0,ไร่
2567,ข้าวนาปี,อำเภอเมืองฉะเชิงเทรา,เนื้อที่เก็บเกี่ยว,ข้าวเจ้า,142963,ไร่
2567,ข้าวนาปี,อำเภอเมืองฉะเชิงเทรา,เนื้อที่เก็บเกี่ยว,ข้าวเหนียว,0,ไร่
2567,ข้าวนาปี,อำเภอบางคล้า,เนื้อที่เพาะปลูกข้าว,ข้าวเจ้า,15064,ไร่
2567,ข้าวนาปี,อำเภอบางคล้า,เนื้อที่เพาะปลูกข้าว,ข้าวเหนียว,0,ไร่
2567,ข้าวนาปี,อำเภอบางคล้า,เนื้อที่เก็บเกี่ยว,ข้าวเจ้า,15064,ไร่
2567,ข้าวนาปี,อำเภอบางคล้า,เนื้อที่เก็บเกี่ยว,ข้าวเหนียว,0,ไร่
2567,ข้าวนาปี,อำเภอบางน้ำเปรี้ยว,เนื้อที่เพาะปลูกข้าว,ข้าวเจ้า,175229,ไร่
2567,ข้าวนาปี,อำเภอบางน้ำเปรี้ยว,เนื้อที่เพาะปลูกข้าว,ข้าวเหนียว,0,ไร่
2567,ข้าวนาปี,อำเภอบางน้ำเปรี้ยว,เนื้อที่เก็บเกี่ยว,ข้าวเจ้า,175229,ไร่
2567,ข้าวนาปี,อำเภอบางน้ำเปรี้ยว,เนื้อที่เก็บเกี่ยว,ข้าวเหนียว,0,ไร่
2567,ข้าวนาปี,อำเภอบางปะกง,เนื้อที่เพาะปลูกข้าว,ข้าวเจ้า,7840,ไร่
2567,ข้าวนาปี,อำเภอบางปะกง,เนื้อที่เพาะปลูกข้าว,ข้าวเหนียว,0,ไร่
2567,ข้าวนาปี,อำเภอบางปะกง,เนื้อที่เก็บเกี่ยว,ข้าวเจ้า,7840,ไร่
2567,ข้าวนาปี,อำเภอบางปะกง,เนื้อที่เก็บเกี่ยว,ข้าวเหนียว,0,ไร่
2567,ข้าวนาปี,อำเภอบ้านโพธิ์,เนื้อที่เพาะปลูกข้าว,ข้าวเจ้า,23916,ไร่
2567,ข้าวนาปี,อำเภอบ้านโพธิ์,เนื้อที่เพาะปลูกข้าว,ข้าวเหนียว,0,ไร่
2567,ข้าวนาปี,อำเภอบ้านโพธิ์,เนื้อที่เก็บเกี่ยว,ข้าวเจ้า,22966,ไร่
2567,ข้าวนาปี,อำเภอบ้านโพธิ์,เนื้อที่เก็บเกี่ยว,ข้าวเหนียว,0,ไร่
2567,ข้าวนาปี,อำเภอพนมสารคาม,เนื้อที่เพาะปลูกข้าว,ข้าวเจ้า,73851,ไร่
2567,ข้าวนาปี,อำเภอพนมสารคาม,เนื้อที่เพาะปลูกข้าว,ข้าวเหนียว,0,ไร่
2567,ข้าวนาปี,อำเภอพนมสารคาม,เนื้อที่เก็บเกี่ยว,ข้าวเจ้า,73699,ไร่
2567,ข้าวนาปี,อำเภอพนมสารคาม,เนื้อที่เก็บเกี่ยว,ข้าวเหนียว,0,ไร่
2567,ข้าวนาปี,อำเภอราชสาส์น,เนื้อที่เพาะปลูกข้าว,ข้าวเจ้า,37610,ไร่
2567,ข้าวนาปี,อำเภอราชสาส์น,เนื้อที่เพาะปลูกข้าว,ข้าวเหนียว,0,ไร่
2567,ข้าวนาปี,อำเภอราชสาส์น,เนื้อที่เก็บเกี่ยว,ข้าวเจ้า,37610,ไร่
2567,ข้าวนาปี,อำเภอราชสาส์น,เนื้อที่เก็บเกี่ยว,ข้าวเหนียว,0,ไร่
2567,ข้าวนาปี,อำเภอสนามชัยเขต,เนื้อที่เพาะปลูกข้าว,ข้าวเจ้า,209,ไร่
2567,ข้าวนาปี,อำเภอสนามชัยเขต,เนื้อที่เพาะปลูกข้าว,ข้าวเหนียว,3359,ไร่
2567,ข้าวนาปี,อำเภอสนามชัยเขต,เนื้อที่เก็บเกี่ยว,ข้าวเจ้า,209,ไร่
2567,ข้าวนาปี,อำเภอสนามชัยเขต,เนื้อที่เก็บเกี่ยว,ข้าวเหนียว,3359,ไร่
2567,ข้าวนาปี,อำเภอแปลงยาว,เนื้อที่เพาะปลูกข้าว,ข้าวเจ้า,3226,ไร่
2567,ข้าวนาปี,อำเภอแปลงยาว,เนื้อที่เพาะปลูกข้าว,ข้าวเหนียว,0,ไร่
2567,ข้าวนาปี,อำเภอแปลงยาว,เนื้อที่เก็บเกี่ยว,ข้าวเจ้า,3226,ไร่
2567,ข้าวนาปี,อำเภอแปลงยาว,เนื้อที่เก็บเกี่ยว,ข้าวเหนียว,0,ไร่
2567,ข้าวนาปี,อำเภอท่าตะเกียบ,เนื้อที่เพาะปลูกข้าว,ข้าวเจ้า,0,ไร่
2567,ข้าวนาปี,อำเภอท่าตะเกียบ,เนื้อที่เพาะปลูกข้าว,ข้าวเหนียว,235,ไร่
2567,ข้าวนาปี,อำเภอท่าตะเกียบ,เนื้อที่เก็บเกี่ยว,ข้าวเจ้า,0,ไร่
2567,ข้าวนาปี,อำเภอท่าตะเกียบ,เนื้อที่เก็บเกี่ยว,ข้าวเหนียว,235,ไร่
2567,ข้าวนาปี,อำเภอคลองเขื่อน,เนื้อที่เพาะปลูกข้าว,ข้าวเจ้า,49761,ไร่
2567,ข้าวนาปี,อำเภอคลองเขื่อน,เนื้อที่เพาะปลูกข้าว,ข้าวเหนียว,0,ไร่
2567,ข้าวนาปี,อำเภอคลองเขื่อน,เนื้อที่เก็บเกี่ยว,ข้าวเจ้า,49761,ไร่
2567,ข้าวนาปี,อำเภอคลองเขื่อน,เนื้อที่เก็บเกี่ยว,ข้าวเหนียว,0,ไร่
2567,ข้าวนาปรัง,อำเภอเมืองฉะเชิงเทรา,เนื้อที่เพาะปลูกข้าว,ข้าวเจ้า,143271,ไร่
2567,ข้าวนาปรัง,อำเภอเมืองฉะเชิงเทรา,เนื้อที่เพาะปลูกข้าว,ข้าวเหนียว,0,ไร่
2567,ข้าวนาปรัง,อำเภอเมืองฉะเชิงเทรา,เนื้อที่เก็บเกี่ยว,ข้าวเจ้า,142963,ไร่
2567,ข้าวนาปรัง,อำเภอเมืองฉะเชิงเทรา,เนื้อที่เก็บเกี่ยว,ข้าวเหนียว,0,ไร่
2567,ข้าวนาปรัง,อำเภอบางคล้า,เนื้อที่เพาะปลูกข้าว,ข้าวเจ้า,15064,ไร่
2567,ข้าวนาปรัง,อำเภอบางคล้า,เนื้อที่เพาะปลูกข้าว,ข้าวเหนียว,0,ไร่
2567,ข้าวนาปรัง,อำเภอบางคล้า,เนื้อที่เก็บเกี่ยว,ข้าวเจ้า,15064,ไร่
2567,ข้าวนาปรัง,อำเภอบางคล้า,เนื้อที่เก็บเกี่ยว,ข้าวเหนียว,0,ไร่
2567,ข้าวนาปรัง,อำเภอบางน้ำเปรี้ยว,เนื้อที่เพาะปลูกข้าว,ข้าวเจ้า,175229,ไร่
2567,ข้าวนาปรัง,อำเภอบางน้ำเปรี้ยว,เนื้อที่เพาะปลูกข้าว,ข้าวเหนียว,0,ไร่
2567,ข้าวนาปรัง,อำเภอบางน้ำเปรี้ยว,เนื้อที่เก็บเกี่ยว,ข้าวเจ้า,175229,ไร่
2567,ข้าวนาปรัง,อำเภอบางน้ำเปรี้ยว,เนื้อที่เก็บเกี่ยว,ข้าวเหนียว,0,ไร่
2567,ข้าวนาปรัง,อำเภอบางปะกง,เนื้อที่เพาะปลูกข้าว,ข้าวเจ้า,7840,ไร่
2567,ข้าวนาปรัง,อำเภอบางปะกง,เนื้อที่เพาะปลูกข้าว,ข้าวเหนียว,0,ไร่
2567,ข้าวนาปรัง,อำเภอบางปะกง,เนื้อที่เก็บเกี่ยว,ข้าวเจ้า,7840,ไร่
2567,ข้าวนาปรัง,อำเภอบางปะกง,เนื้อที่เก็บเกี่ยว,ข้าวเหนียว,0,ไร่
2567,ข้าวนาปรัง,อำเภอบ้านโพธิ์,เนื้อที่เพาะปลูกข้าว,ข้าวเจ้า,23916,ไร่
2567,ข้าวนาปรัง,อำเภอบ้านโพธิ์,เนื้อที่เพาะปลูกข้าว,ข้าวเหนียว,0,ไร่
2567,ข้าวนาปรัง,อำเภอบ้านโพธิ์,เนื้อที่เก็บเกี่ยว,ข้าวเจ้า,22966,ไร่
2567,ข้าวนาปรัง,อำเภอบ้านโพธิ์,เนื้อที่เก็บเกี่ยว,ข้าวเหนียว,0,ไร่
2567,ข้าวนาปรัง,อำเภอพนมสารคาม,เนื้อที่เพาะปลูกข้าว,ข้าวเจ้า,73851,ไร่
2567,ข้าวนาปรัง,อำเภอพนมสารคาม,เนื้อที่เพาะปลูกข้าว,ข้าวเหนียว,0,ไร่
2567,ข้าวนาปรัง,อำเภอพนมสารคาม,เนื้อที่เก็บเกี่ยว,ข้าวเจ้า,73699,ไร่
2567,ข้าวนาปรัง,อำเภอพนมสารคาม,เนื้อที่เก็บเกี่ยว,ข้าวเหนียว,0,ไร่
2567,ข้าวนาปรัง,อำเภอราชสาส์น,เนื้อที่เพาะปลูกข้าว,ข้าวเจ้า,37610,ไร่
2567,ข้าวนาปรัง,อำเภอราชสาส์น,เนื้อที่เพาะปลูกข้าว,ข้าวเหนียว,0,ไร่
2567,ข้าวนาปรัง,อำเภอราชสาส์น,เนื้อที่เก็บเกี่ยว,ข้าวเจ้า,37610,ไร่
2567,ข้าวนาปรัง,อำเภอราชสาส์น,เนื้อที่เก็บเกี่ยว,ข้าวเหนียว,0,ไร่
2567,ข้าวนาปรัง,อำเภอสนามชัยเขต,เนื้อที่เพาะปลูกข้าว,ข้าวเจ้า,209,ไร่
2567,ข้าวนาปรัง,อำเภอสนามชัยเขต,เนื้อที่เพาะปลูกข้าว,ข้าวเหนียว,3359,ไร่
2567,ข้าวนาปรัง,อำเภอสนามชัยเขต,เนื้อที่เก็บเกี่ยว,ข้าวเจ้า,209,ไร่
2567,ข้าวนาปรัง,อำเภอสนามชัยเขต,เนื้อที่เก็บเกี่ยว,ข้าวเหนียว,3359,ไร่
2567,ข้าวนาปรัง,อำเภอแปลงยาว,เนื้อที่เพาะปลูกข้าว,ข้าวเจ้า,3226,ไร่
2567,ข้าวนาปรัง,อำเภอแปลงยาว,เนื้อที่เพาะปลูกข้าว,ข้าวเหนียว,0,ไร่
2567,ข้าวนาปรัง,อำเภอแปลงยาว,เนื้อที่เก็บเกี่ยว,ข้าวเจ้า,3226,ไร่
2567,ข้าวนาปรัง,อำเภอแปลงยาว,เนื้อที่เก็บเกี่ยว,ข้าวเหนียว,0,ไร่
2567,ข้าวนาปรัง,อำเภอท่าตะเกียบ,เนื้อที่เพาะปลูกข้าว,ข้าวเจ้า,0,ไร่
2567,ข้าวนาปรัง,อำเภอท่าตะเกียบ,เนื้อที่เพาะปลูกข้าว,ข้าวเหนียว,235,ไร่
2567,ข้าวนาปรัง,อำเภอท่าตะเกียบ,เนื้อที่เก็บเกี่ยว,ข้าวเจ้า,0,ไร่
2567,ข้าวนาปรัง,อำเภอท่าตะเกียบ,เนื้อที่เก็บเกี่ยว,ข้าวเหนียว,235,ไร่
2567,ข้าวนาปรัง,อำเภอคลองเขื่อน,เนื้อที่เพาะปลูกข้าว,ข้าวเจ้า,49761,ไร่
2567,ข้าวนาปรัง,อำเภอคลองเขื่อน,เนื้อที่เพาะปลูกข้าว,ข้าวเหนียว,0,ไร่
2567,ข้าวนาปรัง,อำเภอคลองเขื่อน,เนื้อที่เก็บเกี่ยว,ข้าวเจ้า,49761,ไร่
2567,ข้าวนาปรัง,อำเภอคลองเขื่อน,เนื้อที่เก็บเกี่ยว,ข้าวเหนียว,0,ไร่
2566,ข้าวนาปี,อำเภอเมืองฉะเชิงเทรา,เนื้อที่เพาะปลูกข้าว,ข้าวเจ้า,110488,ไร่
2566,ข้าวนาปี,อำเภอเมืองฉะเชิงเทรา,เนื้อที่เพาะปลูกข้าว,ข้าวเหนียว,0,ไร่
2566,ข้าวนาปี,อำเภอเมืองฉะเชิงเทรา,เนื้อที่เก็บเกี่ยว,ข้าวเจ้า,109385,ไร่
2566,ข้าวนาปี,อำเภอเมืองฉะเชิงเทรา,เนื้อที่เก็บเกี่ยว,ข้าวเหนียว,0,ไร่
2566,ข้าวนาปี,อำเภอเมืองฉะเชิงเทรา,เนื้อที่เพาะปลูกข้าว,ข้าวเจ้า,110488,ไร่
2566,ข้าวนาปี,อำเภอเมืองฉะเชิงเทรา,เนื้อที่เพาะปลูกข้าว,ข้าวเหนียว,0,ไร่
2566,ข้าวนาปี,อำเภอเมืองฉะเชิงเทรา,เนื้อที่เก็บเกี่ยว,ข้าวเจ้า,109385,ไร่
2566,ข้าวนาปี,อำเภอเมืองฉะเชิงเทรา,เนื้อที่เก็บเกี่ยว,ข้าวเหนียว,0,ไร่
2566,ข้าวนาปี,อำเภอบางคล้า,เนื้อที่เพาะปลูกข้าว,ข้าวเจ้า,16405,ไร่
2566,ข้าวนาปี,อำเภอบางคล้า,เนื้อที่เพาะปลูกข้าว,ข้าวเหนียว,0,ไร่
2566,ข้าวนาปี,อำเภอบางคล้า,เนื้อที่เก็บเกี่ยว,ข้าวเจ้า,16149,ไร่
2566,ข้าวนาปี,อำเภอบางคล้า,เนื้อที่เก็บเกี่ยว,ข้าวเหนียว,0,ไร่
2566,ข้าวนาปี,อำเภอบางน้ำเปรี้ยว,เนื้อที่เพาะปลูกข้าว,ข้าวเจ้า,233190,ไร่
2566,ข้าวนาปี,อำเภอบางน้ำเปรี้ยว,เนื้อที่เพาะปลูกข้าว,ข้าวเหนียว,0,ไร่
2566,ข้าวนาปี,อำเภอบางน้ำเปรี้ยว,เนื้อที่เก็บเกี่ยว,ข้าวเจ้า,230766,ไร่
2566,ข้าวนาปี,อำเภอบางน้ำเปรี้ยว,เนื้อที่เก็บเกี่ยว,ข้าวเหนียว,0,ไร่
2566,ข้าวนาปี,อำเภอบางปะกง,เนื้อที่เพาะปลูกข้าว,ข้าวเจ้า,11561,ไร่
2566,ข้าวนาปี,อำเภอบางปะกง,เนื้อที่เพาะปลูกข้าว,ข้าวเหนียว,0,ไร่
2566,ข้าวนาปี,อำเภอบางปะกง,เนื้อที่เก็บเกี่ยว,ข้าวเจ้า,11410,ไร่
2566,ข้าวนาปี,อำเภอบางปะกง,เนื้อที่เก็บเกี่ยว,ข้าวเหนียว,0,ไร่
2566,ข้าวนาปี,อำเภอบ้านโพธิ์,เนื้อที่เพาะปลูกข้าว,ข้าวเจ้า,20635,ไร่
2566,ข้าวนาปี,อำเภอบ้านโพธิ์,เนื้อที่เพาะปลูกข้าว,ข้าวเหนียว,0,ไร่
2566,ข้าวนาปี,อำเภอบ้านโพธิ์,เนื้อที่เก็บเกี่ยว,ข้าวเจ้า,20635,ไร่
2566,ข้าวนาปี,อำเภอบ้านโพธิ์,เนื้อที่เก็บเกี่ยว,ข้าวเหนียว,0,ไร่
2566,ข้าวนาปี,อำเภอพนมสารคาม,เนื้อที่เพาะปลูกข้าว,ข้าวเจ้า,85949,ไร่
2566,ข้าวนาปี,อำเภอพนมสารคาม,เนื้อที่เพาะปลูกข้าว,ข้าวเหนียว,0,ไร่
2566,ข้าวนาปี,อำเภอพนมสารคาม,เนื้อที่เก็บเกี่ยว,ข้าวเจ้า,84691,ไร่
2566,ข้าวนาปี,อำเภอพนมสารคาม,เนื้อที่เก็บเกี่ยว,ข้าวเหนียว,0,ไร่
2566,ข้าวนาปี,อำเภอราชสาส์น,เนื้อที่เพาะปลูกข้าว,ข้าวเจ้า,42560,ไร่
2566,ข้าวนาปี,อำเภอราชสาส์น,เนื้อที่เพาะปลูกข้าว,ข้าวเหนียว,0,ไร่
2566,ข้าวนาปี,อำเภอราชสาส์น,เนื้อที่เก็บเกี่ยว,ข้าวเจ้า,41775,ไร่
2566,ข้าวนาปี,อำเภอราชสาส์น,เนื้อที่เก็บเกี่ยว,ข้าวเหนียว,0,ไร่
2566,ข้าวนาปี,อำเภอสนามชัยเขต,เนื้อที่เพาะปลูกข้าว,ข้าวเจ้า,53434,ไร่
2566,ข้าวนาปี,อำเภอสนามชัยเขต,เนื้อที่เพาะปลูกข้าว,ข้าวเหนียว,0,ไร่
2566,ข้าวนาปี,อำเภอสนามชัยเขต,เนื้อที่เก็บเกี่ยว,ข้าวเจ้า,52509,ไร่
2566,ข้าวนาปี,อำเภอสนามชัยเขต,เนื้อที่เก็บเกี่ยว,ข้าวเหนียว,0,ไร่
2566,ข้าวนาปี,อำเภอแปลงยาว,เนื้อที่เพาะปลูกข้าว,ข้าวเจ้า,13973,ไร่
2566,ข้าวนาปี,อำเภอแปลงยาว,เนื้อที่เพาะปลูกข้าว,ข้าวเหนียว,0,ไร่
2566,ข้าวนาปี,อำเภอแปลงยาว,เนื้อที่เก็บเกี่ยว,ข้าวเจ้า,13836,ไร่
2566,ข้าวนาปี,อำเภอแปลงยาว,เนื้อที่เก็บเกี่ยว,ข้าวเหนียว,0,ไร่
2566,ข้าวนาปี,อำเภอท่าตะเกียบ,เนื้อที่เพาะปลูกข้าว,ข้าวเจ้า,15636,ไร่
2566,ข้าวนาปี,อำเภอท่าตะเกียบ,เนื้อที่เพาะปลูกข้าว,ข้าวเหนียว,824,ไร่
2566,ข้าวนาปี,อำเภอท่าตะเกียบ,เนื้อที่เก็บเกี่ยว,ข้าวเจ้า,15378,ไร่
2566,ข้าวนาปี,อำเภอท่าตะเกียบ,เนื้อที่เก็บเกี่ยว,ข้าวเหนียว,824,ไร่
2566,ข้าวนาปรัง,อำเภอเมืองฉะเชิงเทรา,เนื้อที่เพาะปลูกข้าว,ข้าวเจ้า,60617,ไร่
2566,ข้าวนาปรัง,อำเภอเมืองฉะเชิงเทรา,เนื้อที่เพาะปลูกข้าว,ข้าวเหนียว,0,ไร่
2566,ข้าวนาปรัง,อำเภอเมืองฉะเชิงเทรา,เนื้อที่เก็บเกี่ยว,ข้าวเจ้า,60298,ไร่
2566,ข้าวนาปรัง,อำเภอเมืองฉะเชิงเทรา,เนื้อที่เก็บเกี่ยว,ข้าวเหนียว,0,ไร่
2566,ข้าวนาปรัง,อำเภอบางคล้า,เนื้อที่เพาะปลูกข้าว,ข้าวเจ้า,14027,ไร่
2566,ข้าวนาปรัง,อำเภอบางคล้า,เนื้อที่เพาะปลูกข้าว,ข้าวเหนียว,0,ไร่
2566,ข้าวนาปรัง,อำเภอบางคล้า,เนื้อที่เก็บเกี่ยว,ข้าวเจ้า,13913,ไร่
2566,ข้าวนาปรัง,อำเภอบางคล้า,เนื้อที่เก็บเกี่ยว,ข้าวเหนียว,0,ไร่
2566,ข้าวนาปรัง,อำเภอบางน้ำเปรี้ยว,เนื้อที่เพาะปลูกข้าว,ข้าวเจ้า,118362,ไร่
2566,ข้าวนาปรัง,อำเภอบางน้ำเปรี้ยว,เนื้อที่เพาะปลูกข้าว,ข้าวเหนียว,0,ไร่
2566,ข้าวนาปรัง,อำเภอบางน้ำเปรี้ยว,เนื้อที่เก็บเกี่ยว,ข้าวเจ้า,117959,ไร่
2566,ข้าวนาปรัง,อำเภอบางน้ำเปรี้ยว,เนื้อที่เก็บเกี่ยว,ข้าวเหนียว,0,ไร่
2566,ข้าวนาปรัง,อำเภอบางปะกง,เนื้อที่เพาะปลูกข้าว,ข้าวเจ้า,6173,ไร่
2566,ข้าวนาปรัง,อำเภอบางปะกง,เนื้อที่เพาะปลูกข้าว,ข้าวเหนียว,0,ไร่
2566,ข้าวนาปรัง,อำเภอบางปะกง,เนื้อที่เก็บเกี่ยว,ข้าวเจ้า,6101,ไร่
2566,ข้าวนาปรัง,อำเภอบางปะกง,เนื้อที่เก็บเกี่ยว,ข้าวเหนียว,0,ไร่
2566,ข้าวนาปรัง,อำเภอบ้านโพธิ์,เนื้อที่เพาะปลูกข้าว,ข้าวเจ้า,8462,ไร่
2566,ข้าวนาปรัง,อำเภอบ้านโพธิ์,เนื้อที่เพาะปลูกข้าว,ข้าวเหนียว,0,ไร่
2566,ข้าวนาปรัง,อำเภอบ้านโพธิ์,เนื้อที่เก็บเกี่ยว,ข้าวเจ้า,8462,ไร่
2566,ข้าวนาปรัง,อำเภอบ้านโพธิ์,เนื้อที่เก็บเกี่ยว,ข้าวเหนียว,0,ไร่
2566,ข้าวนาปรัง,อำเภอพนมสารคาม,เนื้อที่เพาะปลูกข้าว,ข้าวเจ้า,28176,ไร่
2566,ข้าวนาปรัง,อำเภอพนมสารคาม,เนื้อที่เพาะปลูกข้าว,ข้าวเหนียว,0,ไร่
2566,ข้าวนาปรัง,อำเภอพนมสารคาม,เนื้อที่เก็บเกี่ยว,ข้าวเจ้า,27700,ไร่
2566,ข้าวนาปรัง,อำเภอพนมสารคาม,เนื้อที่เก็บเกี่ยว,ข้าวเหนียว,0,ไร่
2566,ข้าวนาปรัง,อำเภอราชสาส์น,เนื้อที่เพาะปลูกข้าว,ข้าวเจ้า,33922,ไร่
2566,ข้าวนาปรัง,อำเภอราชสาส์น,เนื้อที่เพาะปลูกข้าว,ข้าวเหนียว,0,ไร่
2566,ข้าวนาปรัง,อำเภอราชสาส์น,เนื้อที่เก็บเกี่ยว,ข้าวเจ้า,33791,ไร่
2566,ข้าวนาปรัง,อำเภอราชสาส์น,เนื้อที่เก็บเกี่ยว,ข้าวเหนียว,0,ไร่
2566,ข้าวนาปรัง,อำเภอสนามชัยเขต,เนื้อที่เพาะปลูกข้าว,ข้าวเจ้า,9977,ไร่
2566,ข้าวนาปรัง,อำเภอสนามชัยเขต,เนื้อที่เพาะปลูกข้าว,ข้าวเหนียว,0,ไร่
2566,ข้าวนาปรัง,อำเภอสนามชัยเขต,เนื้อที่เก็บเกี่ยว,ข้าวเจ้า,9904,ไร่
2566,ข้าวนาปรัง,อำเภอสนามชัยเขต,เนื้อที่เก็บเกี่ยว,ข้าวเหนียว,0,ไร่
2566,ข้าวนาปรัง,อำเภอแปลงยาว,เนื้อที่เพาะปลูกข้าว,ข้าวเจ้า,3395,ไร่
2566,ข้าวนาปรัง,อำเภอแปลงยาว,เนื้อที่เพาะปลูกข้าว,ข้าวเหนียว,0,ไร่
2566,ข้าวนาปรัง,อำเภอแปลงยาว,เนื้อที่เก็บเกี่ยว,ข้าวเจ้า,3368,ไร่
2566,ข้าวนาปรัง,อำเภอแปลงยาว,เนื้อที่เก็บเกี่ยว,ข้าวเหนียว,0,ไร่
2566,ข้าวนาปรัง,อำเภอท่าตะเกียบ,เนื้อที่เพาะปลูกข้าว,ข้าวเจ้า,1483,ไร่
2566,ข้าวนาปรัง,อำเภอท่าตะเกียบ,เนื้อที่เพาะปลูกข้าว,ข้าวเหนียว,0,ไร่
2566,ข้าวนาปรัง,อำเภอท่าตะเกียบ,เนื้อที่เก็บเกี่ยว,ข้าวเจ้า,1466,ไร่
2566,ข้าวนาปรัง,อำเภอท่าตะเกียบ,เนื้อที่เก็บเกี่ยว,ข้าวเหนียว,0,ไร่
2566,ข้าวนาปรัง,อำเภอคลองเขื่อน,เนื้อที่เพาะปลูกข้าว,ข้าวเจ้า,18200,ไร่
2566,ข้าวนาปรัง,อำเภอคลองเขื่อน,เนื้อที่เพาะปลูกข้าว,ข้าวเหนียว,0,ไร่
2566,ข้าวนาปรัง,อำเภอคลองเขื่อน,เนื้อที่เก็บเกี่ยว,ข้าวเจ้า,18200,ไร่
2566,ข้าวนาปรัง,อำเภอคลองเขื่อน,เนื้อที่เก็บเกี่ยว,ข้าวเหนียว,0,ไร่
2565,ข้าวนาปี,อำเภอคลองเขื่อน,เนื้อที่เพาะปลูกข้าว,ข้าวเจ้า,31932,ไร่
2565,ข้าวนาปี,อำเภอคลองเขื่อน,เนื้อที่เพาะปลูกข้าว,ข้าวเหนียว,0,ไร่
2565,ข้าวนาปี,อำเภอคลองเขื่อน,เนื้อที่เก็บเกี่ยว,ข้าวเจ้า,31763,ไร่
2565,ข้าวนาปี,อำเภอคลองเขื่อน,เนื้อที่เก็บเกี่ยว,ข้าวเหนียว,0,ไร่
2565,ข้าวนาปี,อำเภอบางคล้า,เนื้อที่เพาะปลูกข้าว,ข้าวเจ้า,13449.25,ไร่
2565,ข้าวนาปี,อำเภอบางคล้า,เนื้อที่เพาะปลูกข้าว,ข้าวเหนียว,0,ไร่
2565,ข้าวนาปี,อำเภอบางคล้า,เนื้อที่เก็บเกี่ยว,ข้าวเจ้า,13449.25,ไร่
2565,ข้าวนาปี,อำเภอบางคล้า,เนื้อที่เก็บเกี่ยว,ข้าวเหนียว,0,ไร่
2565,ข้าวนาปี,อำเภอบางน้ำเปรี้ยว,เนื้อที่เพาะปลูกข้าว,ข้าวเจ้า,238057,ไร่
2565,ข้าวนาปี,อำเภอบางน้ำเปรี้ยว,เนื้อที่เพาะปลูกข้าว,ข้าวเหนียว,0,ไร่
2565,ข้าวนาปี,อำเภอบางน้ำเปรี้ยว,เนื้อที่เก็บเกี่ยว,ข้าวเจ้า,238057,ไร่
2565,ข้าวนาปี,อำเภอบางน้ำเปรี้ยว,เนื้อที่เก็บเกี่ยว,ข้าวเหนียว,0,ไร่
2565,ข้าวนาปี,อำเภอบางปะกง,เนื้อที่เพาะปลูกข้าว,ข้าวเจ้า,10181.75,ไร่
2565,ข้าวนาปี,อำเภอบางปะกง,เนื้อที่เพาะปลูกข้าว,ข้าวเหนียว,0,ไร่
2565,ข้าวนาปี,อำเภอบางปะกง,เนื้อที่เก็บเกี่ยว,ข้าวเจ้า,10181.75,ไร่
2565,ข้าวนาปี,อำเภอบางปะกง,เนื้อที่เก็บเกี่ยว,ข้าวเหนียว,0,ไร่
2565,ข้าวนาปี,อำเภอบ้านโพธิ์,เนื้อที่เพาะปลูกข้าว,ข้าวเจ้า,20256,ไร่
2565,ข้าวนาปี,อำเภอบ้านโพธิ์,เนื้อที่เพาะปลูกข้าว,ข้าวเหนียว,0,ไร่
2565,ข้าวนาปี,อำเภอบ้านโพธิ์,เนื้อที่เก็บเกี่ยว,ข้าวเจ้า,20256,ไร่
2565,ข้าวนาปี,อำเภอบ้านโพธิ์,เนื้อที่เก็บเกี่ยว,ข้าวเหนียว,0,ไร่
2565,ข้าวนาปี,อำเภอพนมสารคาม,เนื้อที่เพาะปลูกข้าว,ข้าวเจ้า,71502,ไร่
2565,ข้าวนาปี,อำเภอพนมสารคาม,เนื้อที่เพาะปลูกข้าว,ข้าวเหนียว,0,ไร่
2565,ข้าวนาปี,อำเภอพนมสารคาม,เนื้อที่เก็บเกี่ยว,ข้าวเจ้า,70578,ไร่
2565,ข้าวนาปี,อำเภอพนมสารคาม,เนื้อที่เก็บเกี่ยว,ข้าวเหนียว,0,ไร่
2565,ข้าวนาปี,อำเภอราชสาส์น,เนื้อที่เพาะปลูกข้าว,ข้าวเจ้า,42060,ไร่
2565,ข้าวนาปี,อำเภอราชสาส์น,เนื้อที่เพาะปลูกข้าว,ข้าวเหนียว,0,ไร่
2565,ข้าวนาปี,อำเภอราชสาส์น,เนื้อที่เก็บเกี่ยว,ข้าวเจ้า,41590,ไร่
2565,ข้าวนาปี,อำเภอราชสาส์น,เนื้อที่เก็บเกี่ยว,ข้าวเหนียว,0,ไร่
2565,ข้าวนาปี,อำเภอสนามชัยเขต,เนื้อที่เพาะปลูกข้าว,ข้าวเจ้า,470,ไร่
2565,ข้าวนาปี,อำเภอสนามชัยเขต,เนื้อที่เพาะปลูกข้าว,ข้าวเหนียว,3190,ไร่
2565,ข้าวนาปี,อำเภอสนามชัยเขต,เนื้อที่เก็บเกี่ยว,ข้าวเจ้า,470,ไร่
2565,ข้าวนาปี,อำเภอสนามชัยเขต,เนื้อที่เก็บเกี่ยว,ข้าวเหนียว,3190,ไร่
2565,ข้าวนาปี,อำเภอแปลงยาว,เนื้อที่เพาะปลูกข้าว,ข้าวเจ้า,4296,ไร่
2565,ข้าวนาปี,อำเภอแปลงยาว,เนื้อที่เพาะปลูกข้าว,ข้าวเหนียว,0,ไร่
2565,ข้าวนาปี,อำเภอแปลงยาว,เนื้อที่เก็บเกี่ยว,ข้าวเจ้า,4296,ไร่
2565,ข้าวนาปี,อำเภอแปลงยาว,เนื้อที่เก็บเกี่ยว,ข้าวเหนียว,0,ไร่
2565,ข้าวนาปี,อำเภอท่าตะเกียบ,เนื้อที่เพาะปลูกข้าว,ข้าวเจ้า,0,ไร่
2565,ข้าวนาปี,อำเภอท่าตะเกียบ,เนื้อที่เพาะปลูกข้าว,ข้าวเหนียว,2638,ไร่
2565,ข้าวนาปี,อำเภอท่าตะเกียบ,เนื้อที่เก็บเกี่ยว,ข้าวเจ้า,0,ไร่
2565,ข้าวนาปี,อำเภอท่าตะเกียบ,เนื้อที่เก็บเกี่ยว,ข้าวเหนียว,2638,ไร่
2565,ข้าวนาปี,อำเภอคลองเขื่อน,เนื้อที่เพาะปลูกข้าว,ข้าวเจ้า,21332,ไร่
2565,ข้าวนาปี,อำเภอคลองเขื่อน,เนื้อที่เพาะปลูกข้าว,ข้าวเหนียว,0,ไร่
2565,ข้าวนาปี,อำเภอคลองเขื่อน,เนื้อที่เก็บเกี่ยว,ข้าวเจ้า,21332,ไร่
2565,ข้าวนาปี,อำเภอคลองเขื่อน,เนื้อที่เก็บเกี่ยว,ข้าวเหนียว,0,ไร่
2565,ข้าวนาปรัง,อำเภอเมืองฉะเชิงเทรา,เนื้อที่เพาะปลูกข้าว,ข้าวเจ้า,21723,ไร่
2565,ข้าวนาปรัง,อำเภอเมืองฉะเชิงเทรา,เนื้อที่เพาะปลูกข้าว,ข้าวเหนียว,0,ไร่
2565,ข้าวนาปรัง,อำเภอเมืองฉะเชิงเทรา,เนื้อที่เก็บเกี่ยว,ข้าวเจ้า,20693,ไร่
2565,ข้าวนาปรัง,อำเภอเมืองฉะเชิงเทรา,เนื้อที่เก็บเกี่ยว,ข้าวเหนียว,0,ไร่
2565,ข้าวนาปรัง,อำเภอบางคล้า,เนื้อที่เพาะปลูกข้าว,ข้าวเจ้า,10933,ไร่
2565,ข้าวนาปรัง,อำเภอบางคล้า,เนื้อที่เพาะปลูกข้าว,ข้าวเหนียว,0,ไร่
2565,ข้าวนาปรัง,อำเภอบางคล้า,เนื้อที่เก็บเกี่ยว,ข้าวเจ้า,10933,ไร่
2565,ข้าวนาปรัง,อำเภอบางคล้า,เนื้อที่เก็บเกี่ยว,ข้าวเหนียว,0,ไร่
2565,ข้าวนาปรัง,อำเภอบางน้ำเปรี้ยว,เนื้อที่เพาะปลูกข้าว,ข้าวเจ้า,95046,ไร่
2565,ข้าวนาปรัง,อำเภอบางน้ำเปรี้ยว,เนื้อที่เพาะปลูกข้าว,ข้าวเหนียว,0,ไร่
2565,ข้าวนาปรัง,อำเภอบางน้ำเปรี้ยว,เนื้อที่เก็บเกี่ยว,ข้าวเจ้า,93585,ไร่
2565,ข้าวนาปรัง,อำเภอบางน้ำเปรี้ยว,เนื้อที่เก็บเกี่ยว,ข้าวเหนียว,0,ไร่
2565,ข้าวนาปรัง,อำเภอบางปะกง,เนื้อที่เพาะปลูกข้าว,ข้าวเจ้า,8443.05,ไร่
2565,ข้าวนาปรัง,อำเภอบางปะกง,เนื้อที่เพาะปลูกข้าว,ข้าวเหนียว,0,ไร่
2565,ข้าวนาปรัง,อำเภอบางปะกง,เนื้อที่เก็บเกี่ยว,ข้าวเจ้า,8443.05,ไร่
2565,ข้าวนาปรัง,อำเภอบางปะกง,เนื้อที่เก็บเกี่ยว,ข้าวเหนียว,0,ไร่
2565,ข้าวนาปรัง,อำเภอบ้านโพธิ์,เนื้อที่เพาะปลูกข้าว,ข้าวเจ้า,8786.75,ไร่
2565,ข้าวนาปรัง,อำเภอบ้านโพธิ์,เนื้อที่เพาะปลูกข้าว,ข้าวเหนียว,0,ไร่
2565,ข้าวนาปรัง,อำเภอบ้านโพธิ์,เนื้อที่เก็บเกี่ยว,ข้าวเจ้า,8786.75,ไร่
2565,ข้าวนาปรัง,อำเภอบ้านโพธิ์,เนื้อที่เก็บเกี่ยว,ข้าวเหนียว,0,ไร่
2565,ข้าวนาปรัง,อำเภอพนมสารคาม,เนื้อที่เพาะปลูกข้าว,ข้าวเจ้า,30548,ไร่
2565,ข้าวนาปรัง,อำเภอพนมสารคาม,เนื้อที่เพาะปลูกข้าว,ข้าวเหนียว,0,ไร่
2565,ข้าวนาปรัง,อำเภอพนมสารคาม,เนื้อที่เก็บเกี่ยว,ข้าวเจ้า,24699,ไร่
2565,ข้าวนาปรัง,อำเภอพนมสารคาม,เนื้อที่เก็บเกี่ยว,ข้าวเหนียว,0,ไร่
2565,ข้าวนาปรัง,อำเภอราชสาส์น,เนื้อที่เพาะปลูกข้าว,ข้าวเจ้า,30390,ไร่
2565,ข้าวนาปรัง,อำเภอราชสาส์น,เนื้อที่เพาะปลูกข้าว,ข้าวเหนียว,0,ไร่
2565,ข้าวนาปรัง,อำเภอราชสาส์น,เนื้อที่เก็บเกี่ยว,ข้าวเจ้า,24300,ไร่
2565,ข้าวนาปรัง,อำเภอราชสาส์น,เนื้อที่เก็บเกี่ยว,ข้าวเหนียว,0,ไร่
2565,ข้าวนาปรัง,อำเภอสนามชัยเขต,เนื้อที่เพาะปลูกข้าว,ข้าวเจ้า,5354,ไร่
2565,ข้าวนาปรัง,อำเภอสนามชัยเขต,เนื้อที่เพาะปลูกข้าว,ข้าวเหนียว,0,ไร่
2565,ข้าวนาปรัง,อำเภอสนามชัยเขต,เนื้อที่เก็บเกี่ยว,ข้าวเจ้า,0,ไร่
2565,ข้าวนาปรัง,อำเภอสนามชัยเขต,เนื้อที่เก็บเกี่ยว,ข้าวเหนียว,0,ไร่
2565,ข้าวนาปรัง,อำเภอแปลงยาว,เนื้อที่เพาะปลูกข้าว,ข้าวเจ้า,3125,ไร่
2565,ข้าวนาปรัง,อำเภอแปลงยาว,เนื้อที่เพาะปลูกข้าว,ข้าวเหนียว,0,ไร่
2565,ข้าวนาปรัง,อำเภอแปลงยาว,เนื้อที่เก็บเกี่ยว,ข้าวเจ้า,2725,ไร่
2565,ข้าวนาปรัง,อำเภอแปลงยาว,เนื้อที่เก็บเกี่ยว,ข้าวเหนียว,0,ไร่
2565,ข้าวนาปรัง,อำเภอท่าตะเกียบ,เนื้อที่เพาะปลูกข้าว,ข้าวเจ้า,847,ไร่
2565,ข้าวนาปรัง,อำเภอท่าตะเกียบ,เนื้อที่เพาะปลูกข้าว,ข้าวเหนียว,0,ไร่
2565,ข้าวนาปรัง,อำเภอท่าตะเกียบ,เนื้อที่เก็บเกี่ยว,ข้าวเจ้า,0,ไร่
2565,ข้าวนาปรัง,อำเภอท่าตะเกียบ,เนื้อที่เก็บเกี่ยว,ข้าวเหนียว,0,ไร่
2565,ข้าวนาปรัง,อำเภอคลองเขื่อน,เนื้อที่เพาะปลูกข้าว,ข้าวเจ้า,382,ไร่
2565,ข้าวนาปรัง,อำเภอคลองเขื่อน,เนื้อที่เพาะปลูกข้าว,ข้าวเหนียว,0,ไร่
2565,ข้าวนาปรัง,อำเภอคลองเขื่อน,เนื้อที่เก็บเกี่ยว,ข้าวเจ้า,382,ไร่
2565,ข้าวนาปรัง,อำเภอคลองเขื่อน,เนื้อที่เก็บเกี่ยว,ข้าวเหนียว,0,ไร่
