ปี,อำเภอ,มะพร้าว,สับปะรด,หน่วยวัด,ที่มา
2562,หัวหิน,466 ,"1,565 ",คน,สำนักงานเกษตรจังหวัดประจวบคีรีขันธ์
2562,ปราณบุรี,643 ,536 ,คน,สำนักงานเกษตรจังหวัดประจวบคีรีขันธ์
2562,สามร้อยยอด,"1,084 ",330 ,คน,สำนักงานเกษตรจังหวัดประจวบคีรีขันธ์
2562,กุยบุรี,"1,939 ",865 ,คน,สำนักงานเกษตรจังหวัดประจวบคีรีขันธ์
2562,เมืองประจวบคีรีขันธ์,"2,723 ","1,107 ",คน,สำนักงานเกษตรจังหวัดประจวบคีรีขันธ์
2562,ทับสะแก,"3,681 ",50 ,คน,สำนักงานเกษตรจังหวัดประจวบคีรีขันธ์
2562,บางสะพาน,"4,356 ",349 ,คน,สำนักงานเกษตรจังหวัดประจวบคีรีขันธ์
2562,บางสะพานน้อย,"2,122 ",13 ,คน,สำนักงานเกษตรจังหวัดประจวบคีรีขันธ์
2563,หัวหิน,611 ,"1,599 ",คน,สำนักงานเกษตรจังหวัดประจวบคีรีขันธ์
2563,ปราณบุรี,766 ,799 ,คน,สำนักงานเกษตรจังหวัดประจวบคีรีขันธ์
2563,สามร้อยยอด,"1,558 ",864 ,คน,สำนักงานเกษตรจังหวัดประจวบคีรีขันธ์
2563,กุยบุรี,"2,319 ","1,344 ",คน,สำนักงานเกษตรจังหวัดประจวบคีรีขันธ์
2563,เมืองประจวบคีรีขันธ์,"3,469 ","1,891 ",คน,สำนักงานเกษตรจังหวัดประจวบคีรีขันธ์
2563,ทับสะแก,"5,475 ",41 ,คน,สำนักงานเกษตรจังหวัดประจวบคีรีขันธ์
2563,บางสะพาน,"6,201 ",380 ,คน,สำนักงานเกษตรจังหวัดประจวบคีรีขันธ์
2563,บางสะพานน้อย,"2,353 ",7 ,คน,สำนักงานเกษตรจังหวัดประจวบคีรีขันธ์
2564,หัวหิน,474 ,"1,092 ",คน,สำนักงานเกษตรจังหวัดประจวบคีรีขันธ์
2564,ปราณบุรี,526 ,532 ,คน,สำนักงานเกษตรจังหวัดประจวบคีรีขันธ์
2564,สามร้อยยอด,"1,356 ",884 ,คน,สำนักงานเกษตรจังหวัดประจวบคีรีขันธ์
2564,กุยบุรี,"1,852 ","1,125 ",คน,สำนักงานเกษตรจังหวัดประจวบคีรีขันธ์
2564,เมืองประจวบคีรีขันธ์,"3,463 ",803 ,คน,สำนักงานเกษตรจังหวัดประจวบคีรีขันธ์
2564,ทับสะแก,"3,649 ",81 ,คน,สำนักงานเกษตรจังหวัดประจวบคีรีขันธ์
2564,บางสะพาน,"4,812 ",82 ,คน,สำนักงานเกษตรจังหวัดประจวบคีรีขันธ์
2564,บางสะพานน้อย,"1,920 ",0 ,คน,สำนักงานเกษตรจังหวัดประจวบคีรีขันธ์
2565,หัวหิน,478 ,"1,477 ",คน,สำนักงานเกษตรจังหวัดประจวบคีรีขันธ์
2565,ปราณบุรี,467 ,570 ,คน,สำนักงานเกษตรจังหวัดประจวบคีรีขันธ์
2565,สามร้อยยอด,"1,032 ",607 ,คน,สำนักงานเกษตรจังหวัดประจวบคีรีขันธ์
2565,กุยบุรี,"1,485 ",946 ,คน,สำนักงานเกษตรจังหวัดประจวบคีรีขันธ์
2565,เมืองประจวบคีรีขันธ์,"2,964 ","1,455 ",คน,สำนักงานเกษตรจังหวัดประจวบคีรีขันธ์
2565,ทับสะแก,"4,455 ",58 ,คน,สำนักงานเกษตรจังหวัดประจวบคีรีขันธ์
2565,บางสะพาน,"3,840 ",244 ,คน,สำนักงานเกษตรจังหวัดประจวบคีรีขันธ์
2565,บางสะพานน้อย,"1,343 ",0 ,คน,สำนักงานเกษตรจังหวัดประจวบคีรีขันธ์
2566,หัวหิน,534 ,"1,226 ",คน,สำนักงานเกษตรจังหวัดประจวบคีรีขันธ์
2566,ปราณบุรี,619 ,585 ,คน,สำนักงานเกษตรจังหวัดประจวบคีรีขันธ์
2566,สามร้อยยอด,"1,303 ",784 ,คน,สำนักงานเกษตรจังหวัดประจวบคีรีขันธ์
2566,กุยบุรี,"2,132 ","1,019 ",คน,สำนักงานเกษตรจังหวัดประจวบคีรีขันธ์
2566,เมืองประจวบคีรีขันธ์,"3,500 ","1,339 ",คน,สำนักงานเกษตรจังหวัดประจวบคีรีขันธ์
2566,ทับสะแก,"4,134 ",28 ,คน,สำนักงานเกษตรจังหวัดประจวบคีรีขันธ์
2566,บางสะพาน,"4,999 ",173 ,คน,สำนักงานเกษตรจังหวัดประจวบคีรีขันธ์
2566,บางสะพานน้อย,"1,301 ",2 ,คน,สำนักงานเกษตรจังหวัดประจวบคีรีขันธ์
2567,หัวหิน,850 ,"1,467 ",คน,สำนักงานเกษตรจังหวัดประจวบคีรีขันธ์
2567,ปราณบุรี,886 ,561 ,คน,สำนักงานเกษตรจังหวัดประจวบคีรีขันธ์
2567,สามร้อยยอด,"1,609 ",805 ,คน,สำนักงานเกษตรจังหวัดประจวบคีรีขันธ์
2567,กุยบุรี,"2,313 ","1,042 ",คน,สำนักงานเกษตรจังหวัดประจวบคีรีขันธ์
2567,เมืองประจวบคีรีขันธ์,"3,699 ","1,223 ",คน,สำนักงานเกษตรจังหวัดประจวบคีรีขันธ์
2567,ทับสะแก,"4,193 ",46 ,คน,สำนักงานเกษตรจังหวัดประจวบคีรีขันธ์
2567,บางสะพาน,"4,086 ",194 ,คน,สำนักงานเกษตรจังหวัดประจวบคีรีขันธ์
2567,บางสะพานน้อย,"1,529 ",3 ,คน,สำนักงานเกษตรจังหวัดประจวบคีรีขันธ์
