YEA_GOV,PROV,TAX_TYPE,FORM_CODE,AMT_RCV
2567,กระบี่,001,ทป3,33550912.53
2567,กระบี่,001,ป2,1110700.00
2567,กระบี่,001,ภงด1,127168400.61
2567,กระบี่,001,ภงด2,64111690.40
2567,กระบี่,001,ภงด3,96424411.07
2567,กระบี่,001,ภงด90,47486887.37
2567,กระบี่,001,ภงด91,19477972.71
2567,กระบี่,001,ภงด93,20546060.44
2567,กระบี่,001,ภงด94,10881140.79
2567,กระบี่,002,ทป3,6324126.21
2567,กระบี่,002,ป2,637500.00
2567,กระบี่,002,ภงด50,124726305.80
2567,กระบี่,002,ภงด51,281358732.12
2567,กระบี่,002,ภงด53,162701542.15
2567,กระบี่,002,ภงด54,14350798.12
2567,กระบี่,002,ภงด55,172081.45
2567,กระบี่,005,ทป3,12091883.42
2567,กระบี่,005,ป2,492500.00
2567,กระบี่,005,ภพ30,1168187139.48
2567,กระบี่,005,ภพ30.2,40136.77
2567,กระบี่,005,ภพ36,34009621.96
2567,กระบี่,006,ทป3,106418.05
2567,กระบี่,006,ป2,20400.00
2567,กระบี่,006,ภธ40,31832069.98
2567,กระบี่,007,อส10,3803814.19
2567,กระบี่,007,อส10.1,13623.00
2567,กระบี่,007,อส4,5368054.50
2567,กระบี่,007,อส4ก,153012.00
2567,กระบี่,007,อส4ข,1381758.00
2567,กระบี่,007,อส9,1646710.00
2567,กระบี่,009,รบ1,550.00
2567,กระบี่,010,รบ1,2.00
2567,กระบี่,011,ป2,531500.00
2567,กระบี่,015,รบ1,2478.00
2567,กรุงเทพฯ,001,ทป3,5268922926.58
2567,กรุงเทพฯ,001,ป2,26464400.00
2567,กรุงเทพฯ,001,ภงด1,176978843375.42
2567,กรุงเทพฯ,001,ภงด2,55065106777.82
2567,กรุงเทพฯ,001,ภงด3,12948366102.37
2567,กรุงเทพฯ,001,ภงด90,7313695728.68
2567,กรุงเทพฯ,001,ภงด91,5281492995.42
2567,กรุงเทพฯ,001,ภงด93,370930228.99
2567,กรุงเทพฯ,001,ภงด94,1307546395.30
2567,กรุงเทพฯ,002,ทป3,1492985110.19
2567,กรุงเทพฯ,002,ป2,69031900.00
2567,กรุงเทพฯ,002,ภงด50,143880459956.08
2567,กรุงเทพฯ,002,ภงด51,141470922330.08
2567,กรุงเทพฯ,002,ภงด52,2786340927.69
2567,กรุงเทพฯ,002,ภงด53,131768986087.44
2567,กรุงเทพฯ,002,ภงด54,72770911980.57
2567,กรุงเทพฯ,002,ภงด55,354943576.57
2567,กรุงเทพฯ,003,ภงป70,24953205084.95
2567,กรุงเทพฯ,003,ภงป71,8879930618.20
2567,กรุงเทพฯ,004,ทป3,503077.34
2567,กรุงเทพฯ,005,ทป3,1884990883.63
2567,กรุงเทพฯ,005,ป2,36957800.00
2567,กรุงเทพฯ,005,ภพ30,313498457514.57
2567,กรุงเทพฯ,005,ภพ30.2,91997003.10
2567,กรุงเทพฯ,005,ภพ309,8313658927.29
2567,กรุงเทพฯ,005,ภพ36,44269225608.44
2567,กรุงเทพฯ,006,ทป3,32163334.48
2567,กรุงเทพฯ,006,ป2,1399900.00
2567,กรุงเทพฯ,006,ภธ40,37966405642.04
2567,กรุงเทพฯ,007,ทป3,23009353.30
2567,กรุงเทพฯ,007,อส10,328694841.57
2567,กรุงเทพฯ,007,อส10.1,36027350.00
2567,กรุงเทพฯ,007,อส4,2116188763.13
2567,กรุงเทพฯ,007,อส4ก,110846826.30
2567,กรุงเทพฯ,007,อส4ข,2860975872.34
2567,กรุงเทพฯ,007,อส9,742609327.00
2567,กรุงเทพฯ,009,รบ1,45773.06
2567,กรุงเทพฯ,010,รบ1,38.00
2567,กรุงเทพฯ,011,ป2,53737800.00
2567,กรุงเทพฯ,015,รบ1,291986.92
2567,กรุงเทพฯ,070,ทป3,38309920.21
2567,กรุงเทพฯ,070,ภม60,1422606152.53
2567,กาญจนบุรี,001,ทป3,142107550.15
2567,กาญจนบุรี,001,ป2,1328500.00
2567,กาญจนบุรี,001,ภงด1,172862830.77
2567,กาญจนบุรี,001,ภงด2,40007880.99
2567,กาญจนบุรี,001,ภงด3,81505996.79
2567,กาญจนบุรี,001,ภงด90,128834203.66
2567,กาญจนบุรี,001,ภงด91,36113357.95
2567,กาญจนบุรี,001,ภงด93,80945407.64
2567,กาญจนบุรี,001,ภงด94,61125516.21
2567,กาญจนบุรี,002,ทป3,70080418.95
2567,กาญจนบุรี,002,ป2,884400.00
2567,กาญจนบุรี,002,ภงด50,355205939.55
2567,กาญจนบุรี,002,ภงด51,202254935.33
2567,กาญจนบุรี,002,ภงด53,204237794.27
2567,กาญจนบุรี,002,ภงด54,6096957.88
2567,กาญจนบุรี,002,ภงด55,1623534.90
2567,กาญจนบุรี,005,ทป3,44172636.42
2567,กาญจนบุรี,005,ป2,715800.00
2567,กาญจนบุรี,005,ภพ30,1314055926.59
2567,กาญจนบุรี,005,ภพ30.2,19494.90
2567,กาญจนบุรี,005,ภพ36,6510284.54
2567,กาญจนบุรี,006,ทป3,191619.32
2567,กาญจนบุรี,006,ป2,28500.00
2567,กาญจนบุรี,006,ภธ40,49793153.65
2567,กาญจนบุรี,007,อส10,7495248.54
2567,กาญจนบุรี,007,อส10.1,273964.00
2567,กาญจนบุรี,007,อส4,3389976.35
2567,กาญจนบุรี,007,อส4ก,114927.00
2567,กาญจนบุรี,007,อส4ข,1188852.00
2567,กาญจนบุรี,007,อส9,5332922.00
2567,กาญจนบุรี,010,รบ1,17.50
2567,กาญจนบุรี,011,ป2,1287400.00
2567,กาญจนบุรี,015,รบ1,64.10
2567,กาฬสินธุ์,001,ทป3,47991411.91
2567,กาฬสินธุ์,001,ป2,1753800.00
2567,กาฬสินธุ์,001,ภงด1,64650024.99
2567,กาฬสินธุ์,001,ภงด2,11433258.41
2567,กาฬสินธุ์,001,ภงด3,46021187.51
2567,กาฬสินธุ์,001,ภงด90,46191406.65
2567,กาฬสินธุ์,001,ภงด91,39201306.70
2567,กาฬสินธุ์,001,ภงด93,53316949.28
2567,กาฬสินธุ์,001,ภงด94,12326808.79
2567,กาฬสินธุ์,002,ทป3,7832270.04
2567,กาฬสินธุ์,002,ป2,498300.00
2567,กาฬสินธุ์,002,ภงด50,83596986.71
2567,กาฬสินธุ์,002,ภงด51,74078739.12
2567,กาฬสินธุ์,002,ภงด53,78852879.47
2567,กาฬสินธุ์,002,ภงด54,172589.60
2567,กาฬสินธุ์,002,ภงด55,235608.38
2567,กาฬสินธุ์,005,ทป3,24924101.23
2567,กาฬสินธุ์,005,ป2,745000.00
2567,กาฬสินธุ์,005,ภพ30,797429362.31
2567,กาฬสินธุ์,005,ภพ36,5677507.99
2567,กาฬสินธุ์,006,ทป3,219940.81
2567,กาฬสินธุ์,006,ป2,30600.00
2567,กาฬสินธุ์,006,ภธ40,40958559.91
2567,กาฬสินธุ์,007,อส10,5724027.50
2567,กาฬสินธุ์,007,อส10.1,189475.00
2567,กาฬสินธุ์,007,อส4,3482686.75
2567,กาฬสินธุ์,007,อส4ก,62690.00
2567,กาฬสินธุ์,007,อส4ข,1093825.73
2567,กาฬสินธุ์,007,อส9,4453047.00
2567,กาฬสินธุ์,011,ป2,541100.00
2567,กำแพงเพชร,001,ทป3,32420095.74
2567,กำแพงเพชร,001,ป2,1534000.00
2567,กำแพงเพชร,001,ภงด1,50701286.28
2567,กำแพงเพชร,001,ภงด2,22210688.71
2567,กำแพงเพชร,001,ภงด3,45984975.98
2567,กำแพงเพชร,001,ภงด90,45105386.55
2567,กำแพงเพชร,001,ภงด91,22490103.58
2567,กำแพงเพชร,001,ภงด93,56136740.61
2567,กำแพงเพชร,001,ภงด94,10547827.92
2567,กำแพงเพชร,002,ทป3,6856243.82
2567,กำแพงเพชร,002,ป2,340000.00
2567,กำแพงเพชร,002,ภงด50,43859541.28
2567,กำแพงเพชร,002,ภงด51,38585455.02
2567,กำแพงเพชร,002,ภงด53,180923518.68
2567,กำแพงเพชร,002,ภงด54,165807.46
2567,กำแพงเพชร,002,ภงด55,349240.81
2567,กำแพงเพชร,005,ทป3,14511532.21
2567,กำแพงเพชร,005,ป2,348700.00
2567,กำแพงเพชร,005,ภพ30,2218800409.83
2567,กำแพงเพชร,005,ภพ36,6618240.62
2567,กำแพงเพชร,006,ทป3,188835.40
2567,กำแพงเพชร,006,ป2,21400.00
2567,กำแพงเพชร,006,ภธ40,30282537.21
2567,กำแพงเพชร,007,อส10,3568775.50
2567,กำแพงเพชร,007,อส10.1,3086719.00
2567,กำแพงเพชร,007,อส4,3123583.75
2567,กำแพงเพชร,007,อส4ก,47558.00
2567,กำแพงเพชร,007,อส4ข,1536555.82
2567,กำแพงเพชร,007,อส9,4708898.00
2567,กำแพงเพชร,009,รบ1,3270.00
2567,กำแพงเพชร,011,ป2,460200.00
2567,กำแพงเพชร,015,รบ1,2120.00
2567,ขอนแก่น,001,ทป3,174250018.84
2567,ขอนแก่น,001,ป2,3729300.00
2567,ขอนแก่น,001,ภงด1,517875564.72
2567,ขอนแก่น,001,ภงด2,150112096.35
2567,ขอนแก่น,001,ภงด3,255640337.83
2567,ขอนแก่น,001,ภงด90,217476347.47
2567,ขอนแก่น,001,ภงด91,108910737.59
2567,ขอนแก่น,001,ภงด93,68832156.44
2567,ขอนแก่น,001,ภงด94,35469325.28
2567,ขอนแก่น,002,ทป3,13476349.47
2567,ขอนแก่น,002,ป2,1807600.00
2567,ขอนแก่น,002,ภงด50,526894670.37
2567,ขอนแก่น,002,ภงด51,425776483.92
2567,ขอนแก่น,002,ภงด53,467661205.48
2567,ขอนแก่น,002,ภงด54,80823138.96
2567,ขอนแก่น,002,ภงด55,989129.82
2567,ขอนแก่น,005,ทป3,41024439.28
2567,ขอนแก่น,005,ป2,2158100.00
2567,ขอนแก่น,005,ภพ30,4367630405.12
2567,ขอนแก่น,005,ภพ36,25012507.46
2567,ขอนแก่น,006,ทป3,1288633.31
2567,ขอนแก่น,006,ป2,47800.00
2567,ขอนแก่น,006,ภธ40,125145565.55
2567,ขอนแก่น,007,ทป3,2700.00
2567,ขอนแก่น,007,อส10,14452277.24
2567,ขอนแก่น,007,อส10.1,2431904.00
2567,ขอนแก่น,007,อส4,8775527.53
2567,ขอนแก่น,007,อส4ก,138166.00
2567,ขอนแก่น,007,อส4ข,12802435.50
2567,ขอนแก่น,007,อส9,12473282.00
2567,ขอนแก่น,011,ป2,927100.00
2567,ขอนแก่น,015,รบ1,33971.26
2567,จันทบุรี,001,ทป3,56322742.60
2567,จันทบุรี,001,ป2,1363100.00
2567,จันทบุรี,001,ภงด1,73174892.41
2567,จันทบุรี,001,ภงด2,47803385.57
2567,จันทบุรี,001,ภงด3,75284065.29
2567,จันทบุรี,001,ภงด90,106171083.90
2567,จันทบุรี,001,ภงด91,30443625.60
2567,จันทบุรี,001,ภงด94,28838348.10
2567,จันทบุรี,002,ทป3,11948980.25
2567,จันทบุรี,002,ป2,832200.00
2567,จันทบุรี,002,ภงด50,234335444.07
2567,จันทบุรี,002,ภงด51,239614875.06
2567,จันทบุรี,002,ภงด53,120720817.13
2567,จันทบุรี,002,ภงด54,696064.34
2567,จันทบุรี,002,ภงด55,413510.68
2567,จันทบุรี,005,ทป3,13686285.03
2567,จันทบุรี,005,ป2,383500.00
2567,จันทบุรี,005,ภพ30,678453134.58
2567,จันทบุรี,005,ภพ36,2687551.71
2567,จันทบุรี,006,ทป3,545149.50
2567,จันทบุรี,006,ป2,79600.00
2567,จันทบุรี,006,ภธ40,36158407.77
2567,จันทบุรี,007,ทป3,11168.40
2567,จันทบุรี,007,อส10,6171722.00
2567,จันทบุรี,007,อส10.1,1035380.00
2567,จันทบุรี,007,อส4,1633040.62
2567,จันทบุรี,007,อส4ก,54153.00
2567,จันทบุรี,007,อส4ข,2540664.00
2567,จันทบุรี,007,อส9,3969802.00
2567,จันทบุรี,010,รบ1,4.00
2567,จันทบุรี,011,ป2,544100.00
2567,จันทบุรี,015,รบ1,1.00
2567,ฉะเชิงเทรา,001,ทป3,91606515.98
2567,ฉะเชิงเทรา,001,ป2,1520300.00
2567,ฉะเชิงเทรา,001,ภงด1,1917379807.36
2567,ฉะเชิงเทรา,001,ภงด2,300484917.70
2567,ฉะเชิงเทรา,001,ภงด3,205419439.56
2567,ฉะเชิงเทรา,001,ภงด90,114637212.32
2567,ฉะเชิงเทรา,001,ภงด91,178065062.85
2567,ฉะเชิงเทรา,001,ภงด93,2270101.72
2567,ฉะเชิงเทรา,001,ภงด94,33240871.04
2567,ฉะเชิงเทรา,002,ทป3,58755227.58
2567,ฉะเชิงเทรา,002,ป2,2408200.00
2567,ฉะเชิงเทรา,002,ภงด50,2677543071.09
2567,ฉะเชิงเทรา,002,ภงด51,2841212365.91
2567,ฉะเชิงเทรา,002,ภงด53,1631023189.11
2567,ฉะเชิงเทรา,002,ภงด54,4161722180.98
2567,ฉะเชิงเทรา,002,ภงด55,1337531.31
2567,ฉะเชิงเทรา,005,ทป3,42928149.02
2567,ฉะเชิงเทรา,005,ป2,1017500.00
2567,ฉะเชิงเทรา,005,ภพ30,4911828529.50
2567,ฉะเชิงเทรา,005,ภพ30.2,521.46
2567,ฉะเชิงเทรา,005,ภพ36,853565910.50
2567,ฉะเชิงเทรา,006,ทป3,17623.31
2567,ฉะเชิงเทรา,006,ป2,40600.00
2567,ฉะเชิงเทรา,006,ภธ40,47887373.36
2567,ฉะเชิงเทรา,007,ทป3,4654804.75
2567,ฉะเชิงเทรา,007,อส10,6203952.29
2567,ฉะเชิงเทรา,007,อส10.1,2245002.00
2567,ฉะเชิงเทรา,007,อส4,14552057.75
2567,ฉะเชิงเทรา,007,อส4ก,111825.00
2567,ฉะเชิงเทรา,007,อส4ข,4087233.50
2567,ฉะเชิงเทรา,007,อส9,14841639.00
2567,ฉะเชิงเทรา,011,ป2,2063900.00
2567,ฉะเชิงเทรา,015,รบ1,8.89
2567,ชลบุรี,001,ทป3,451732903.07
2567,ชลบุรี,001,ป2,6687100.00
2567,ชลบุรี,001,ภงด1,8890895598.86
2567,ชลบุรี,001,ภงด2,872660894.93
2567,ชลบุรี,001,ภงด3,1171220842.63
2567,ชลบุรี,001,ภงด90,552142161.31
2567,ชลบุรี,001,ภงด91,738151395.54
2567,ชลบุรี,001,ภงด93,21117533.95
2567,ชลบุรี,001,ภงด94,137832805.41
2567,ชลบุรี,002,ทป3,121318166.57
2567,ชลบุรี,002,ป2,12828500.00
2567,ชลบุรี,002,ภงด50,11072450679.35
2567,ชลบุรี,002,ภงด51,11838235223.85
2567,ชลบุรี,002,ภงด52,2303072.20
2567,ชลบุรี,002,ภงด53,8200443088.32
2567,ชลบุรี,002,ภงด54,12242498418.70
2567,ชลบุรี,002,ภงด55,2025078.97
2567,ชลบุรี,005,ทป3,364410193.42
2567,ชลบุรี,005,ป2,5832500.00
2567,ชลบุรี,005,ภพ30,23906248699.04
2567,ชลบุรี,005,ภพ30.2,31985.63
2567,ชลบุรี,005,ภพ36,4058235229.85
2567,ชลบุรี,006,ทป3,2718720.13
2567,ชลบุรี,006,ป2,190400.00
2567,ชลบุรี,006,ภธ40,278914413.70
2567,ชลบุรี,007,ทป3,1917850.02
2567,ชลบุรี,007,อส10,33263718.30
2567,ชลบุรี,007,อส10.1,621331.00
2567,ชลบุรี,007,อส4,106970622.35
2567,ชลบุรี,007,อส4ก,750604.53
2567,ชลบุรี,007,อส4ข,13680228.57
2567,ชลบุรี,007,อส9,113673403.00
2567,ชลบุรี,009,รบ1,572.00
2567,ชลบุรี,010,รบ1,1.00
2567,ชลบุรี,011,ป2,6777800.00
2567,ชลบุรี,015,รบ1,5615.28
2567,ชลบุรี,070,ภม60,22047670.50
2567,ชัยนาท,001,ทป3,17097929.00
2567,ชัยนาท,001,ป2,696600.00
2567,ชัยนาท,001,ภงด1,26793046.86
2567,ชัยนาท,001,ภงด2,14905656.46
2567,ชัยนาท,001,ภงด3,30394854.50
2567,ชัยนาท,001,ภงด90,27867944.38
2567,ชัยนาท,001,ภงด91,15600864.17
2567,ชัยนาท,001,ภงด93,119569.77
2567,ชัยนาท,001,ภงด94,7334376.00
2567,ชัยนาท,002,ทป3,2407264.11
2567,ชัยนาท,002,ป2,234200.00
2567,ชัยนาท,002,ภงด50,78377837.80
2567,ชัยนาท,002,ภงด51,39131384.52
2567,ชัยนาท,002,ภงด53,128863154.87
2567,ชัยนาท,002,ภงด55,85992.99
2567,ชัยนาท,005,ทป3,6831814.30
2567,ชัยนาท,005,ป2,215800.00
2567,ชัยนาท,005,ภพ30,282384119.06
2567,ชัยนาท,005,ภพ36,912771.13
2567,ชัยนาท,006,ทป3,50978.07
2567,ชัยนาท,006,ป2,2600.00
2567,ชัยนาท,006,ภธ40,12466415.50
2567,ชัยนาท,007,อส10,2914365.00
2567,ชัยนาท,007,อส10.1,364029.00
2567,ชัยนาท,007,อส4,556758.50
2567,ชัยนาท,007,อส4ก,16938.00
2567,ชัยนาท,007,อส4ข,203878.50
2567,ชัยนาท,007,อส9,2974940.00
2567,ชัยนาท,011,ป2,266500.00
2567,ชัยภูมิ,001,ทป3,42356860.31
2567,ชัยภูมิ,001,ป2,1845800.00
2567,ชัยภูมิ,001,ภงด1,60951565.89
2567,ชัยภูมิ,001,ภงด2,3516602.62
2567,ชัยภูมิ,001,ภงด3,58296963.02
2567,ชัยภูมิ,001,ภงด90,44017133.70
2567,ชัยภูมิ,001,ภงด91,33892353.97
2567,ชัยภูมิ,001,ภงด93,72393426.50
2567,ชัยภูมิ,001,ภงด94,13537217.89
2567,ชัยภูมิ,002,ทป3,4212565.44
2567,ชัยภูมิ,002,ป2,538400.00
2567,ชัยภูมิ,002,ภงด50,85508676.35
2567,ชัยภูมิ,002,ภงด51,88982668.86
2567,ชัยภูมิ,002,ภงด53,114444015.59
2567,ชัยภูมิ,002,ภงด54,3060.98
2567,ชัยภูมิ,002,ภงด55,441548.77
2567,ชัยภูมิ,005,ทป3,15616885.20
2567,ชัยภูมิ,005,ป2,900000.00
2567,ชัยภูมิ,005,ภพ30,1030072042.02
2567,ชัยภูมิ,005,ภพ36,1197840.18
2567,ชัยภูมิ,006,ทป3,21730.51
2567,ชัยภูมิ,006,ป2,32500.00
2567,ชัยภูมิ,006,ภธ40,40098158.43
2567,ชัยภูมิ,007,อส10,5605434.06
2567,ชัยภูมิ,007,อส10.1,1462618.00
2567,ชัยภูมิ,007,อส4,2904886.42
2567,ชัยภูมิ,007,อส4ก,59532.00
2567,ชัยภูมิ,007,อส4ข,922775.00
2567,ชัยภูมิ,007,อส9,4941471.00
2567,ชัยภูมิ,010,รบ1,4.00
2567,ชัยภูมิ,011,ป2,432300.00
2567,ชัยภูมิ,015,รบ1,0.50
2567,ชุมพร,001,ทป3,34522845.49
2567,ชุมพร,001,ป2,1160500.00
2567,ชุมพร,001,ภงด1,53278535.41
2567,ชุมพร,001,ภงด2,27983461.27
2567,ชุมพร,001,ภงด3,48473868.35
2567,ชุมพร,001,ภงด90,52683888.11
2567,ชุมพร,001,ภงด91,21248021.14
2567,ชุมพร,001,ภงด93,18861690.72
2567,ชุมพร,001,ภงด94,12626731.27
2567,ชุมพร,002,ทป3,26350909.97
2567,ชุมพร,002,ป2,679200.00
2567,ชุมพร,002,ภงด50,108961786.50
2567,ชุมพร,002,ภงด51,97133376.04
2567,ชุมพร,002,ภงด53,108173899.54
2567,ชุมพร,002,ภงด54,1571580.82
2567,ชุมพร,002,ภงด55,130727.47
2567,ชุมพร,005,ทป3,19051784.29
2567,ชุมพร,005,ป2,456300.00
2567,ชุมพร,005,ภพ30,1090448575.41
2567,ชุมพร,005,ภพ36,1518258.93
2567,ชุมพร,006,ทป3,50259.29
2567,ชุมพร,006,ป2,10900.00
2567,ชุมพร,006,ภธ40,20009696.44
2567,ชุมพร,007,ทป3,8316.00
2567,ชุมพร,007,อส10,3654445.20
2567,ชุมพร,007,อส10.1,198339.00
2567,ชุมพร,007,อส4,2966614.50
2567,ชุมพร,007,อส4ก,81336.00
2567,ชุมพร,007,อส4ข,889387.00
2567,ชุมพร,007,อส9,2975516.00
2567,ชุมพร,010,รบ1,2.00
2567,ชุมพร,011,ป2,485900.00
2567,เชียงราย,001,ทป3,67547578.69
2567,เชียงราย,001,ป2,1776300.00
2567,เชียงราย,001,ภงด1,176714564.89
2567,เชียงราย,001,ภงด2,37483633.45
2567,เชียงราย,001,ภงด3,122966245.26
2567,เชียงราย,001,ภงด90,111335780.00
2567,เชียงราย,001,ภงด91,35458949.58
2567,เชียงราย,001,ภงด93,2116015.84
2567,เชียงราย,001,ภงด94,27527268.60
2567,เชียงราย,002,ทป3,9182164.13
2567,เชียงราย,002,ป2,1116100.00
2567,เชียงราย,002,ภงด50,221500378.47
2567,เชียงราย,002,ภงด51,218518044.00
2567,เชียงราย,002,ภงด53,288222205.34
2567,เชียงราย,002,ภงด54,2223836.45
2567,เชียงราย,002,ภงด55,1829350.26
2567,เชียงราย,005,ทป3,17863964.28
2567,เชียงราย,005,ป2,914700.00
2567,เชียงราย,005,ภพ30,1381060514.95
2567,เชียงราย,005,ภพ36,14755472.23
2567,เชียงราย,006,ทป3,533471.77
2567,เชียงราย,006,ป2,40500.00
2567,เชียงราย,006,ภธ40,54469502.80
2567,เชียงราย,007,อส10,9478647.35
2567,เชียงราย,007,อส10.1,738703.00
2567,เชียงราย,007,อส4,9070462.00
2567,เชียงราย,007,อส4ก,72744.00
2567,เชียงราย,007,อส4ข,7485250.73
2567,เชียงราย,007,อส9,6933869.00
2567,เชียงราย,011,ป2,1692100.00
2567,เชียงราย,015,รบ1,1230.02
2567,เชียงราย,070,ทป3,1838821.70
2567,เชียงราย,070,ภม60,2583596.12
2567,เชียงใหม่,001,ทป3,249395048.29
2567,เชียงใหม่,001,ป2,6154900.00
2567,เชียงใหม่,001,ภงด1,1164221859.01
2567,เชียงใหม่,001,ภงด2,361193718.03
2567,เชียงใหม่,001,ภงด3,524718861.17
2567,เชียงใหม่,001,ภงด90,358425264.81
2567,เชียงใหม่,001,ภงด91,128051944.69
2567,เชียงใหม่,001,ภงด93,1359717.59
2567,เชียงใหม่,001,ภงด94,65803215.21
2567,เชียงใหม่,002,ทป3,73988162.85
2567,เชียงใหม่,002,ป2,4062600.00
2567,เชียงใหม่,002,ภงด50,1109794026.75
2567,เชียงใหม่,002,ภงด51,972661986.94
2567,เชียงใหม่,002,ภงด53,1166740527.79
2567,เชียงใหม่,002,ภงด54,28475953.39
2567,เชียงใหม่,002,ภงด55,4522569.46
2567,เชียงใหม่,005,ทป3,118895546.04
2567,เชียงใหม่,005,ป2,2990600.00
2567,เชียงใหม่,005,ภพ30,5641954546.86
2567,เชียงใหม่,005,ภพ30.2,41969.69
2567,เชียงใหม่,005,ภพ36,144550852.02
2567,เชียงใหม่,006,ทป3,10458855.25
2567,เชียงใหม่,006,ป2,91000.00
2567,เชียงใหม่,006,ภธ40,198906601.61
2567,เชียงใหม่,007,ทป3,11880.00
2567,เชียงใหม่,007,อส10,23029023.17
2567,เชียงใหม่,007,อส10.1,702629.00
2567,เชียงใหม่,007,อส4,27230259.22
2567,เชียงใหม่,007,อส4ก,343506.90
2567,เชียงใหม่,007,อส4ข,15758941.90
2567,เชียงใหม่,007,อส9,21516501.00
2567,เชียงใหม่,010,รบ1,4.00
2567,เชียงใหม่,011,ป2,2170400.00
2567,เชียงใหม่,015,รบ1,0.50
2567,เชียงใหม่,070,ภม60,15126802.52
2567,ตรัง,001,ทป3,39413965.87
2567,ตรัง,001,ป2,955500.00
2567,ตรัง,001,ภงด1,63645786.30
2567,ตรัง,001,ภงด2,57532415.96
2567,ตรัง,001,ภงด3,63681930.67
2567,ตรัง,001,ภงด90,55472800.60
2567,ตรัง,001,ภงด91,27135841.70
2567,ตรัง,001,ภงด93,17864542.64
2567,ตรัง,001,ภงด94,8981505.15
2567,ตรัง,002,ทป3,2991732.60
2567,ตรัง,002,ป2,295700.00
2567,ตรัง,002,ภงด50,135134628.37
2567,ตรัง,002,ภงด51,128575924.89
2567,ตรัง,002,ภงด52,150264.00
2567,ตรัง,002,ภงด53,106269976.12
2567,ตรัง,002,ภงด54,615329.89
2567,ตรัง,002,ภงด55,143799.11
2567,ตรัง,005,ทป3,17496665.31
2567,ตรัง,005,ป2,294600.00
2567,ตรัง,005,ภพ30,665070062.72
2567,ตรัง,005,ภพ36,3818008.40
2567,ตรัง,006,ทป3,1473784.60
2567,ตรัง,006,ป2,14000.00
2567,ตรัง,006,ภธ40,33182567.92
2567,ตรัง,007,อส10,4702560.00
2567,ตรัง,007,อส10.1,61975.00
2567,ตรัง,007,อส4,4024770.00
2567,ตรัง,007,อส4ก,101613.00
2567,ตรัง,007,อส4ข,956686.00
2567,ตรัง,007,อส9,2906656.00
2567,ตรัง,009,รบ1,0.50
2567,ตรัง,010,รบ1,1.00
2567,ตรัง,011,ป2,629700.00
2567,ตรัง,015,รบ1,2973.26
2567,ตราด,001,ทป3,22933037.69
2567,ตราด,001,ป2,863900.00
2567,ตราด,001,ภงด1,33601266.83
2567,ตราด,001,ภงด2,8592485.10
2567,ตราด,001,ภงด3,26674709.42
2567,ตราด,001,ภงด90,37290982.53
2567,ตราด,001,ภงด91,12390938.07
2567,ตราด,001,ภงด93,548611.00
2567,ตราด,001,ภงด94,16520856.94
2567,ตราด,002,ทป3,1139807.42
2567,ตราด,002,ป2,192200.00
2567,ตราด,002,ภงด50,36804417.86
2567,ตราด,002,ภงด51,37110603.68
2567,ตราด,002,ภงด52,240.00
2567,ตราด,002,ภงด53,37318507.48
2567,ตราด,002,ภงด54,2988.96
2567,ตราด,002,ภงด55,95775.53
2567,ตราด,005,ทป3,7669973.68
2567,ตราด,005,ป2,258000.00
2567,ตราด,005,ภพ30,443821661.12
2567,ตราด,005,ภพ30.2,21018.83
2567,ตราด,005,ภพ36,8194306.37
2567,ตราด,006,ทป3,35660.91
2567,ตราด,006,ป2,10200.00
2567,ตราด,006,ภธ40,10929942.96
2567,ตราด,007,อส10,2311801.00
2567,ตราด,007,อส10.1,104569.00
2567,ตราด,007,อส4,467294.36
2567,ตราด,007,อส4ก,16857.00
2567,ตราด,007,อส4ข,277743.53
2567,ตราด,007,อส9,1089728.00
2567,ตราด,011,ป2,353900.00
2567,ตาก,001,ทป3,36009760.34
2567,ตาก,001,ป2,1257000.00
2567,ตาก,001,ภงด1,63130617.64
2567,ตาก,001,ภงด2,40215294.73
2567,ตาก,001,ภงด3,46445271.62
2567,ตาก,001,ภงด90,49703816.76
2567,ตาก,001,ภงด91,19433195.54
2567,ตาก,001,ภงด93,1288291.95
2567,ตาก,001,ภงด94,12253799.81
2567,ตาก,002,ทป3,16615559.64
2567,ตาก,002,ป2,855300.00
2567,ตาก,002,ภงด50,228831063.42
2567,ตาก,002,ภงด51,165386026.00
2567,ตาก,002,ภงด53,112785014.50
2567,ตาก,002,ภงด54,2598674.91
2567,ตาก,002,ภงด55,340707.00
2567,ตาก,005,ทป3,19683459.15
2567,ตาก,005,ป2,342900.00
2567,ตาก,005,ภพ30,782934592.42
2567,ตาก,005,ภพ36,13263167.54
2567,ตาก,006,ทป3,53536.40
2567,ตาก,006,ป2,24600.00
2567,ตาก,006,ภธ40,24181229.28
2567,ตาก,007,ทป3,183095.00
2567,ตาก,007,อส10,4932061.00
2567,ตาก,007,อส10.1,356538.00
2567,ตาก,007,อส4,3800289.23
2567,ตาก,007,อส4ก,35004.90
2567,ตาก,007,อส4ข,482329.07
2567,ตาก,007,อส9,1045811.00
2567,ตาก,011,ป2,381600.00
2567,ตาก,015,รบ1,500.00
2567,นครนายก,001,ทป3,23939568.40
2567,นครนายก,001,ป2,600500.00
2567,นครนายก,001,ภงด1,58119749.13
2567,นครนายก,001,ภงด2,10315238.07
2567,นครนายก,001,ภงด3,39963371.36
2567,นครนายก,001,ภงด90,30983530.64
2567,นครนายก,001,ภงด91,14413026.77
2567,นครนายก,001,ภงด93,70000.00
2567,นครนายก,001,ภงด94,7677247.25
2567,นครนายก,002,ทป3,9151481.12
2567,นครนายก,002,ป2,252600.00
2567,นครนายก,002,ภงด50,65057275.68
2567,นครนายก,002,ภงด51,52231341.22
2567,นครนายก,002,ภงด53,70235473.13
2567,นครนายก,002,ภงด54,34936497.66
2567,นครนายก,002,ภงด55,92423.21
2567,นครนายก,005,ทป3,15342648.83
2567,นครนายก,005,ป2,236100.00
2567,นครนายก,005,ภพ30,413545923.59
2567,นครนายก,005,ภพ30.2,166206.80
2567,นครนายก,005,ภพ36,15338217.22
2567,นครนายก,006,ทป3,273934.83
2567,นครนายก,006,ป2,7800.00
2567,นครนายก,006,ภธ40,10826237.59
2567,นครนายก,007,อส10,2406473.00
2567,นครนายก,007,อส10.1,295910.00
2567,นครนายก,007,อส4,2042878.00
2567,นครนายก,007,อส4ก,22896.00
2567,นครนายก,007,อส4ข,221205.50
2567,นครนายก,007,อส9,1462193.00
2567,นครนายก,011,ป2,560600.00
2567,นครนายก,015,รบ1,1015.50
2567,นครปฐม,001,ทป3,167969871.05
2567,นครปฐม,001,ป2,3085100.00
2567,นครปฐม,001,ภงด1,1636239530.87
2567,นครปฐม,001,ภงด2,578400348.60
2567,นครปฐม,001,ภงด3,359467096.97
2567,นครปฐม,001,ภงด90,276478809.65
2567,นครปฐม,001,ภงด91,105224831.88
2567,นครปฐม,001,ภงด93,575738.36
2567,นครปฐม,001,ภงด94,69622032.51
2567,นครปฐม,002,ทป3,86433027.73
2567,นครปฐม,002,ป2,3283600.00
2567,นครปฐม,002,ภงด50,2200108598.61
2567,นครปฐม,002,ภงด51,2173640830.11
2567,นครปฐม,002,ภงด53,1271047964.17
2567,นครปฐม,002,ภงด54,147126957.65
2567,นครปฐม,002,ภงด55,1456384.26
2567,นครปฐม,005,ทป3,66585249.05
2567,นครปฐม,005,ป2,1897400.00
2567,นครปฐม,005,ภพ30,7028763033.84
2567,นครปฐม,005,ภพ30.2,214366.24
2567,นครปฐม,005,ภพ36,94271618.70
2567,นครปฐม,006,ทป3,1509290.51
2567,นครปฐม,006,ป2,52000.00
2567,นครปฐม,006,ภธ40,72994228.80
2567,นครปฐม,007,ทป3,1.28
2567,นครปฐม,007,อส10,12806328.00
2567,นครปฐม,007,อส10.1,253052.00
2567,นครปฐม,007,อส4,15478612.00
2567,นครปฐม,007,อส4ก,334938.00
2567,นครปฐม,007,อส4ข,9920106.00
2567,นครปฐม,007,อส9,18618951.00
2567,นครปฐม,011,ป2,1750800.00
2567,นครปฐม,015,รบ1,8196.00
2567,นครปฐม,070,ภม60,10667772.28
2567,นครพนม,001,ทป3,27576277.36
2567,นครพนม,001,ป2,1241700.00
2567,นครพนม,001,ภงด1,26472621.71
2567,นครพนม,001,ภงด2,3034975.77
2567,นครพนม,001,ภงด3,25744523.43
2567,นครพนม,001,ภงด90,36707561.09
2567,นครพนม,001,ภงด91,22979198.66
2567,นครพนม,001,ภงด93,114995.00
2567,นครพนม,001,ภงด94,10126478.52
2567,นครพนม,002,ทป3,2171283.77
2567,นครพนม,002,ป2,370200.00
2567,นครพนม,002,ภงด50,34480928.55
2567,นครพนม,002,ภงด51,23803695.95
2567,นครพนม,002,ภงด53,48929965.82
2567,นครพนม,002,ภงด54,1960.60
2567,นครพนม,002,ภงด55,167772.00
2567,นครพนม,005,ทป3,8209748.97
2567,นครพนม,005,ป2,529000.00
2567,นครพนม,005,ภพ30,391925217.63
2567,นครพนม,005,ภพ36,5729252.39
2567,นครพนม,006,ทป3,55957.20
2567,นครพนม,006,ป2,44000.00
2567,นครพนม,006,ภธ40,30273121.13
2567,นครพนม,007,อส10,4086034.65
2567,นครพนม,007,อส10.1,130376.00
2567,นครพนม,007,อส4,1538557.54
2567,นครพนม,007,อส4ก,48004.50
2567,นครพนม,007,อส4ข,571373.26
2567,นครพนม,007,อส9,1995241.00
2567,นครพนม,010,รบ1,34.00
2567,นครพนม,011,ป2,326200.00
2567,นครราชสีมา,001,ทป3,169830352.66
2567,นครราชสีมา,001,ป2,4693300.00
2567,นครราชสีมา,001,ภงด1,966123258.48
2567,นครราชสีมา,001,ภงด2,209314424.76
2567,นครราชสีมา,001,ภงด3,332857104.37
2567,นครราชสีมา,001,ภงด90,228899960.20
2567,นครราชสีมา,001,ภงด91,146109706.89
2567,นครราชสีมา,001,ภงด93,154089911.62
2567,นครราชสีมา,001,ภงด94,63683422.82
2567,นครราชสีมา,002,ทป3,123850760.09
2567,นครราชสีมา,002,ป2,2550100.00
2567,นครราชสีมา,002,ภงด50,1074816785.13
2567,นครราชสีมา,002,ภงด51,954047401.13
2567,นครราชสีมา,002,ภงด53,1132757747.14
2567,นครราชสีมา,002,ภงด54,472085031.65
2567,นครราชสีมา,002,ภงด55,1592794.52
2567,นครราชสีมา,005,ทป3,62094928.55
2567,นครราชสีมา,005,ป2,2242600.00
2567,นครราชสีมา,005,ภพ30,5410336201.25
2567,นครราชสีมา,005,ภพ36,180863631.49
2567,นครราชสีมา,006,ทป3,488799.69
2567,นครราชสีมา,006,ป2,88600.00
2567,นครราชสีมา,006,ภธ40,162142130.82
2567,นครราชสีมา,007,อส10,19291748.00
2567,นครราชสีมา,007,อส10.1,2305911.00
2567,นครราชสีมา,007,อส4,18535195.50
2567,นครราชสีมา,007,อส4ก,295290.00
2567,นครราชสีมา,007,อส4ข,11173250.97
2567,นครราชสีมา,007,อส9,20050007.00
2567,นครราชสีมา,010,รบ1,1.00
2567,นครราชสีมา,011,ป2,2490700.00
2567,นครราชสีมา,015,รบ1,17768.95
2567,นครศรีธรรมราช,001,ทป3,84284471.06
2567,นครศรีธรรมราช,001,ป2,1886700.00
2567,นครศรีธรรมราช,001,ภงด1,250485787.14
2567,นครศรีธรรมราช,001,ภงด2,32384597.69
2567,นครศรีธรรมราช,001,ภงด3,121539433.63
2567,นครศรีธรรมราช,001,ภงด90,102080241.88
2567,นครศรีธรรมราช,001,ภงด91,75521820.07
2567,นครศรีธรรมราช,001,ภงด93,10530043.78
2567,นครศรีธรรมราช,001,ภงด94,19672379.09
2567,นครศรีธรรมราช,002,ทป3,3551081.92
2567,นครศรีธรรมราช,002,ป2,1070100.00
2567,นครศรีธรรมราช,002,ภงด50,193683942.19
2567,นครศรีธรรมราช,002,ภงด51,233788513.69
2567,นครศรีธรรมราช,002,ภงด53,235274459.47
2567,นครศรีธรรมราช,002,ภงด54,2645763.97
2567,นครศรีธรรมราช,002,ภงด55,324287.98
2567,นครศรีธรรมราช,005,ทป3,40688689.35
2567,นครศรีธรรมราช,005,ป2,752300.00
2567,นครศรีธรรมราช,005,ภพ30,1610794994.77
2567,นครศรีธรรมราช,005,ภพ36,37817888.22
2567,นครศรีธรรมราช,006,ทป3,1368788.75
2567,นครศรีธรรมราช,006,ป2,27200.00
2567,นครศรีธรรมราช,006,ภธ40,69878894.76
2567,นครศรีธรรมราช,007,อส10,7150886.56
2567,นครศรีธรรมราช,007,อส10.1,2096601.00
2567,นครศรีธรรมราช,007,อส4,6943837.64
2567,นครศรีธรรมราช,007,อส4ก,217891.30
2567,นครศรีธรรมราช,007,อส4ข,3062011.00
2567,นครศรีธรรมราช,007,อส9,8118755.00
2567,นครศรีธรรมราช,010,รบ1,4.50
2567,นครศรีธรรมราช,011,ป2,1232600.00
2567,นครศรีธรรมราช,015,รบ1,1244.00
2567,นครสวรรค์,001,ทป3,83976599.25
2567,นครสวรรค์,001,ป2,2291600.00
2567,นครสวรรค์,001,ภงด1,145266116.49
2567,นครสวรรค์,001,ภงด2,42725797.08
2567,นครสวรรค์,001,ภงด3,86812978.93
2567,นครสวรรค์,001,ภงด90,117013811.39
2567,นครสวรรค์,001,ภงด91,39113646.69
2567,นครสวรรค์,001,ภงด93,64805716.30
2567,นครสวรรค์,001,ภงด94,23595788.20
2567,นครสวรรค์,002,ทป3,14183539.22
2567,นครสวรรค์,002,ป2,583000.00
2567,นครสวรรค์,002,ภงด50,392276180.41
2567,นครสวรรค์,002,ภงด51,334335107.91
2567,นครสวรรค์,002,ภงด53,231360565.45
2567,นครสวรรค์,002,ภงด54,552944.10
2567,นครสวรรค์,002,ภงด55,742759.73
2567,นครสวรรค์,005,ทป3,35068496.25
2567,นครสวรรค์,005,ป2,730800.00
2567,นครสวรรค์,005,ภพ30,1635640205.63
2567,นครสวรรค์,005,ภพ36,7072909.21
2567,นครสวรรค์,006,ทป3,780700.34
2567,นครสวรรค์,006,ป2,45400.00
2567,นครสวรรค์,006,ภธ40,57336395.17
2567,นครสวรรค์,007,อส10,8259326.90
2567,นครสวรรค์,007,อส10.1,940735.00
2567,นครสวรรค์,007,อส4,4493394.00
2567,นครสวรรค์,007,อส4ก,96996.00
2567,นครสวรรค์,007,อส4ข,6642198.10
2567,นครสวรรค์,007,อส9,6417790.00
2567,นครสวรรค์,011,ป2,689100.00
2567,นครสวรรค์,015,รบ1,846.50
2567,นนทบุรี,001,ทป3,707880345.08
2567,นนทบุรี,001,ป2,4838900.00
2567,นนทบุรี,001,ภงด1,6660490901.74
2567,นนทบุรี,001,ภงด2,2033225426.22
2567,นนทบุรี,001,ภงด3,1683917556.65
2567,นนทบุรี,001,ภงด90,760071290.16
2567,นนทบุรี,001,ภงด91,398201826.86
2567,นนทบุรี,001,ภงด93,9546442.60
2567,นนทบุรี,001,ภงด94,99591279.53
2567,นนทบุรี,002,ทป3,93813447.35
2567,นนทบุรี,002,ป2,9595200.00
2567,นนทบุรี,002,ภงด50,5718958579.81
2567,นนทบุรี,002,ภงด51,3825353412.68
2567,นนทบุรี,002,ภงด53,8220820474.44
2567,นนทบุรี,002,ภงด54,692215457.25
2567,นนทบุรี,002,ภงด55,22783852.19
2567,นนทบุรี,005,ทป3,84939552.92
2567,นนทบุรี,005,ป2,5846600.00
2567,นนทบุรี,005,ภพ30,23288288483.04
2567,นนทบุรี,005,ภพ30.2,1838433.67
2567,นนทบุรี,005,ภพ36,810432005.01
2567,นนทบุรี,006,ทป3,224060.93
2567,นนทบุรี,006,ป2,156200.00
2567,นนทบุรี,006,ภธ40,242569494.80
2567,นนทบุรี,007,ทป3,264325.00
2567,นนทบุรี,007,อส10,25736430.91
2567,นนทบุรี,007,อส10.1,247011.00
2567,นนทบุรี,007,อส4,705057440.50
2567,นนทบุรี,007,อส4ก,40669166.00
2567,นนทบุรี,007,อส4ข,17133790.60
2567,นนทบุรี,007,อส9,41031704.00
2567,นนทบุรี,010,รบ1,29.50
2567,นนทบุรี,011,ป2,6314500.00
2567,นนทบุรี,015,รบ1,708.13
2567,นนทบุรี,070,ภม60,624167.02
2567,นราธิวาส,001,ทป3,21972383.81
2567,นราธิวาส,001,ป2,635600.00
2567,นราธิวาส,001,ภงด1,39396573.92
2567,นราธิวาส,001,ภงด2,52182013.86
2567,นราธิวาส,001,ภงด3,28565065.98
2567,นราธิวาส,001,ภงด90,18863469.77
2567,นราธิวาส,001,ภงด91,23414642.17
2567,นราธิวาส,001,ภงด93,2042151.33
2567,นราธิวาส,001,ภงด94,4095666.01
2567,นราธิวาส,002,ทป3,705787.45
2567,นราธิวาส,002,ป2,234400.00
2567,นราธิวาส,002,ภงด50,20571923.06
2567,นราธิวาส,002,ภงด51,18631564.68
2567,นราธิวาส,002,ภงด53,49311330.50
2567,นราธิวาส,002,ภงด54,6707.69
2567,นราธิวาส,002,ภงด55,159398.87
2567,นราธิวาส,005,ทป3,26186023.68
2567,นราธิวาส,005,ป2,207700.00
2567,นราธิวาส,005,ภพ30,353684242.71
2567,นราธิวาส,005,ภพ36,590831.45
2567,นราธิวาส,006,ทป3,179357.71
2567,นราธิวาส,006,ป2,5200.00
2567,นราธิวาส,006,ภธ40,26504118.71
2567,นราธิวาส,007,อส10,2335663.00
2567,นราธิวาส,007,อส10.1,555820.00
2567,นราธิวาส,007,อส4,3418084.25
2567,นราธิวาส,007,อส4ก,30425.18
2567,นราธิวาส,007,อส4ข,1473079.83
2567,นราธิวาส,007,อส9,2123711.00
2567,นราธิวาส,010,รบ1,0.50
2567,นราธิวาส,011,ป2,332200.00
2567,น่าน,001,ทป3,28956647.58
2567,น่าน,001,ป2,828200.00
2567,น่าน,001,ภงด1,23375591.49
2567,น่าน,001,ภงด2,13159637.20
2567,น่าน,001,ภงด3,23751746.45
2567,น่าน,001,ภงด90,36964592.31
2567,น่าน,001,ภงด91,14819191.77
2567,น่าน,001,ภงด93,355907.62
2567,น่าน,001,ภงด94,8215172.45
2567,น่าน,002,ทป3,2612308.07
2567,น่าน,002,ป2,237600.00
2567,น่าน,002,ภงด50,30336175.19
2567,น่าน,002,ภงด51,21037629.09
2567,น่าน,002,ภงด53,37358103.26
2567,น่าน,002,ภงด54,5751.45
2567,น่าน,002,ภงด55,360649.43
2567,น่าน,005,ทป3,9329626.32
2567,น่าน,005,ป2,312700.00
2567,น่าน,005,ภพ30,304201387.54
2567,น่าน,005,ภพ36,2231878.94
2567,น่าน,006,ทป3,9251.51
2567,น่าน,006,ป2,2800.00
2567,น่าน,006,ภธ40,16728382.83
2567,น่าน,007,อส10,3091889.27
2567,น่าน,007,อส10.1,99442.00
2567,น่าน,007,อส4,684621.74
2567,น่าน,007,อส4ก,48392.00
2567,น่าน,007,อส4ข,1074537.00
2567,น่าน,007,อส9,2293804.00
2567,น่าน,009,รบ1,245.00
2567,น่าน,010,รบ1,0.50
2567,น่าน,011,ป2,452600.00
2567,น่าน,015,รบ1,915.16
2567,บึงกาฬ,001,ทป3,21130905.24
2567,บึงกาฬ,001,ป2,799100.00
2567,บึงกาฬ,001,ภงด1,8484653.82
2567,บึงกาฬ,001,ภงด2,2484850.78
2567,บึงกาฬ,001,ภงด3,12424443.51
2567,บึงกาฬ,001,ภงด90,22727285.10
2567,บึงกาฬ,001,ภงด91,10316384.96
2567,บึงกาฬ,001,ภงด93,37072367.85
2567,บึงกาฬ,001,ภงด94,9007441.08
2567,บึงกาฬ,002,ทป3,1785542.73
2567,บึงกาฬ,002,ป2,186400.00
2567,บึงกาฬ,002,ภงด50,13291242.92
2567,บึงกาฬ,002,ภงด51,10577838.26
2567,บึงกาฬ,002,ภงด53,26327245.21
2567,บึงกาฬ,002,ภงด54,1029.34
2567,บึงกาฬ,002,ภงด55,59341.00
2567,บึงกาฬ,005,ทป3,6432082.46
2567,บึงกาฬ,005,ป2,387000.00
2567,บึงกาฬ,005,ภพ30,219824907.53
2567,บึงกาฬ,005,ภพ36,158889.06
2567,บึงกาฬ,006,ทป3,727.12
2567,บึงกาฬ,006,ป2,5400.00
2567,บึงกาฬ,006,ภธ40,19151683.60
2567,บึงกาฬ,007,อส10,2217483.45
2567,บึงกาฬ,007,อส10.1,87136.00
2567,บึงกาฬ,007,อส4,739309.38
2567,บึงกาฬ,007,อส4ก,21495.00
2567,บึงกาฬ,007,อส4ข,174888.00
2567,บึงกาฬ,007,อส9,1552314.00
2567,บึงกาฬ,011,ป2,185500.00
2567,บึงกาฬ,015,รบ1,0.50
2567,บุรีรัมย์,001,ทป3,77803381.67
2567,บุรีรัมย์,001,ป2,2338200.00
2567,บุรีรัมย์,001,ภงด1,117235040.57
2567,บุรีรัมย์,001,ภงด2,107143639.60
2567,บุรีรัมย์,001,ภงด3,76550700.53
2567,บุรีรัมย์,001,ภงด90,92744519.22
2567,บุรีรัมย์,001,ภงด91,49990026.51
2567,บุรีรัมย์,001,ภงด93,32900392.61
2567,บุรีรัมย์,001,ภงด94,24321629.06
2567,บุรีรัมย์,002,ทป3,5465983.39
2567,บุรีรัมย์,002,ป2,769800.00
2567,บุรีรัมย์,002,ภงด50,250297968.39
2567,บุรีรัมย์,002,ภงด51,276195488.52
2567,บุรีรัมย์,002,ภงด53,205764606.78
2567,บุรีรัมย์,002,ภงด54,5169372.47
2567,บุรีรัมย์,002,ภงด55,363901.45
2567,บุรีรัมย์,005,ทป3,12703885.64
2567,บุรีรัมย์,005,ป2,1033600.00
2567,บุรีรัมย์,005,ภพ30,1236221393.52
2567,บุรีรัมย์,005,ภพ36,13418324.84
2567,บุรีรัมย์,006,ทป3,27417.37
2567,บุรีรัมย์,006,ป2,28700.00
2567,บุรีรัมย์,006,ภธ40,63274117.09
2567,บุรีรัมย์,007,อส10,8440714.96
2567,บุรีรัมย์,007,อส10.1,924343.35
2567,บุรีรัมย์,007,อส4,3493708.50
2567,บุรีรัมย์,007,อส4ก,82320.00
2567,บุรีรัมย์,007,อส4ข,1233018.50
2567,บุรีรัมย์,007,อส9,11711960.00
2567,บุรีรัมย์,011,ป2,444400.00
2567,บุรีรัมย์,015,รบ1,0.50
2567,ปทุมธานี,001,ทป3,356165456.38
2567,ปทุมธานี,001,ป2,5143200.00
2567,ปทุมธานี,001,ภงด1,5433554382.19
2567,ปทุมธานี,001,ภงด2,871835987.56
2567,ปทุมธานี,001,ภงด3,1138204879.93
2567,ปทุมธานี,001,ภงด90,397159290.74
2567,ปทุมธานี,001,ภงด91,326402470.51
2567,ปทุมธานี,001,ภงด93,3158783.45
2567,ปทุมธานี,001,ภงด94,60349367.81
2567,ปทุมธานี,002,ทป3,530336961.04
2567,ปทุมธานี,002,ป2,8258600.00
2567,ปทุมธานี,002,ภงด50,7933452564.99
2567,ปทุมธานี,002,ภงด51,6586065443.73
2567,ปทุมธานี,002,ภงด53,4125011237.21
2567,ปทุมธานี,002,ภงด54,5193621559.49
2567,ปทุมธานี,002,ภงด55,3744666.69
2567,ปทุมธานี,005,ทป3,121521698.91
2567,ปทุมธานี,005,ป2,4915900.00
2567,ปทุมธานี,005,ภพ30,19600872631.40
2567,ปทุมธานี,005,ภพ30.2,365400.36
2567,ปทุมธานี,005,ภพ36,2018836376.03
2567,ปทุมธานี,006,ทป3,596292.34
2567,ปทุมธานี,006,ป2,128900.00
2567,ปทุมธานี,006,ภธ40,250726785.13
2567,ปทุมธานี,007,ทป3,83608.00
2567,ปทุมธานี,007,อส10,21050649.00
2567,ปทุมธานี,007,อส10.1,130977.00
2567,ปทุมธานี,007,อส4,62750729.50
2567,ปทุมธานี,007,อส4ก,649068.00
2567,ปทุมธานี,007,อส4ข,8392265.79
2567,ปทุมธานี,007,อส9,64875599.00
2567,ปทุมธานี,010,รบ1,22.50
2567,ปทุมธานี,011,ป2,5664900.00
2567,ปทุมธานี,015,รบ1,8968.81
2567,ปทุมธานี,999,รบ1,0.01
2567,ประจวบคีรีขันธ์,001,ทป3,48183328.43
2567,ประจวบคีรีขันธ์,001,ป2,1564900.00
2567,ประจวบคีรีขันธ์,001,ภงด1,197999774.92
2567,ประจวบคีรีขันธ์,001,ภงด2,24002469.84
2567,ประจวบคีรีขันธ์,001,ภงด3,90137420.17
2567,ประจวบคีรีขันธ์,001,ภงด90,94757455.28
2567,ประจวบคีรีขันธ์,001,ภงด91,37819029.20
2567,ประจวบคีรีขันธ์,001,ภงด93,4070966.46
2567,ประจวบคีรีขันธ์,001,ภงด94,19728043.30
2567,ประจวบคีรีขันธ์,002,ทป3,24180631.80
2567,ประจวบคีรีขันธ์,002,ป2,776100.00
2567,ประจวบคีรีขันธ์,002,ภงด50,102305491.26
2567,ประจวบคีรีขันธ์,002,ภงด51,97722032.66
2567,ประจวบคีรีขันธ์,002,ภงด53,197988999.85
2567,ประจวบคีรีขันธ์,002,ภงด54,14010458.21
2567,ประจวบคีรีขันธ์,002,ภงด55,261228.27
2567,ประจวบคีรีขันธ์,005,ทป3,19727472.15
2567,ประจวบคีรีขันธ์,005,ป2,710800.00
2567,ประจวบคีรีขันธ์,005,ภพ30,1738527057.11
2567,ประจวบคีรีขันธ์,005,ภพ36,33524283.98
2567,ประจวบคีรีขันธ์,006,ทป3,692798.36
2567,ประจวบคีรีขันธ์,006,ป2,41900.00
2567,ประจวบคีรีขันธ์,006,ภธ40,30030951.95
2567,ประจวบคีรีขันธ์,007,ทป3,139345.00
2567,ประจวบคีรีขันธ์,007,อส10,6400230.29
2567,ประจวบคีรีขันธ์,007,อส10.1,46800.00
2567,ประจวบคีรีขันธ์,007,อส4,4914786.12
2567,ประจวบคีรีขันธ์,007,อส4ก,103020.00
2567,ประจวบคีรีขันธ์,007,อส4ข,364579.77
2567,ประจวบคีรีขันธ์,007,อส9,3150334.00
2567,ประจวบคีรีขันธ์,011,ป2,612500.00
2567,ปราจีนบุรี,001,ทป3,35516148.05
2567,ปราจีนบุรี,001,ป2,1701800.00
2567,ปราจีนบุรี,001,ภงด1,918485827.33
2567,ปราจีนบุรี,001,ภงด2,140597698.02
2567,ปราจีนบุรี,001,ภงด3,126760750.43
2567,ปราจีนบุรี,001,ภงด90,43354590.73
2567,ปราจีนบุรี,001,ภงด91,62477830.87
2567,ปราจีนบุรี,001,ภงด93,9600.00
2567,ปราจีนบุรี,001,ภงด94,8913230.21
2567,ปราจีนบุรี,002,ทป3,75572957.61
2567,ปราจีนบุรี,002,ป2,1047200.00
2567,ปราจีนบุรี,002,ภงด50,1013491907.76
2567,ปราจีนบุรี,002,ภงด51,1043327715.44
2567,ปราจีนบุรี,002,ภงด53,1006065520.99
2567,ปราจีนบุรี,002,ภงด54,1428265589.98
2567,ปราจีนบุรี,002,ภงด55,7776686.24
2567,ปราจีนบุรี,005,ทป3,22039801.92
2567,ปราจีนบุรี,005,ป2,792500.00
2567,ปราจีนบุรี,005,ภพ30,2477671907.59
2567,ปราจีนบุรี,005,ภพ36,297983113.59
2567,ปราจีนบุรี,006,ทป3,300000.00
2567,ปราจีนบุรี,006,ป2,9700.00
2567,ปราจีนบุรี,006,ภธ40,24478947.19
2567,ปราจีนบุรี,007,อส10,4677783.29
2567,ปราจีนบุรี,007,อส10.1,926698.00
2567,ปราจีนบุรี,007,อส4,2920658.75
2567,ปราจีนบุรี,007,อส4ก,74334.00
2567,ปราจีนบุรี,007,อส4ข,318496.25
2567,ปราจีนบุรี,007,อส9,8411178.00
2567,ปราจีนบุรี,011,ป2,726300.00
2567,ปราจีนบุรี,015,รบ1,0.50
2567,ปัตตานี,001,ทป3,25355720.36
2567,ปัตตานี,001,ป2,870100.00
2567,ปัตตานี,001,ภงด1,45158170.51
2567,ปัตตานี,001,ภงด2,37603361.95
2567,ปัตตานี,001,ภงด3,33706835.67
2567,ปัตตานี,001,ภงด90,21127713.38
2567,ปัตตานี,001,ภงด91,27930020.54
2567,ปัตตานี,001,ภงด93,2775871.65
2567,ปัตตานี,001,ภงด94,3889065.60
2567,ปัตตานี,002,ทป3,2129225.41
2567,ปัตตานี,002,ป2,188600.00
2567,ปัตตานี,002,ภงด50,24084457.74
2567,ปัตตานี,002,ภงด51,22892472.36
2567,ปัตตานี,002,ภงด53,60022288.67
2567,ปัตตานี,002,ภงด55,65278.73
2567,ปัตตานี,005,ทป3,31556068.43
2567,ปัตตานี,005,ป2,213700.00
2567,ปัตตานี,005,ภพ30,433469417.39
2567,ปัตตานี,005,ภพ36,694770.00
2567,ปัตตานี,006,ทป3,572377.72
2567,ปัตตานี,006,ป2,12200.00
2567,ปัตตานี,006,ภธ40,23961007.45
2567,ปัตตานี,007,อส10,3407568.29
2567,ปัตตานี,007,อส10.1,41933.00
2567,ปัตตานี,007,อส4,4056632.00
2567,ปัตตานี,007,อส4ก,54015.00
2567,ปัตตานี,007,อส4ข,1316712.00
2567,ปัตตานี,007,อส9,927300.00
2567,ปัตตานี,011,ป2,278900.00
2567,ปัตตานี,015,รบ1,1.60
2567,ปัตตานี,999,รบ1,0.02
2567,พระนครศรีอยุธยา,001,ทป3,103201727.17
2567,พระนครศรีอยุธยา,001,ป2,2664100.00
2567,พระนครศรีอยุธยา,001,ภงด1,3584770255.42
2567,พระนครศรีอยุธยา,001,ภงด2,224806270.31
2567,พระนครศรีอยุธยา,001,ภงด3,259784866.32
2567,พระนครศรีอยุธยา,001,ภงด90,129508183.03
2567,พระนครศรีอยุธยา,001,ภงด91,233483879.77
2567,พระนครศรีอยุธยา,001,ภงด93,6897380.38
2567,พระนครศรีอยุธยา,001,ภงด94,26134150.88
2567,พระนครศรีอยุธยา,002,ทป3,140784538.79
2567,พระนครศรีอยุธยา,002,ป2,2458800.00
2567,พระนครศรีอยุธยา,002,ภงด50,4805474750.07
2567,พระนครศรีอยุธยา,002,ภงด51,3342080127.46
2567,พระนครศรีอยุธยา,002,ภงด53,2353647222.27
2567,พระนครศรีอยุธยา,002,ภงด54,5012606627.33
2567,พระนครศรีอยุธยา,002,ภงด55,2036753.11
2567,พระนครศรีอยุธยา,005,ทป3,71493170.23
2567,พระนครศรีอยุธยา,005,ป2,1367900.00
2567,พระนครศรีอยุธยา,005,ภพ30,7864718420.79
2567,พระนครศรีอยุธยา,005,ภพ30.2,60544.62
2567,พระนครศรีอยุธยา,005,ภพ36,1651742502.31
2567,พระนครศรีอยุธยา,006,ทป3,812696.56
2567,พระนครศรีอยุธยา,006,ป2,26500.00
2567,พระนครศรีอยุธยา,006,ภธ40,56855895.14
2567,พระนครศรีอยุธยา,007,ทป3,1860447.50
2567,พระนครศรีอยุธยา,007,อส10,13906357.37
2567,พระนครศรีอยุธยา,007,อส10.1,762993.00
2567,พระนครศรีอยุธยา,007,อส4,40646002.00
2567,พระนครศรีอยุธยา,007,อส4ก,174890.50
2567,พระนครศรีอยุธยา,007,อส4ข,16772216.00
2567,พระนครศรีอยุธยา,007,อส9,29372871.00
2567,พระนครศรีอยุธยา,010,รบ1,4.50
2567,พระนครศรีอยุธยา,011,ป2,1750300.00
2567,พระนครศรีอยุธยา,015,รบ1,1.00
2567,พะเยา,001,ทป3,22698251.68
2567,พะเยา,001,ป2,1070100.00
2567,พะเยา,001,ภงด1,70538823.96
2567,พะเยา,001,ภงด2,10406838.00
2567,พะเยา,001,ภงด3,22175611.98
2567,พะเยา,001,ภงด90,29398145.50
2567,พะเยา,001,ภงด91,20067014.36
2567,พะเยา,001,ภงด93,159119.00
2567,พะเยา,001,ภงด94,5369750.89
2567,พะเยา,002,ทป3,7777045.83
2567,พะเยา,002,ป2,282900.00
2567,พะเยา,002,ภงด50,35073082.40
2567,พะเยา,002,ภงด51,26617044.99
2567,พะเยา,002,ภงด53,45082376.71
2567,พะเยา,002,ภงด54,5625.00
2567,พะเยา,002,ภงด55,123983.20
2567,พะเยา,005,ทป3,16060553.98
2567,พะเยา,005,ป2,301200.00
2567,พะเยา,005,ภพ30,281925332.16
2567,พะเยา,005,ภพ30.2,19403.09
2567,พะเยา,005,ภพ36,1477890.65
2567,พะเยา,006,ทป3,651167.33
2567,พะเยา,006,ป2,9100.00
2567,พะเยา,006,ภธ40,21180128.91
2567,พะเยา,007,อส10,2060323.65
2567,พะเยา,007,อส10.1,736459.00
2567,พะเยา,007,อส4,2557218.50
2567,พะเยา,007,อส4ก,34008.00
2567,พะเยา,007,อส4ข,1052662.85
2567,พะเยา,007,อส9,1886606.00
2567,พะเยา,011,ป2,332100.00
2567,พังงา,001,ทป3,24787637.17
2567,พังงา,001,ป2,891100.00
2567,พังงา,001,ภงด1,111680498.85
2567,พังงา,001,ภงด2,29194852.32
2567,พังงา,001,ภงด3,40105625.80
2567,พังงา,001,ภงด90,27211706.62
2567,พังงา,001,ภงด91,14754662.78
2567,พังงา,001,ภงด93,1043752.49
2567,พังงา,001,ภงด94,7574282.93
2567,พังงา,002,ทป3,1738341.67
2567,พังงา,002,ป2,558600.00
2567,พังงา,002,ภงด50,50049857.55
2567,พังงา,002,ภงด51,50807990.45
2567,พังงา,002,ภงด53,109382079.11
2567,พังงา,002,ภงด54,34468770.38
2567,พังงา,002,ภงด55,220922.16
2567,พังงา,005,ทป3,16862925.85
2567,พังงา,005,ป2,268000.00
2567,พังงา,005,ภพ30,775744863.49
2567,พังงา,005,ภพ36,21282069.20
2567,พังงา,006,ทป3,140792.96
2567,พังงา,006,ป2,11300.00
2567,พังงา,006,ภธ40,11628876.36
2567,พังงา,007,อส10,2020539.10
2567,พังงา,007,อส10.1,128239.00
2567,พังงา,007,อส4,1090846.00
2567,พังงา,007,อส4ก,72980.44
2567,พังงา,007,อส4ข,284847.95
2567,พังงา,007,อส9,1449870.00
2567,พังงา,009,รบ1,11800.00
2567,พังงา,011,ป2,428100.00
2567,พังงา,015,รบ1,3600.00
2567,พัทลุง,001,ทป3,30549057.13
2567,พัทลุง,001,ป2,901800.00
2567,พัทลุง,001,ภงด1,23557231.75
2567,พัทลุง,001,ภงด2,7893992.44
2567,พัทลุง,001,ภงด3,31402960.33
2567,พัทลุง,001,ภงด90,35016320.58
2567,พัทลุง,001,ภงด91,23650903.44
2567,พัทลุง,001,ภงด94,8307263.96
2567,พัทลุง,002,ทป3,5181382.44
2567,พัทลุง,002,ป2,314700.00
2567,พัทลุง,002,ภงด50,36715105.20
2567,พัทลุง,002,ภงด51,25158560.66
2567,พัทลุง,002,ภงด53,47826222.03
2567,พัทลุง,002,ภงด55,397561.67
2567,พัทลุง,005,ทป3,17928434.94
2567,พัทลุง,005,ป2,314800.00
2567,พัทลุง,005,ภพ30,395144396.28
2567,พัทลุง,005,ภพ36,1357455.95
2567,พัทลุง,006,ทป3,233520.04
2567,พัทลุง,006,ป2,15900.00
2567,พัทลุง,006,ภธ40,24059498.09
2567,พัทลุง,007,อส10,2661922.50
2567,พัทลุง,007,อส10.1,26582.00
2567,พัทลุง,007,อส4,2438266.25
2567,พัทลุง,007,อส4ก,44216.70
2567,พัทลุง,007,อส4ข,662881.50
2567,พัทลุง,007,อส9,3424529.00
2567,พัทลุง,010,รบ1,3.00
2567,พัทลุง,011,ป2,590800.00
2567,พิจิตร,001,ทป3,40772269.17
2567,พิจิตร,001,ป2,1266800.00
2567,พิจิตร,001,ภงด1,63670793.81
2567,พิจิตร,001,ภงด2,35363642.18
2567,พิจิตร,001,ภงด3,36415847.19
2567,พิจิตร,001,ภงด90,51272734.76
2567,พิจิตร,001,ภงด91,20447698.20
2567,พิจิตร,001,ภงด93,9560.00
2567,พิจิตร,001,ภงด94,12287314.71
2567,พิจิตร,002,ทป3,7153775.54
2567,พิจิตร,002,ป2,376200.00
2567,พิจิตร,002,ภงด50,78977022.67
2567,พิจิตร,002,ภงด51,71853224.77
2567,พิจิตร,002,ภงด53,138877379.83
2567,พิจิตร,002,ภงด54,1498817.64
2567,พิจิตร,002,ภงด55,300303.07
2567,พิจิตร,005,ทป3,20218703.60
2567,พิจิตร,005,ป2,301000.00
2567,พิจิตร,005,ภพ30,376949576.74
2567,พิจิตร,005,ภพ36,7821678.44
2567,พิจิตร,006,ทป3,778893.60
2567,พิจิตร,006,ป2,11100.00
2567,พิจิตร,006,ภธ40,20081611.91
2567,พิจิตร,007,อส10,4595336.20
2567,พิจิตร,007,อส10.1,278158.00
2567,พิจิตร,007,อส4,910400.79
2567,พิจิตร,007,อส4ก,35208.00
2567,พิจิตร,007,อส4ข,692072.08
2567,พิจิตร,007,อส9,2916679.00
2567,พิจิตร,009,รบ1,2030.00
2567,พิจิตร,011,ป2,373900.00
2567,พิจิตร,015,รบ1,400.00
2567,พิษณุโลก,001,ทป3,83917807.27
2567,พิษณุโลก,001,ป2,1953600.00
2567,พิษณุโลก,001,ภงด1,245170130.29
2567,พิษณุโลก,001,ภงด2,35245445.19
2567,พิษณุโลก,001,ภงด3,94430924.60
2567,พิษณุโลก,001,ภงด90,114106298.10
2567,พิษณุโลก,001,ภงด91,47311296.15
2567,พิษณุโลก,001,ภงด93,25807369.16
2567,พิษณุโลก,001,ภงด94,20974769.19
2567,พิษณุโลก,002,ทป3,5442047.54
2567,พิษณุโลก,002,ป2,812000.00
2567,พิษณุโลก,002,ภงด50,152791801.85
2567,พิษณุโลก,002,ภงด51,140476686.98
2567,พิษณุโลก,002,ภงด53,193653861.82
2567,พิษณุโลก,002,ภงด54,526402.29
2567,พิษณุโลก,002,ภงด55,495730.73
2567,พิษณุโลก,005,ทป3,50112376.83
2567,พิษณุโลก,005,ป2,851300.00
2567,พิษณุโลก,005,ภพ30,1194631278.68
2567,พิษณุโลก,005,ภพ30.2,564.88
2567,พิษณุโลก,005,ภพ36,61009319.93
2567,พิษณุโลก,006,ทป3,1291352.43
2567,พิษณุโลก,006,ป2,27000.00
2567,พิษณุโลก,006,ภธ40,56390107.45
2567,พิษณุโลก,007,อส10,8930111.00
2567,พิษณุโลก,007,อส10.1,1901578.00
2567,พิษณุโลก,007,อส4,6712535.50
2567,พิษณุโลก,007,อส4ก,101999.08
2567,พิษณุโลก,007,อส4ข,11304406.30
2567,พิษณุโลก,007,อส9,5890401.00
2567,พิษณุโลก,011,ป2,556800.00
2567,พิษณุโลก,015,รบ1,54.02
2567,เพชรบุรี,001,ทป3,46353449.09
2567,เพชรบุรี,001,ป2,967000.00
2567,เพชรบุรี,001,ภงด1,202887504.28
2567,เพชรบุรี,001,ภงด2,42947152.77
2567,เพชรบุรี,001,ภงด3,53554050.40
2567,เพชรบุรี,001,ภงด90,72918254.27
2567,เพชรบุรี,001,ภงด91,29775013.15
2567,เพชรบุรี,001,ภงด93,246894.00
2567,เพชรบุรี,001,ภงด94,26972211.18
2567,เพชรบุรี,002,ทป3,10402788.44
2567,เพชรบุรี,002,ป2,751500.00
2567,เพชรบุรี,002,ภงด50,130735893.29
2567,เพชรบุรี,002,ภงด51,119874297.05
2567,เพชรบุรี,002,ภงด53,166975308.20
2567,เพชรบุรี,002,ภงด54,77210578.93
2567,เพชรบุรี,002,ภงด55,352105.24
2567,เพชรบุรี,005,ทป3,13653291.25
2567,เพชรบุรี,005,ป2,427300.00
2567,เพชรบุรี,005,ภพ30,815405264.31
2567,เพชรบุรี,005,ภพ36,28482704.72
2567,เพชรบุรี,006,ทป3,3886304.51
2567,เพชรบุรี,006,ป2,8000.00
2567,เพชรบุรี,006,ภธ40,31570777.60
2567,เพชรบุรี,007,อส10,5708637.53
2567,เพชรบุรี,007,อส10.1,256678.00
2567,เพชรบุรี,007,อส4,4885344.36
2567,เพชรบุรี,007,อส4ก,64547.00
2567,เพชรบุรี,007,อส4ข,1039656.24
2567,เพชรบุรี,007,อส9,5020981.00
2567,เพชรบุรี,010,รบ1,1.50
2567,เพชรบุรี,011,ป2,975100.00
2567,เพชรบูรณ์,001,ทป3,43050545.85
2567,เพชรบูรณ์,001,ป2,1538400.00
2567,เพชรบูรณ์,001,ภงด1,51169513.59
2567,เพชรบูรณ์,001,ภงด2,24407170.87
2567,เพชรบูรณ์,001,ภงด3,53099643.17
2567,เพชรบูรณ์,001,ภงด90,62003690.76
2567,เพชรบูรณ์,001,ภงด91,30037762.22
2567,เพชรบูรณ์,001,ภงด93,66297417.06
2567,เพชรบูรณ์,001,ภงด94,15941712.55
2567,เพชรบูรณ์,002,ทป3,13385989.53
2567,เพชรบูรณ์,002,ป2,516200.00
2567,เพชรบูรณ์,002,ภงด50,94414376.54
2567,เพชรบูรณ์,002,ภงด51,73170058.04
2567,เพชรบูรณ์,002,ภงด53,83416709.48
2567,เพชรบูรณ์,002,ภงด54,923474.99
2567,เพชรบูรณ์,002,ภงด55,577525.91
2567,เพชรบูรณ์,005,ทป3,19617856.59
2567,เพชรบูรณ์,005,ป2,466700.00
2567,เพชรบูรณ์,005,ภพ30,633830814.12
2567,เพชรบูรณ์,005,ภพ36,4477770.44
2567,เพชรบูรณ์,006,ทป3,16346.62
2567,เพชรบูรณ์,006,ป2,16900.00
2567,เพชรบูรณ์,006,ภธ40,34306766.08
2567,เพชรบูรณ์,007,อส10,7192971.95
2567,เพชรบูรณ์,007,อส10.1,90499.00
2567,เพชรบูรณ์,007,อส4,2774805.00
2567,เพชรบูรณ์,007,อส4ก,58161.00
2567,เพชรบูรณ์,007,อส4ข,2298512.50
2567,เพชรบูรณ์,007,อส9,5204215.00
2567,เพชรบูรณ์,010,รบ1,0.50
2567,เพชรบูรณ์,011,ป2,477900.00
2567,เพชรบูรณ์,015,รบ1,1.00
2567,แพร่,001,ทป3,24042171.33
2567,แพร่,001,ป2,825600.00
2567,แพร่,001,ภงด1,55849952.76
2567,แพร่,001,ภงด2,16067259.09
2567,แพร่,001,ภงด3,29132884.13
2567,แพร่,001,ภงด90,30893427.84
2567,แพร่,001,ภงด91,12197387.24
2567,แพร่,001,ภงด93,106090.00
2567,แพร่,001,ภงด94,6172225.92
2567,แพร่,002,ทป3,3355946.73
2567,แพร่,002,ป2,234700.00
2567,แพร่,002,ภงด50,42919650.09
2567,แพร่,002,ภงด51,36893864.39
2567,แพร่,002,ภงด53,62295951.20
2567,แพร่,002,ภงด54,590.67
2567,แพร่,002,ภงด55,179823.00
2567,แพร่,005,ทป3,8902891.80
2567,แพร่,005,ป2,291300.00
2567,แพร่,005,ภพ30,449575716.64
2567,แพร่,005,ภพ36,2840331.74
2567,แพร่,006,ทป3,234024.04
2567,แพร่,006,ป2,14200.00
2567,แพร่,006,ภธ40,21499804.87
2567,แพร่,007,อส10,2634244.88
2567,แพร่,007,อส10.1,273589.00
2567,แพร่,007,อส4,1130200.00
2567,แพร่,007,อส4ก,23388.00
2567,แพร่,007,อส4ข,623236.29
2567,แพร่,007,อส9,2467268.00
2567,แพร่,011,ป2,340000.00
2567,ภูเก็ต,001,ทป3,216366112.43
2567,ภูเก็ต,001,ป2,4211900.00
2567,ภูเก็ต,001,ภงด1,1630299324.97
2567,ภูเก็ต,001,ภงด2,350136094.08
2567,ภูเก็ต,001,ภงด3,474480067.56
2567,ภูเก็ต,001,ภงด90,247477952.50
2567,ภูเก็ต,001,ภงด91,77841974.95
2567,ภูเก็ต,001,ภงด93,20635929.50
2567,ภูเก็ต,001,ภงด94,65054356.32
2567,ภูเก็ต,002,ทป3,100953515.14
2567,ภูเก็ต,002,ป2,5390500.00
2567,ภูเก็ต,002,ภงด50,1830648074.71
2567,ภูเก็ต,002,ภงด51,1441430201.82
2567,ภูเก็ต,002,ภงด52,6663933.24
2567,ภูเก็ต,002,ภงด53,1691253536.76
2567,ภูเก็ต,002,ภงด54,249333694.43
2567,ภูเก็ต,002,ภงด55,1227373.26
2567,ภูเก็ต,005,ทป3,89307532.47
2567,ภูเก็ต,005,ป2,1683000.00
2567,ภูเก็ต,005,ภพ30,7182499287.60
2567,ภูเก็ต,005,ภพ30.2,1479487.42
2567,ภูเก็ต,005,ภพ36,353172648.87
2567,ภูเก็ต,006,ทป3,12550656.64
2567,ภูเก็ต,006,ป2,149000.00
2567,ภูเก็ต,006,ภธ40,90534110.23
2567,ภูเก็ต,007,อส10,12328506.00
2567,ภูเก็ต,007,อส10.1,336444.00
2567,ภูเก็ต,007,อส4,34338486.00
2567,ภูเก็ต,007,อส4ก,562912.00
2567,ภูเก็ต,007,อส4ข,3292440.00
2567,ภูเก็ต,007,อส9,12583411.00
2567,ภูเก็ต,010,รบ1,2.50
2567,ภูเก็ต,011,ป2,2259710.00
2567,ภูเก็ต,015,รบ1,0.50
2567,มหาสารคาม,001,ทป3,48081527.30
2567,มหาสารคาม,001,ป2,1744300.00
2567,มหาสารคาม,001,ภงด1,89221513.23
2567,มหาสารคาม,001,ภงด2,14833308.99
2567,มหาสารคาม,001,ภงด3,45053009.46
2567,มหาสารคาม,001,ภงด90,62347027.81
2567,มหาสารคาม,001,ภงด91,32530753.57
2567,มหาสารคาม,001,ภงด93,7273974.46
2567,มหาสารคาม,001,ภงด94,16668907.31
2567,มหาสารคาม,002,ทป3,7605368.37
2567,มหาสารคาม,002,ป2,365500.00
2567,มหาสารคาม,002,ภงด50,72239098.55
2567,มหาสารคาม,002,ภงด51,48087390.33
2567,มหาสารคาม,002,ภงด53,67519673.89
2567,มหาสารคาม,002,ภงด54,20558.10
2567,มหาสารคาม,002,ภงด55,344588.02
2567,มหาสารคาม,005,ทป3,14921316.99
2567,มหาสารคาม,005,ป2,689200.00
2567,มหาสารคาม,005,ภพ30,619869425.92
2567,มหาสารคาม,005,ภพ36,2583594.78
2567,มหาสารคาม,006,ทป3,60791.41
2567,มหาสารคาม,006,ป2,21000.00
2567,มหาสารคาม,006,ภธ40,46805115.56
2567,มหาสารคาม,007,อส10,5884214.00
2567,มหาสารคาม,007,อส10.1,1250155.00
2567,มหาสารคาม,007,อส4,2884891.00
2567,มหาสารคาม,007,อส4ก,47882.92
2567,มหาสารคาม,007,อส4ข,902734.74
2567,มหาสารคาม,007,อส9,5182043.00
2567,มหาสารคาม,010,รบ1,0.50
2567,มหาสารคาม,011,ป2,529400.00
2567,มหาสารคาม,015,รบ1,0.29
2567,มุกดาหาร,001,ทป3,22436489.62
2567,มุกดาหาร,001,ป2,716300.00
2567,มุกดาหาร,001,ภงด1,24685187.64
2567,มุกดาหาร,001,ภงด2,47867964.58
2567,มุกดาหาร,001,ภงด3,21832784.13
2567,มุกดาหาร,001,ภงด90,21009001.62
2567,มุกดาหาร,001,ภงด91,14464124.69
2567,มุกดาหาร,001,ภงด93,14040704.80
2567,มุกดาหาร,001,ภงด94,5956422.43
2567,มุกดาหาร,002,ทป3,7012773.98
2567,มุกดาหาร,002,ป2,225500.00
2567,มุกดาหาร,002,ภงด50,124572628.79
2567,มุกดาหาร,002,ภงด51,113083815.00
2567,มุกดาหาร,002,ภงด53,47932394.83
2567,มุกดาหาร,002,ภงด54,760647.19
2567,มุกดาหาร,002,ภงด55,53982.94
2567,มุกดาหาร,005,ทป3,13346225.61
2567,มุกดาหาร,005,ป2,246400.00
2567,มุกดาหาร,005,ภพ30,364556302.31
2567,มุกดาหาร,005,ภพ30.2,1283806.28
2567,มุกดาหาร,005,ภพ36,327868.55
2567,มุกดาหาร,006,ทป3,36467.22
2567,มุกดาหาร,006,ป2,18400.00
2567,มุกดาหาร,006,ภธ40,20296465.88
2567,มุกดาหาร,007,อส10,2793315.85
2567,มุกดาหาร,007,อส10.1,64145.00
2567,มุกดาหาร,007,อส4,568224.00
2567,มุกดาหาร,007,อส4ก,19863.00
2567,มุกดาหาร,007,อส4ข,2649791.00
2567,มุกดาหาร,007,อส9,2029406.00
2567,มุกดาหาร,011,ป2,310600.00
2567,แม่ฮ่องสอน,001,ทป3,12226060.93
2567,แม่ฮ่องสอน,001,ป2,445400.00
2567,แม่ฮ่องสอน,001,ภงด1,11830558.66
2567,แม่ฮ่องสอน,001,ภงด2,3326577.65
2567,แม่ฮ่องสอน,001,ภงด3,11590380.94
2567,แม่ฮ่องสอน,001,ภงด90,14752697.40
2567,แม่ฮ่องสอน,001,ภงด91,6572311.13
2567,แม่ฮ่องสอน,001,ภงด93,1338390.64
2567,แม่ฮ่องสอน,001,ภงด94,5045795.85
2567,แม่ฮ่องสอน,002,ทป3,1613395.26
2567,แม่ฮ่องสอน,002,ป2,144200.00
2567,แม่ฮ่องสอน,002,ภงด50,8902507.00
2567,แม่ฮ่องสอน,002,ภงด51,4236846.13
2567,แม่ฮ่องสอน,002,ภงด53,11145184.79
2567,แม่ฮ่องสอน,002,ภงด55,49817.70
2567,แม่ฮ่องสอน,005,ทป3,3712270.13
2567,แม่ฮ่องสอน,005,ป2,87000.00
2567,แม่ฮ่องสอน,005,ภพ30,82396801.58
2567,แม่ฮ่องสอน,005,ภพ36,132492.09
2567,แม่ฮ่องสอน,006,ทป3,1300.00
2567,แม่ฮ่องสอน,006,ป2,4600.00
2567,แม่ฮ่องสอน,006,ภธ40,12467555.42
2567,แม่ฮ่องสอน,007,อส10,1591086.15
2567,แม่ฮ่องสอน,007,อส10.1,15985.00
2567,แม่ฮ่องสอน,007,อส4,787452.70
2567,แม่ฮ่องสอน,007,อส4ก,8529.00
2567,แม่ฮ่องสอน,007,อส4ข,143776.14
2567,แม่ฮ่องสอน,007,อส9,475842.00
2567,แม่ฮ่องสอน,009,รบ1,1300.50
2567,แม่ฮ่องสอน,011,ป2,145500.00
2567,แม่ฮ่องสอน,015,รบ1,0.50
2567,ยโสธร,001,ทป3,23609076.55
2567,ยโสธร,001,ป2,804100.00
2567,ยโสธร,001,ภงด1,19595959.06
2567,ยโสธร,001,ภงด2,7578599.29
2567,ยโสธร,001,ภงด3,19761710.30
2567,ยโสธร,001,ภงด90,34263856.77
2567,ยโสธร,001,ภงด91,19821239.92
2567,ยโสธร,001,ภงด93,3341151.34
2567,ยโสธร,001,ภงด94,6557081.72
2567,ยโสธร,002,ทป3,2101271.62
2567,ยโสธร,002,ป2,267400.00
2567,ยโสธร,002,ภงด50,60104138.44
2567,ยโสธร,002,ภงด51,40030275.52
2567,ยโสธร,002,ภงด53,52724290.54
2567,ยโสธร,002,ภงด54,117369.00
2567,ยโสธร,002,ภงด55,414638.78
2567,ยโสธร,005,ทป3,3143978.97
2567,ยโสธร,005,ป2,387900.00
2567,ยโสธร,005,ภพ30,353797003.66
2567,ยโสธร,005,ภพ36,2089481.51
2567,ยโสธร,006,ทป3,50032.13
2567,ยโสธร,006,ป2,20100.00
2567,ยโสธร,006,ภธ40,29636354.01
2567,ยโสธร,007,อส10,3176949.00
2567,ยโสธร,007,อส10.1,526974.00
2567,ยโสธร,007,อส4,1354901.60
2567,ยโสธร,007,อส4ก,37410.00
2567,ยโสธร,007,อส4ข,537048.30
2567,ยโสธร,007,อส9,5719493.00
2567,ยโสธร,011,ป2,291300.00
2567,ยะลา,001,ทป3,22698715.84
2567,ยะลา,001,ป2,689300.00
2567,ยะลา,001,ภงด1,38869888.33
2567,ยะลา,001,ภงด2,19058836.90
2567,ยะลา,001,ภงด3,28034157.51
2567,ยะลา,001,ภงด90,19930900.25
2567,ยะลา,001,ภงด91,21692788.40
2567,ยะลา,001,ภงด93,2219076.23
2567,ยะลา,001,ภงด94,4008873.11
2567,ยะลา,002,ทป3,1578880.55
2567,ยะลา,002,ป2,453500.00
2567,ยะลา,002,ภงด50,13318209.86
2567,ยะลา,002,ภงด51,12322486.74
2567,ยะลา,002,ภงด52,9000.00
2567,ยะลา,002,ภงด53,59706220.20
2567,ยะลา,002,ภงด55,110240.87
2567,ยะลา,005,ทป3,31160482.02
2567,ยะลา,005,ป2,192700.00
2567,ยะลา,005,ภพ30,418840823.95
2567,ยะลา,005,ภพ36,496695.34
2567,ยะลา,006,ทป3,1891016.48
2567,ยะลา,006,ป2,5600.00
2567,ยะลา,006,ภธ40,30507133.16
2567,ยะลา,007,อส10,2999288.50
2567,ยะลา,007,อส4,5814312.00
2567,ยะลา,007,อส4ก,34158.90
2567,ยะลา,007,อส4ข,1442864.29
2567,ยะลา,007,อส9,1385958.00
2567,ยะลา,009,รบ1,166.60
2567,ยะลา,010,รบ1,4.00
2567,ยะลา,011,ป2,362100.00
2567,ยะลา,015,รบ1,4.00
2567,ร้อยเอ็ด,001,ทป3,66389869.51
2567,ร้อยเอ็ด,001,ป2,2016900.00
2567,ร้อยเอ็ด,001,ภงด1,86539920.59
2567,ร้อยเอ็ด,001,ภงด2,67995527.12
2567,ร้อยเอ็ด,001,ภงด3,63148195.89
2567,ร้อยเอ็ด,001,ภงด90,61363202.22
2567,ร้อยเอ็ด,001,ภงด91,43465746.63
2567,ร้อยเอ็ด,001,ภงด93,456065.00
2567,ร้อยเอ็ด,001,ภงด94,18861263.56
2567,ร้อยเอ็ด,002,ทป3,9767458.01
2567,ร้อยเอ็ด,002,ป2,652400.00
2567,ร้อยเอ็ด,002,ภงด50,355180430.53
2567,ร้อยเอ็ด,002,ภงด51,392705153.16
2567,ร้อยเอ็ด,002,ภงด53,117939557.37
2567,ร้อยเอ็ด,002,ภงด54,4429060.89
2567,ร้อยเอ็ด,002,ภงด55,731543.29
2567,ร้อยเอ็ด,005,ทป3,24805016.50
2567,ร้อยเอ็ด,005,ป2,977700.00
2567,ร้อยเอ็ด,005,ภพ30,1140598293.24
2567,ร้อยเอ็ด,005,ภพ36,4323168.18
2567,ร้อยเอ็ด,006,ทป3,152105.00
2567,ร้อยเอ็ด,006,ป2,33200.00
2567,ร้อยเอ็ด,006,ภธ40,61095632.95
2567,ร้อยเอ็ด,007,อส10,7954916.40
2567,ร้อยเอ็ด,007,อส10.1,823089.00
2567,ร้อยเอ็ด,007,อส4,3549129.30
2567,ร้อยเอ็ด,007,อส4ก,89154.00
2567,ร้อยเอ็ด,007,อส4ข,3856042.22
2567,ร้อยเอ็ด,007,อส9,4828662.00
2567,ร้อยเอ็ด,010,รบ1,1.00
2567,ร้อยเอ็ด,011,ป2,1413904.10
2567,ร้อยเอ็ด,015,รบ1,1.99
2567,ร้อยเอ็ด,999,รบ1,0.20
2567,ระนอง,001,ทป3,25231582.09
2567,ระนอง,001,ป2,311500.00
2567,ระนอง,001,ภงด1,11715296.15
2567,ระนอง,001,ภงด2,13256744.48
2567,ระนอง,001,ภงด3,13112528.90
2567,ระนอง,001,ภงด90,26340714.26
2567,ระนอง,001,ภงด91,7082462.23
2567,ระนอง,001,ภงด93,22997531.70
2567,ระนอง,001,ภงด94,9271366.85
2567,ระนอง,002,ทป3,7213767.01
2567,ระนอง,002,ป2,324600.00
2567,ระนอง,002,ภงด50,42140689.46
2567,ระนอง,002,ภงด51,36620984.51
2567,ระนอง,002,ภงด53,23275880.72
2567,ระนอง,002,ภงด54,725.98
2567,ระนอง,002,ภงด55,116867.96
2567,ระนอง,005,ทป3,9396833.20
2567,ระนอง,005,ป2,156800.00
2567,ระนอง,005,ภพ30,232925500.30
2567,ระนอง,005,ภพ30.2,28870.00
2567,ระนอง,005,ภพ36,379741.88
2567,ระนอง,006,ทป3,55051.20
2567,ระนอง,006,ป2,7700.00
2567,ระนอง,006,ภธ40,7807345.29
2567,ระนอง,007,อส10,1548965.00
2567,ระนอง,007,อส10.1,355652.00
2567,ระนอง,007,อส4,1529810.95
2567,ระนอง,007,อส4ก,57222.00
2567,ระนอง,007,อส4ข,180436.00
2567,ระนอง,007,อส9,558531.00
2567,ระนอง,011,ป2,409500.00
2567,ระยอง,001,ทป3,249200034.04
2567,ระยอง,001,ป2,3234600.00
2567,ระยอง,001,ภงด1,7302210804.48
2567,ระยอง,001,ภงด2,242971168.24
2567,ระยอง,001,ภงด3,493493124.85
2567,ระยอง,001,ภงด90,206589335.66
2567,ระยอง,001,ภงด91,573764058.07
2567,ระยอง,001,ภงด93,4219897.85
2567,ระยอง,001,ภงด94,44789448.84
2567,ระยอง,002,ทป3,41388318.82
2567,ระยอง,002,ป2,4676200.00
2567,ระยอง,002,ภงด50,9259966668.29
2567,ระยอง,002,ภงด51,7911429390.39
2567,ระยอง,002,ภงด52,6322824.30
2567,ระยอง,002,ภงด53,5336231204.79
2567,ระยอง,002,ภงด54,10066531864.07
2567,ระยอง,002,ภงด55,656122.64
2567,ระยอง,005,ทป3,95524850.27
2567,ระยอง,005,ป2,2376000.00
2567,ระยอง,005,ภพ30,13290969157.13
2567,ระยอง,005,ภพ30.2,1482941.01
2567,ระยอง,005,ภพ36,3319789097.91
2567,ระยอง,006,ทป3,1254035.09
2567,ระยอง,006,ป2,74800.00
2567,ระยอง,006,ภธ40,133931056.72
2567,ระยอง,007,อส10,22568563.20
2567,ระยอง,007,อส10.1,495641.00
2567,ระยอง,007,อส4,35688656.60
2567,ระยอง,007,อส4ก,283758.00
2567,ระยอง,007,อส4ข,6929676.50
2567,ระยอง,007,อส9,85915228.00
2567,ระยอง,010,รบ1,16.00
2567,ระยอง,011,ป2,2149100.00
2567,ระยอง,015,รบ1,2.45
2567,ราชบุรี,001,ทป3,82613890.72
2567,ราชบุรี,001,ป2,1834600.00
2567,ราชบุรี,001,ภงด1,285079898.66
2567,ราชบุรี,001,ภงด2,146617607.29
2567,ราชบุรี,001,ภงด3,121442054.11
2567,ราชบุรี,001,ภงด90,118731930.43
2567,ราชบุรี,001,ภงด91,56306611.51
2567,ราชบุรี,001,ภงด93,16215731.99
2567,ราชบุรี,001,ภงด94,34677253.39
2567,ราชบุรี,002,ทป3,19543573.33
2567,ราชบุรี,002,ป2,1810500.00
2567,ราชบุรี,002,ภงด50,418415433.63
2567,ราชบุรี,002,ภงด51,368201788.44
2567,ราชบุรี,002,ภงด53,317994008.70
2567,ราชบุรี,002,ภงด54,24625275.39
2567,ราชบุรี,002,ภงด55,312214.13
2567,ราชบุรี,005,ทป3,26986187.09
2567,ราชบุรี,005,ป2,798700.00
2567,ราชบุรี,005,ภพ30,2070335494.77
2567,ราชบุรี,005,ภพ30.2,184379.66
2567,ราชบุรี,005,ภพ36,52091054.15
2567,ราชบุรี,006,ป2,20200.00
2567,ราชบุรี,006,ภธ40,54706786.53
2567,ราชบุรี,007,อส10,8920198.34
2567,ราชบุรี,007,อส10.1,344096.00
2567,ราชบุรี,007,อส4,5801371.50
2567,ราชบุรี,007,อส4ก,85218.00
2567,ราชบุรี,007,อส4ข,808564.48
2567,ราชบุรี,007,อส9,11800605.00
2567,ราชบุรี,009,รบ1,210.00
2567,ราชบุรี,010,รบ1,5.00
2567,ราชบุรี,011,ป2,1154900.00
2567,ลพบุรี,001,ทป3,55796035.41
2567,ลพบุรี,001,ป2,1118000.00
2567,ลพบุรี,001,ภงด1,81979820.69
2567,ลพบุรี,001,ภงด2,32739323.70
2567,ลพบุรี,001,ภงด3,74943814.34
2567,ลพบุรี,001,ภงด90,66495329.87
2567,ลพบุรี,001,ภงด91,36283667.82
2567,ลพบุรี,001,ภงด93,20358969.91
2567,ลพบุรี,001,ภงด94,19682563.54
2567,ลพบุรี,002,ทป3,6178849.65
2567,ลพบุรี,002,ป2,671100.00
2567,ลพบุรี,002,ภงด50,178087225.86
2567,ลพบุรี,002,ภงด51,169758656.10
2567,ลพบุรี,002,ภงด53,129333432.15
2567,ลพบุรี,002,ภงด54,25835486.97
2567,ลพบุรี,002,ภงด55,1049143.06
2567,ลพบุรี,005,ทป3,25239298.34
2567,ลพบุรี,005,ป2,656200.00
2567,ลพบุรี,005,ภพ30,1014599689.38
2567,ลพบุรี,005,ภพ36,18505039.86
2567,ลพบุรี,006,ทป3,155109.33
2567,ลพบุรี,006,ป2,109400.00
2567,ลพบุรี,006,ภธ40,39286865.60
2567,ลพบุรี,007,อส10,6025227.75
2567,ลพบุรี,007,อส10.1,188505.00
2567,ลพบุรี,007,อส4,6694006.25
2567,ลพบุรี,007,อส4ก,101016.00
2567,ลพบุรี,007,อส4ข,813198.50
2567,ลพบุรี,007,อส9,2277924.00
2567,ลพบุรี,010,รบ1,2.00
2567,ลพบุรี,011,ป2,819300.00
2567,ลำปาง,001,ทป3,61084512.07
2567,ลำปาง,001,ป2,1793800.00
2567,ลำปาง,001,ภงด1,124946827.43
2567,ลำปาง,001,ภงด2,47514266.70
2567,ลำปาง,001,ภงด3,59639559.68
2567,ลำปาง,001,ภงด90,69395465.63
2567,ลำปาง,001,ภงด91,35028666.75
2567,ลำปาง,001,ภงด93,7759923.04
2567,ลำปาง,001,ภงด94,22540078.89
2567,ลำปาง,002,ทป3,18587666.56
2567,ลำปาง,002,ป2,492200.00
2567,ลำปาง,002,ภงด50,102792343.40
2567,ลำปาง,002,ภงด51,77315306.31
2567,ลำปาง,002,ภงด53,165310777.40
2567,ลำปาง,002,ภงด54,33585.39
2567,ลำปาง,002,ภงด55,757681.87
2567,ลำปาง,005,ทป3,35553389.80
2567,ลำปาง,005,ป2,625500.00
2567,ลำปาง,005,ภพ30,1096516270.08
2567,ลำปาง,005,ภพ36,4147697.45
2567,ลำปาง,006,ทป3,90745.35
2567,ลำปาง,006,ป2,99200.00
2567,ลำปาง,006,ภธ40,33786643.13
2567,ลำปาง,007,อส10,6140139.30
2567,ลำปาง,007,อส10.1,429507.00
2567,ลำปาง,007,อส4,4001422.50
2567,ลำปาง,007,อส4ก,78516.00
2567,ลำปาง,007,อส4ข,1461758.73
2567,ลำปาง,007,อส9,7295306.00
2567,ลำปาง,010,รบ1,2.00
2567,ลำปาง,011,ป2,1054600.00
2567,ลำปาง,015,รบ1,129.80
2567,ลำพูน,001,ทป3,33248253.81
2567,ลำพูน,001,ป2,1083600.00
2567,ลำพูน,001,ภงด1,405321880.97
2567,ลำพูน,001,ภงด2,49379822.50
2567,ลำพูน,001,ภงด3,62979954.77
2567,ลำพูน,001,ภงด90,39868397.20
2567,ลำพูน,001,ภงด91,36592676.32
2567,ลำพูน,001,ภงด93,55670.00
2567,ลำพูน,001,ภงด94,9845596.71
2567,ลำพูน,002,ทป3,16210540.58
2567,ลำพูน,002,ป2,631800.00
2567,ลำพูน,002,ภงด50,618406497.25
2567,ลำพูน,002,ภงด51,476685773.80
2567,ลำพูน,002,ภงด53,226658265.47
2567,ลำพูน,002,ภงด54,469931127.56
2567,ลำพูน,002,ภงด55,227095.32
2567,ลำพูน,005,ทป3,25388814.74
2567,ลำพูน,005,ป2,356800.00
2567,ลำพูน,005,ภพ30,804720203.88
2567,ลำพูน,005,ภพ36,398575971.46
2567,ลำพูน,006,ทป3,599926.80
2567,ลำพูน,006,ป2,62300.00
2567,ลำพูน,006,ภธ40,23640095.33
2567,ลำพูน,007,อส10,3707825.00
2567,ลำพูน,007,อส10.1,810237.00
2567,ลำพูน,007,อส4,4669976.50
2567,ลำพูน,007,อส4ก,29481.00
2567,ลำพูน,007,อส4ข,1569859.50
2567,ลำพูน,007,อส9,4115480.00
2567,ลำพูน,010,รบ1,0.50
2567,ลำพูน,011,ป2,584000.00
2567,ลำพูน,015,รบ1,2300.00
2567,เลย,001,ทป3,39618343.30
2567,เลย,001,ป2,1306500.00
2567,เลย,001,ภงด1,36892214.93
2567,เลย,001,ภงด2,11866562.91
2567,เลย,001,ภงด3,51274481.20
2567,เลย,001,ภงด90,44163742.52
2567,เลย,001,ภงด91,21678564.42
2567,เลย,001,ภงด93,64227009.78
2567,เลย,001,ภงด94,12357639.42
2567,เลย,002,ทป3,11804581.89
2567,เลย,002,ป2,425400.00
2567,เลย,002,ภงด50,64924723.63
2567,เลย,002,ภงด51,55019222.32
2567,เลย,002,ภงด53,74229306.78
2567,เลย,002,ภงด54,112629.39
2567,เลย,002,ภงด55,282134.00
2567,เลย,005,ทป3,13318845.48
2567,เลย,005,ป2,494400.00
2567,เลย,005,ภพ30,615853458.83
2567,เลย,005,ภพ36,2493493.31
2567,เลย,006,ทป3,52387.25
2567,เลย,006,ป2,24200.00
2567,เลย,006,ภธ40,28867570.21
2567,เลย,007,อส10,4230308.17
2567,เลย,007,อส10.1,163613.00
2567,เลย,007,อส4,2466875.92
2567,เลย,007,อส4ก,65067.90
2567,เลย,007,อส4ข,915926.10
2567,เลย,007,อส9,3084437.00
2567,เลย,011,ป2,247600.00
2567,ศรีสะเกษ,001,ทป3,57687403.70
2567,ศรีสะเกษ,001,ป2,2191400.00
2567,ศรีสะเกษ,001,ภงด1,48008789.61
2567,ศรีสะเกษ,001,ภงด2,44980900.14
2567,ศรีสะเกษ,001,ภงด3,53836022.97
2567,ศรีสะเกษ,001,ภงด90,60830251.65
2567,ศรีสะเกษ,001,ภงด91,44183943.47
2567,ศรีสะเกษ,001,ภงด93,118622.00
2567,ศรีสะเกษ,001,ภงด94,20883714.51
2567,ศรีสะเกษ,002,ทป3,606875.53
2567,ศรีสะเกษ,002,ป2,820600.00
2567,ศรีสะเกษ,002,ภงด50,77022487.97
2567,ศรีสะเกษ,002,ภงด51,66540162.78
2567,ศรีสะเกษ,002,ภงด53,137257697.33
2567,ศรีสะเกษ,002,ภงด54,11063.22
2567,ศรีสะเกษ,002,ภงด55,514521.69
2567,ศรีสะเกษ,005,ทป3,15626352.79
2567,ศรีสะเกษ,005,ป2,796300.00
2567,ศรีสะเกษ,005,ภพ30,722158077.33
2567,ศรีสะเกษ,005,ภพ36,3966475.53
2567,ศรีสะเกษ,006,ป2,31200.00
2567,ศรีสะเกษ,006,ภธ40,56905908.64
2567,ศรีสะเกษ,007,อส10,6618315.82
2567,ศรีสะเกษ,007,อส10.1,482484.00
2567,ศรีสะเกษ,007,อส4,2030707.79
2567,ศรีสะเกษ,007,อส4ก,79533.00
2567,ศรีสะเกษ,007,อส4ข,1530693.00
2567,ศรีสะเกษ,007,อส9,8724905.00
2567,ศรีสะเกษ,010,รบ1,0.50
2567,ศรีสะเกษ,011,ป2,877900.00
2567,สกลนคร,001,ทป3,39334645.95
2567,สกลนคร,001,ป2,2033500.00
2567,สกลนคร,001,ภงด1,52137087.74
2567,สกลนคร,001,ภงด2,6304212.68
2567,สกลนคร,001,ภงด3,39084804.24
2567,สกลนคร,001,ภงด90,56101224.48
2567,สกลนคร,001,ภงด91,32579615.65
2567,สกลนคร,001,ภงด93,5339554.90
2567,สกลนคร,001,ภงด94,10429647.08
2567,สกลนคร,002,ทป3,1583891.33
2567,สกลนคร,002,ป2,652500.00
2567,สกลนคร,002,ภงด50,63886756.01
2567,สกลนคร,002,ภงด51,49159740.70
2567,สกลนคร,002,ภงด53,83039900.99
2567,สกลนคร,002,ภงด54,7029.71
2567,สกลนคร,002,ภงด55,645420.70
2567,สกลนคร,005,ทป3,14869842.17
2567,สกลนคร,005,ป2,695600.00
2567,สกลนคร,005,ภพ30,700495369.34
2567,สกลนคร,005,ภพ36,2288651.94
2567,สกลนคร,006,ทป3,58469.28
2567,สกลนคร,006,ป2,10700.00
2567,สกลนคร,006,ภธ40,46761087.90
2567,สกลนคร,007,อส10,7055336.65
2567,สกลนคร,007,อส10.1,162157.00
2567,สกลนคร,007,อส4,1824209.45
2567,สกลนคร,007,อส4ก,86637.14
2567,สกลนคร,007,อส4ข,2833124.15
2567,สกลนคร,007,อส9,6508376.00
2567,สกลนคร,011,ป2,486502.91
2567,สงขลา,001,ทป3,207395102.04
2567,สงขลา,001,ป2,3157300.00
2567,สงขลา,001,ภงด1,790109061.62
2567,สงขลา,001,ภงด2,335042498.77
2567,สงขลา,001,ภงด3,306875854.63
2567,สงขลา,001,ภงด90,242680438.88
2567,สงขลา,001,ภงด91,131098016.75
2567,สงขลา,001,ภงด93,137474028.43
2567,สงขลา,001,ภงด94,39656318.35
2567,สงขลา,002,ทป3,64203420.91
2567,สงขลา,002,ป2,1787500.00
2567,สงขลา,002,ภงด50,976391948.98
2567,สงขลา,002,ภงด51,932963394.21
2567,สงขลา,002,ภงด52,2426032.00
2567,สงขลา,002,ภงด53,1060952655.83
2567,สงขลา,002,ภงด54,231078508.29
2567,สงขลา,002,ภงด55,670291.70
2567,สงขลา,005,ทป3,78524713.84
2567,สงขลา,005,ป2,1120300.00
2567,สงขลา,005,ภพ30,3892624537.70
2567,สงขลา,005,ภพ30.2,12555.46
2567,สงขลา,005,ภพ36,94170162.14
2567,สงขลา,006,ทป3,897894.41
2567,สงขลา,006,ป2,117600.00
2567,สงขลา,006,ภธ40,123689511.51
2567,สงขลา,007,ทป3,68915.00
2567,สงขลา,007,อส10,10257446.91
2567,สงขลา,007,อส10.1,3450025.00
2567,สงขลา,007,อส4,11169929.80
2567,สงขลา,007,อส4ก,222984.00
2567,สงขลา,007,อส4ข,7805848.50
2567,สงขลา,007,อส9,18287900.00
2567,สงขลา,009,รบ1,267.75
2567,สงขลา,010,รบ1,2.00
2567,สงขลา,011,ป2,1241800.00
2567,สงขลา,015,รบ1,1386.70
2567,สตูล,001,ทป3,10226259.43
2567,สตูล,001,ป2,579800.00
2567,สตูล,001,ภงด1,20852322.76
2567,สตูล,001,ภงด2,5172870.69
2567,สตูล,001,ภงด3,17393202.61
2567,สตูล,001,ภงด90,10672607.03
2567,สตูล,001,ภงด91,10654961.88
2567,สตูล,001,ภงด93,1638028.85
2567,สตูล,001,ภงด94,3955847.94
2567,สตูล,002,ทป3,5888637.50
2567,สตูล,002,ป2,201100.00
2567,สตูล,002,ภงด50,17800813.34
2567,สตูล,002,ภงด51,9937985.06
2567,สตูล,002,ภงด52,294411.90
2567,สตูล,002,ภงด53,26763245.60
2567,สตูล,002,ภงด55,22485.34
2567,สตูล,005,ทป3,18316291.65
2567,สตูล,005,ป2,164300.00
2567,สตูล,005,ภพ30,248223405.02
2567,สตูล,005,ภพ30.2,57062.65
2567,สตูล,005,ภพ36,1002843.94
2567,สตูล,006,ทป3,159468.65
2567,สตูล,006,ป2,3100.00
2567,สตูล,006,ภธ40,12835819.90
2567,สตูล,007,อส10,1929171.89
2567,สตูล,007,อส10.1,167734.00
2567,สตูล,007,อส4,560574.65
2567,สตูล,007,อส4ก,25383.00
2567,สตูล,007,อส4ข,533748.00
2567,สตูล,007,อส9,1991838.00
2567,สตูล,011,ป2,266800.00
2567,สมุทรปราการ,001,ทป3,562263892.32
2567,สมุทรปราการ,001,ป2,6452100.00
2567,สมุทรปราการ,001,ภงด1,14548143408.70
2567,สมุทรปราการ,001,ภงด2,3405981172.41
2567,สมุทรปราการ,001,ภงด3,1411720857.07
2567,สมุทรปราการ,001,ภงด90,684578563.60
2567,สมุทรปราการ,001,ภงด91,636585753.21
2567,สมุทรปราการ,001,ภงด93,13759368.54
2567,สมุทรปราการ,001,ภงด94,116455602.07
2567,สมุทรปราการ,002,ทป3,1054475652.85
2567,สมุทรปราการ,002,ป2,10827400.00
2567,สมุทรปราการ,002,ภงด50,19417281029.69
2567,สมุทรปราการ,002,ภงด51,18583223467.34
2567,สมุทรปราการ,002,ภงด52,6448252.00
2567,สมุทรปราการ,002,ภงด53,10066510982.75
2567,สมุทรปราการ,002,ภงด54,16715209084.97
2567,สมุทรปราการ,002,ภงด55,1152128.30
2567,สมุทรปราการ,005,ทป3,434206610.00
2567,สมุทรปราการ,005,ป2,5915600.00
2567,สมุทรปราการ,005,ภพ30,26564269029.02
2567,สมุทรปราการ,005,ภพ30.2,2764776.81
2567,สมุทรปราการ,005,ภพ36,5690034882.61
2567,สมุทรปราการ,006,ทป3,3792251.07
2567,สมุทรปราการ,006,ป2,195900.00
2567,สมุทรปราการ,006,ภธ40,222463883.49
2567,สมุทรปราการ,007,ทป3,5031753.00
2567,สมุทรปราการ,007,อส10,28242960.23
2567,สมุทรปราการ,007,อส10.1,419825.00
2567,สมุทรปราการ,007,อส4,140886910.26
2567,สมุทรปราการ,007,อส4ก,805078.35
2567,สมุทรปราการ,007,อส4ข,9750120.00
2567,สมุทรปราการ,007,อส9,65056570.00
2567,สมุทรปราการ,009,รบ1,1700.00
2567,สมุทรปราการ,011,ป2,5723200.00
2567,สมุทรปราการ,070,ทป3,1958817.15
2567,สมุทรปราการ,070,ภม60,15999257.30
2567,สมุทรปราการ,999,รบ1,39.96
2567,สมุทรสงคราม,001,ทป3,27122907.86
2567,สมุทรสงคราม,001,ป2,333500.00
2567,สมุทรสงคราม,001,ภงด1,53940112.58
2567,สมุทรสงคราม,001,ภงด2,31690563.21
2567,สมุทรสงคราม,001,ภงด3,21778402.79
2567,สมุทรสงคราม,001,ภงด90,33557323.44
2567,สมุทรสงคราม,001,ภงด91,14101592.10
2567,สมุทรสงคราม,001,ภงด93,15000.00
2567,สมุทรสงคราม,001,ภงด94,11423367.89
2567,สมุทรสงคราม,002,ทป3,15018881.92
2567,สมุทรสงคราม,002,ป2,383500.00
2567,สมุทรสงคราม,002,ภงด50,107601864.38
2567,สมุทรสงคราม,002,ภงด51,85767511.80
2567,สมุทรสงคราม,002,ภงด53,55229994.56
2567,สมุทรสงคราม,002,ภงด54,52826.48
2567,สมุทรสงคราม,002,ภงด55,407207.44
2567,สมุทรสงคราม,005,ทป3,19125988.21
2567,สมุทรสงคราม,005,ป2,228200.00
2567,สมุทรสงคราม,005,ภพ30,465487210.07
2567,สมุทรสงคราม,005,ภพ36,911902.73
2567,สมุทรสงคราม,006,ป2,10200.00
2567,สมุทรสงคราม,006,ภธ40,9599468.06
2567,สมุทรสงคราม,007,อส10,1877920.00
2567,สมุทรสงคราม,007,อส10.1,45900.00
2567,สมุทรสงคราม,007,อส4,1491544.35
2567,สมุทรสงคราม,007,อส4ก,29484.00
2567,สมุทรสงคราม,007,อส4ข,125334.50
2567,สมุทรสงคราม,007,อส9,531130.00
2567,สมุทรสงคราม,010,รบ1,6.00
2567,สมุทรสงคราม,011,ป2,456200.00
2567,สมุทรสาคร,001,ทป3,184684568.36
2567,สมุทรสาคร,001,ป2,2770400.00
2567,สมุทรสาคร,001,ภงด1,2500885498.24
2567,สมุทรสาคร,001,ภงด2,1059350636.26
2567,สมุทรสาคร,001,ภงด3,427470005.52
2567,สมุทรสาคร,001,ภงด90,276760130.20
2567,สมุทรสาคร,001,ภงด91,130545029.32
2567,สมุทรสาคร,001,ภงด93,75050.00
2567,สมุทรสาคร,001,ภงด94,57280478.45
2567,สมุทรสาคร,002,ทป3,55409555.01
2567,สมุทรสาคร,002,ป2,6134600.00
2567,สมุทรสาคร,002,ภงด50,3445337468.05
2567,สมุทรสาคร,002,ภงด51,3408583482.90
2567,สมุทรสาคร,002,ภงด52,2405503.00
2567,สมุทรสาคร,002,ภงด53,1737410454.81
2567,สมุทรสาคร,002,ภงด54,450758570.81
2567,สมุทรสาคร,002,ภงด55,330909.30
2567,สมุทรสาคร,005,ทป3,103963475.24
2567,สมุทรสาคร,005,ป2,2123900.00
2567,สมุทรสาคร,005,ภพ30,10077436767.10
2567,สมุทรสาคร,005,ภพ30.2,502955.64
2567,สมุทรสาคร,005,ภพ36,171462040.08
2567,สมุทรสาคร,006,ทป3,537782.80
2567,สมุทรสาคร,006,ป2,63600.00
2567,สมุทรสาคร,006,ภธ40,69026751.71
2567,สมุทรสาคร,007,ทป3,25675.00
2567,สมุทรสาคร,007,อส10,9539115.80
2567,สมุทรสาคร,007,อส10.1,735420.00
2567,สมุทรสาคร,007,อส4,17283617.00
2567,สมุทรสาคร,007,อส4ก,353607.00
2567,สมุทรสาคร,007,อส4ข,8432328.22
2567,สมุทรสาคร,007,อส9,11554072.00
2567,สมุทรสาคร,011,ป2,2027800.00
2567,สมุทรสาคร,015,รบ1,1.00
2567,สระแก้ว,001,ทป3,22886305.67
2567,สระแก้ว,001,ป2,952700.00
2567,สระแก้ว,001,ภงด1,41908052.34
2567,สระแก้ว,001,ภงด2,21042122.51
2567,สระแก้ว,001,ภงด3,36928540.45
2567,สระแก้ว,001,ภงด90,34334315.07
2567,สระแก้ว,001,ภงด91,14163464.01
2567,สระแก้ว,001,ภงด93,45462020.87
2567,สระแก้ว,001,ภงด94,13176364.94
2567,สระแก้ว,002,ทป3,8045809.70
2567,สระแก้ว,002,ป2,460100.00
2567,สระแก้ว,002,ภงด50,83858460.68
2567,สระแก้ว,002,ภงด51,64352459.54
2567,สระแก้ว,002,ภงด53,83957619.05
2567,สระแก้ว,002,ภงด54,1068505.43
2567,สระแก้ว,002,ภงด55,59982.76
2567,สระแก้ว,005,ทป3,11629014.92
2567,สระแก้ว,005,ป2,419300.00
2567,สระแก้ว,005,ภพ30,938331321.11
2567,สระแก้ว,005,ภพ30.3,114680.39
2567,สระแก้ว,005,ภพ36,2594534.60
2567,สระแก้ว,006,ทป3,161198.27
2567,สระแก้ว,006,ป2,11500.00
2567,สระแก้ว,006,ภธ40,18560461.44
2567,สระแก้ว,007,อส10,4777484.42
2567,สระแก้ว,007,อส10.1,168494.00
2567,สระแก้ว,007,อส4,1431111.42
2567,สระแก้ว,007,อส4ก,38484.00
2567,สระแก้ว,007,อส4ข,297789.67
2567,สระแก้ว,007,อส9,4717449.00
2567,สระแก้ว,009,รบ1,1740.00
2567,สระแก้ว,010,รบ1,0.50
2567,สระแก้ว,011,ป2,922000.00
2567,สระบุรี,001,ทป3,73437922.97
2567,สระบุรี,001,ป2,1861900.00
2567,สระบุรี,001,ภงด1,1115816973.38
2567,สระบุรี,001,ภงด2,145341677.98
2567,สระบุรี,001,ภงด3,196238815.08
2567,สระบุรี,001,ภงด90,93416493.14
2567,สระบุรี,001,ภงด91,67957822.80
2567,สระบุรี,001,ภงด93,21093835.99
2567,สระบุรี,001,ภงด94,24181297.91
2567,สระบุรี,002,ทป3,18656456.05
2567,สระบุรี,002,ป2,1670400.00
2567,สระบุรี,002,ภงด50,1320867441.05
2567,สระบุรี,002,ภงด51,1405495214.97
2567,สระบุรี,002,ภงด53,947854433.67
2567,สระบุรี,002,ภงด54,476216028.46
2567,สระบุรี,002,ภงด55,209052.69
2567,สระบุรี,005,ทป3,12909239.43
2567,สระบุรี,005,ป2,836600.00
2567,สระบุรี,005,ภพ30,4958224767.97
2567,สระบุรี,005,ภพ36,200905866.37
2567,สระบุรี,006,ป2,25700.00
2567,สระบุรี,006,ภธ40,48401842.40
2567,สระบุรี,007,อส10,10866426.30
2567,สระบุรี,007,อส10.1,1467723.00
2567,สระบุรี,007,อส4,22069148.25
2567,สระบุรี,007,อส4ก,112506.00
2567,สระบุรี,007,อส4ข,7207999.25
2567,สระบุรี,007,อส9,5985956.00
2567,สระบุรี,010,รบ1,0.50
2567,สระบุรี,011,ป2,1557100.00
2567,สระบุรี,015,รบ1,2.00
2567,สิงห์บุรี,001,ทป3,16846169.69
2567,สิงห์บุรี,001,ป2,389800.00
2567,สิงห์บุรี,001,ภงด1,53013344.27
2567,สิงห์บุรี,001,ภงด2,27641431.00
2567,สิงห์บุรี,001,ภงด3,21837677.58
2567,สิงห์บุรี,001,ภงด90,25319650.43
2567,สิงห์บุรี,001,ภงด91,13821900.55
2567,สิงห์บุรี,001,ภงด93,12999614.33
2567,สิงห์บุรี,001,ภงด94,6385859.50
2567,สิงห์บุรี,002,ทป3,5513820.27
2567,สิงห์บุรี,002,ป2,241200.00
2567,สิงห์บุรี,002,ภงด50,138360971.30
2567,สิงห์บุรี,002,ภงด51,64316719.22
2567,สิงห์บุรี,002,ภงด53,56409081.45
2567,สิงห์บุรี,002,ภงด54,17854626.62
2567,สิงห์บุรี,002,ภงด55,33892.67
2567,สิงห์บุรี,005,ทป3,17777146.79
2567,สิงห์บุรี,005,ป2,149700.00
2567,สิงห์บุรี,005,ภพ30,391136058.30
2567,สิงห์บุรี,005,ภพ36,3968264.81
2567,สิงห์บุรี,006,ทป3,285302.68
2567,สิงห์บุรี,006,ป2,6800.00
2567,สิงห์บุรี,006,ภธ40,10247690.83
2567,สิงห์บุรี,007,ทป3,1904.00
2567,สิงห์บุรี,007,อส10,2099225.50
2567,สิงห์บุรี,007,อส10.1,123609.00
2567,สิงห์บุรี,007,อส4,796435.00
2567,สิงห์บุรี,007,อส4ก,15660.00
2567,สิงห์บุรี,007,อส4ข,178290.60
2567,สิงห์บุรี,007,อส9,2247036.00
2567,สิงห์บุรี,011,ป2,241000.00
2567,สุโขทัย,001,ทป3,30175127.64
2567,สุโขทัย,001,ป2,1150400.00
2567,สุโขทัย,001,ภงด1,38376648.78
2567,สุโขทัย,001,ภงด2,12390490.22
2567,สุโขทัย,001,ภงด3,32450794.47
2567,สุโขทัย,001,ภงด90,49178629.45
2567,สุโขทัย,001,ภงด91,20429088.80
2567,สุโขทัย,001,ภงด93,17888074.30
2567,สุโขทัย,001,ภงด94,14444145.86
2567,สุโขทัย,002,ทป3,2911623.25
2567,สุโขทัย,002,ป2,179300.00
2567,สุโขทัย,002,ภงด50,68963891.18
2567,สุโขทัย,002,ภงด51,43127178.92
2567,สุโขทัย,002,ภงด53,91758843.96
2567,สุโขทัย,002,ภงด54,912.58
2567,สุโขทัย,002,ภงด55,491255.15
2567,สุโขทัย,005,ทป3,15384179.38
2567,สุโขทัย,005,ป2,326300.00
2567,สุโขทัย,005,ภพ30,381142637.07
2567,สุโขทัย,005,ภพ36,2365531.29
2567,สุโขทัย,006,ทป3,159764.51
2567,สุโขทัย,006,ป2,7800.00
2567,สุโขทัย,006,ภธ40,25857129.71
2567,สุโขทัย,007,อส10,2232619.90
2567,สุโขทัย,007,อส10.1,2667919.00
2567,สุโขทัย,007,อส4,948389.35
2567,สุโขทัย,007,อส4ก,58869.00
2567,สุโขทัย,007,อส4ข,3127824.92
2567,สุโขทัย,007,อส9,3138581.00
2567,สุโขทัย,009,รบ1,320.00
2567,สุโขทัย,010,รบ1,1.50
2567,สุโขทัย,011,ป2,273000.00
2567,สุโขทัย,015,รบ1,1862.00
2567,สุพรรณบุรี,001,ทป3,55077971.12
2567,สุพรรณบุรี,001,ป2,1336400.00
2567,สุพรรณบุรี,001,ภงด1,97301517.44
2567,สุพรรณบุรี,001,ภงด2,42297433.56
2567,สุพรรณบุรี,001,ภงด3,92081250.18
2567,สุพรรณบุรี,001,ภงด90,108128767.55
2567,สุพรรณบุรี,001,ภงด91,39145446.65
2567,สุพรรณบุรี,001,ภงด93,53999223.25
2567,สุพรรณบุรี,001,ภงด94,31216455.98
2567,สุพรรณบุรี,002,ทป3,11017593.56
2567,สุพรรณบุรี,002,ป2,881000.00
2567,สุพรรณบุรี,002,ภงด50,180822778.88
2567,สุพรรณบุรี,002,ภงด51,177092244.83
2567,สุพรรณบุรี,002,ภงด53,188662884.76
2567,สุพรรณบุรี,002,ภงด54,6820.65
2567,สุพรรณบุรี,002,ภงด55,843348.32
2567,สุพรรณบุรี,005,ทป3,34455897.84
2567,สุพรรณบุรี,005,ป2,829300.00
2567,สุพรรณบุรี,005,ภพ30,1351010964.00
2567,สุพรรณบุรี,005,ภพ36,4956186.78
2567,สุพรรณบุรี,006,ทป3,132277.28
2567,สุพรรณบุรี,006,ป2,32700.00
2567,สุพรรณบุรี,006,ภธ40,33366978.87
2567,สุพรรณบุรี,007,อส10,7239452.17
2567,สุพรรณบุรี,007,อส10.1,130939.00
2567,สุพรรณบุรี,007,อส4,3459126.81
2567,สุพรรณบุรี,007,อส4ก,73707.09
2567,สุพรรณบุรี,007,อส4ข,748330.18
2567,สุพรรณบุรี,007,อส9,8065200.00
2567,สุพรรณบุรี,010,รบ1,3.00
2567,สุพรรณบุรี,011,ป2,1020500.00
2567,สุราษฎร์ธานี,001,ทป3,132803031.09
2567,สุราษฎร์ธานี,001,ป2,3657200.00
2567,สุราษฎร์ธานี,001,ภงด1,470070300.30
2567,สุราษฎร์ธานี,001,ภงด2,91121255.35
2567,สุราษฎร์ธานี,001,ภงด3,227916638.91
2567,สุราษฎร์ธานี,001,ภงด90,180892241.41
2567,สุราษฎร์ธานี,001,ภงด91,66794338.42
2567,สุราษฎร์ธานี,001,ภงด93,63441394.54
2567,สุราษฎร์ธานี,001,ภงด94,45394250.97
2567,สุราษฎร์ธานี,002,ทป3,85224578.70
2567,สุราษฎร์ธานี,002,ป2,3033900.00
2567,สุราษฎร์ธานี,002,ภงด50,459880872.68
2567,สุราษฎร์ธานี,002,ภงด51,460829539.03
2567,สุราษฎร์ธานี,002,ภงด52,2995581.46
2567,สุราษฎร์ธานี,002,ภงด53,622519754.68
2567,สุราษฎร์ธานี,002,ภงด54,34680722.55
2567,สุราษฎร์ธานี,002,ภงด55,461306.41
2567,สุราษฎร์ธานี,005,ทป3,47071719.75
2567,สุราษฎร์ธานี,005,ป2,1302300.00
2567,สุราษฎร์ธานี,005,ภพ30,4352151421.95
2567,สุราษฎร์ธานี,005,ภพ30.2,795.71
2567,สุราษฎร์ธานี,005,ภพ36,69626816.05
2567,สุราษฎร์ธานี,006,ทป3,2298878.31
2567,สุราษฎร์ธานี,006,ป2,39900.00
2567,สุราษฎร์ธานี,006,ภธ40,73770214.72
2567,สุราษฎร์ธานี,007,ทป3,42593.00
2567,สุราษฎร์ธานี,007,อส10,11726868.00
2567,สุราษฎร์ธานี,007,อส10.1,216725.00
2567,สุราษฎร์ธานี,007,อส4,12977244.35
2567,สุราษฎร์ธานี,007,อส4ก,309482.00
2567,สุราษฎร์ธานี,007,อส4ข,6513256.50
2567,สุราษฎร์ธานี,007,อส9,8527538.00
2567,สุราษฎร์ธานี,011,ป2,883800.00
2567,สุราษฎร์ธานี,015,รบ1,1.00
2567,สุราษฎร์ธานี,070,ภม60,3876411.02
2567,สุรินทร์,001,ทป3,61956441.61
2567,สุรินทร์,001,ป2,1984200.00
2567,สุรินทร์,001,ภงด1,58883995.69
2567,สุรินทร์,001,ภงด2,28406486.41
2567,สุรินทร์,001,ภงด3,55689622.41
2567,สุรินทร์,001,ภงด90,68747578.82
2567,สุรินทร์,001,ภงด91,47637017.12
2567,สุรินทร์,001,ภงด93,24837063.15
2567,สุรินทร์,001,ภงด94,16327747.99
2567,สุรินทร์,002,ทป3,11842570.64
2567,สุรินทร์,002,ป2,1113200.00
2567,สุรินทร์,002,ภงด50,115334047.94
2567,สุรินทร์,002,ภงด51,105597382.76
2567,สุรินทร์,002,ภงด53,131856850.27
2567,สุรินทร์,002,ภงด54,345148.55
2567,สุรินทร์,002,ภงด55,618489.31
2567,สุรินทร์,005,ทป3,16828161.71
2567,สุรินทร์,005,ป2,778800.00
2567,สุรินทร์,005,ภพ30,1017885470.49
2567,สุรินทร์,005,ภพ36,6786286.32
2567,สุรินทร์,006,ทป3,511883.76
2567,สุรินทร์,006,ป2,58700.00
2567,สุรินทร์,006,ภธ40,49117589.34
2567,สุรินทร์,007,อส10,7654132.26
2567,สุรินทร์,007,อส10.1,295476.00
2567,สุรินทร์,007,อส4,2570293.00
2567,สุรินทร์,007,อส4ก,115638.00
2567,สุรินทร์,007,อส4ข,1667072.11
2567,สุรินทร์,007,อส9,8144366.00
2567,สุรินทร์,011,ป2,654900.00
2567,หนองคาย,001,ทป3,25936677.51
2567,หนองคาย,001,ป2,980100.00
2567,หนองคาย,001,ภงด1,38231532.69
2567,หนองคาย,001,ภงด2,13649834.73
2567,หนองคาย,001,ภงด3,27015309.54
2567,หนองคาย,001,ภงด90,31011272.36
2567,หนองคาย,001,ภงด91,16981270.99
2567,หนองคาย,001,ภงด93,3219761.36
2567,หนองคาย,001,ภงด94,12693816.33
2567,หนองคาย,002,ทป3,5038684.55
2567,หนองคาย,002,ป2,287800.00
2567,หนองคาย,002,ภงด50,66828716.29
2567,หนองคาย,002,ภงด51,43747440.98
2567,หนองคาย,002,ภงด53,65266755.31
2567,หนองคาย,002,ภงด54,13804.03
2567,หนองคาย,002,ภงด55,166237.69
2567,หนองคาย,005,ทป3,10728591.74
2567,หนองคาย,005,ป2,363200.00
2567,หนองคาย,005,ภพ30,676050029.96
2567,หนองคาย,005,ภพ36,1471181.84
2567,หนองคาย,006,ทป3,42579.49
2567,หนองคาย,006,ป2,54800.00
2567,หนองคาย,006,ภธ40,27991482.54
2567,หนองคาย,007,อส10,3097986.00
2567,หนองคาย,007,อส10.1,119916.00
2567,หนองคาย,007,อส4,1241396.52
2567,หนองคาย,007,อส4ก,46221.00
2567,หนองคาย,007,อส4ข,812005.00
2567,หนองคาย,007,อส9,1392720.00
2567,หนองคาย,011,ป2,356000.00
2567,หนองคาย,015,รบ1,1744.00
2567,หนองบัวลำภู,001,ทป3,20439819.09
2567,หนองบัวลำภู,001,ป2,971800.00
2567,หนองบัวลำภู,001,ภงด1,23595440.01
2567,หนองบัวลำภู,001,ภงด2,4797676.67
2567,หนองบัวลำภู,001,ภงด3,25019974.27
2567,หนองบัวลำภู,001,ภงด90,16507132.34
2567,หนองบัวลำภู,001,ภงด91,12038954.63
2567,หนองบัวลำภู,001,ภงด93,43379827.73
2567,หนองบัวลำภู,001,ภงด94,6589650.85
2567,หนองบัวลำภู,002,ทป3,5541591.49
2567,หนองบัวลำภู,002,ป2,445200.00
2567,หนองบัวลำภู,002,ภงด50,51217761.45
2567,หนองบัวลำภู,002,ภงด51,96870738.23
2567,หนองบัวลำภู,002,ภงด52,2803.00
2567,หนองบัวลำภู,002,ภงด53,53162987.77
2567,หนองบัวลำภู,002,ภงด55,74220.00
2567,หนองบัวลำภู,005,ทป3,7280162.68
2567,หนองบัวลำภู,005,ป2,328500.00
2567,หนองบัวลำภู,005,ภพ30,342434882.29
2567,หนองบัวลำภู,005,ภพ36,337376.29
2567,หนองบัวลำภู,006,ทป3,10292.60
2567,หนองบัวลำภู,006,ป2,9000.00
2567,หนองบัวลำภู,006,ภธ40,20361236.55
2567,หนองบัวลำภู,007,อส10,3076755.00
2567,หนองบัวลำภู,007,อส10.1,156941.00
2567,หนองบัวลำภู,007,อส4,669672.00
2567,หนองบัวลำภู,007,อส4ก,36738.00
2567,หนองบัวลำภู,007,อส4ข,914623.17
2567,หนองบัวลำภู,007,อส9,2121544.00
2567,หนองบัวลำภู,011,ป2,238600.00
2567,หนองบัวลำภู,015,รบ1,1.50
2567,อ่างทอง,001,ทป3,16409841.09
2567,อ่างทอง,001,ป2,447700.00
2567,อ่างทอง,001,ภงด1,79889086.27
2567,อ่างทอง,001,ภงด2,28645875.23
2567,อ่างทอง,001,ภงด3,23700022.27
2567,อ่างทอง,001,ภงด90,23670985.83
2567,อ่างทอง,001,ภงด91,14299885.63
2567,อ่างทอง,001,ภงด93,7400.00
2567,อ่างทอง,001,ภงด94,4936184.81
2567,อ่างทอง,002,ทป3,4556827.24
2567,อ่างทอง,002,ป2,300400.00
2567,อ่างทอง,002,ภงด50,74904223.58
2567,อ่างทอง,002,ภงด51,21357046.31
2567,อ่างทอง,002,ภงด53,52327751.40
2567,อ่างทอง,002,ภงด54,56043402.06
2567,อ่างทอง,002,ภงด55,206443.42
2567,อ่างทอง,005,ทป3,4483211.28
2567,อ่างทอง,005,ป2,167200.00
2567,อ่างทอง,005,ภพ30,311568268.94
2567,อ่างทอง,005,ภพ30.2,30683.38
2567,อ่างทอง,005,ภพ36,30665471.37
2567,อ่างทอง,006,ทป3,230.00
2567,อ่างทอง,006,ป2,9300.00
2567,อ่างทอง,006,ภธ40,10360783.87
2567,อ่างทอง,007,อส10,1230978.50
2567,อ่างทอง,007,อส10.1,1121120.00
2567,อ่างทอง,007,อส4,1798306.35
2567,อ่างทอง,007,อส4ก,22098.09
2567,อ่างทอง,007,อส4ข,193902.00
2567,อ่างทอง,007,อส9,845336.00
2567,อ่างทอง,010,รบ1,1.50
2567,อ่างทอง,011,ป2,401400.00
2567,อ่างทอง,015,รบ1,111.50
2567,อำนาจเจริญ,001,ทป3,17366587.83
2567,อำนาจเจริญ,001,ป2,735500.00
2567,อำนาจเจริญ,001,ภงด1,14862077.63
2567,อำนาจเจริญ,001,ภงด2,1863894.42
2567,อำนาจเจริญ,001,ภงด3,19710936.22
2567,อำนาจเจริญ,001,ภงด90,18860748.96
2567,อำนาจเจริญ,001,ภงด91,12288011.29
2567,อำนาจเจริญ,001,ภงด93,16202279.87
2567,อำนาจเจริญ,001,ภงด94,6922571.64
2567,อำนาจเจริญ,002,ทป3,3086514.04
2567,อำนาจเจริญ,002,ป2,120700.00
2567,อำนาจเจริญ,002,ภงด50,18409984.88
2567,อำนาจเจริญ,002,ภงด51,14941754.18
2567,อำนาจเจริญ,002,ภงด53,27760841.62
2567,อำนาจเจริญ,002,ภงด54,149.85
2567,อำนาจเจริญ,002,ภงด55,177762.00
2567,อำนาจเจริญ,005,ทป3,7199152.46
2567,อำนาจเจริญ,005,ป2,257500.00
2567,อำนาจเจริญ,005,ภพ30,295370675.03
2567,อำนาจเจริญ,005,ภพ36,1748192.88
2567,อำนาจเจริญ,006,ทป3,100797.65
2567,อำนาจเจริญ,006,ป2,4900.00
2567,อำนาจเจริญ,006,ภธ40,15638464.52
2567,อำนาจเจริญ,007,ทป3,1841.00
2567,อำนาจเจริญ,007,อส10,1742314.00
2567,อำนาจเจริญ,007,อส10.1,376309.00
2567,อำนาจเจริญ,007,อส4,845306.00
2567,อำนาจเจริญ,007,อส4ก,16746.00
2567,อำนาจเจริญ,007,อส4ข,256359.00
2567,อำนาจเจริญ,007,อส9,1084617.00
2567,อำนาจเจริญ,011,ป2,183000.00
2567,อุดรธานี,001,ทป3,114221364.01
2567,อุดรธานี,001,ป2,2604300.00
2567,อุดรธานี,001,ภงด1,145259403.04
2567,อุดรธานี,001,ภงด2,35632685.26
2567,อุดรธานี,001,ภงด3,116364065.76
2567,อุดรธานี,001,ภงด90,120294196.35
2567,อุดรธานี,001,ภงด91,71374330.95
2567,อุดรธานี,001,ภงด93,69050398.76
2567,อุดรธานี,001,ภงด94,32156596.39
2567,อุดรธานี,002,ทป3,10622917.63
2567,อุดรธานี,002,ป2,1293300.00
2567,อุดรธานี,002,ภงด50,212556021.64
2567,อุดรธานี,002,ภงด51,180568924.10
2567,อุดรธานี,002,ภงด53,263473563.38
2567,อุดรธานี,002,ภงด54,2259366.05
2567,อุดรธานี,002,ภงด55,1650882.38
2567,อุดรธานี,005,ทป3,47163562.86
2567,อุดรธานี,005,ป2,1291700.00
2567,อุดรธานี,005,ภพ30,1729831588.35
2567,อุดรธานี,005,ภพ30.2,708678.84
2567,อุดรธานี,005,ภพ36,18024840.12
2567,อุดรธานี,006,ทป3,17330.25
2567,อุดรธานี,006,ป2,25400.00
2567,อุดรธานี,006,ภธ40,77674440.02
2567,อุดรธานี,007,อส10,8753065.94
2567,อุดรธานี,007,อส10.1,1631248.00
2567,อุดรธานี,007,อส4,7357113.34
2567,อุดรธานี,007,อส4ก,149400.00
2567,อุดรธานี,007,อส4ข,5647025.00
2567,อุดรธานี,007,อส9,10183138.00
2567,อุดรธานี,011,ป2,830000.00
2567,อุดรธานี,015,รบ1,0.50
2567,อุตรดิตถ์,001,ทป3,28314084.82
2567,อุตรดิตถ์,001,ป2,873100.00
2567,อุตรดิตถ์,001,ภงด1,42197981.26
2567,อุตรดิตถ์,001,ภงด2,42341519.88
2567,อุตรดิตถ์,001,ภงด3,27456447.22
2567,อุตรดิตถ์,001,ภงด90,36359217.24
2567,อุตรดิตถ์,001,ภงด91,17329934.81
2567,อุตรดิตถ์,001,ภงด93,17067723.13
2567,อุตรดิตถ์,001,ภงด94,7097134.40
2567,อุตรดิตถ์,002,ทป3,2273378.46
2567,อุตรดิตถ์,002,ป2,192400.00
2567,อุตรดิตถ์,002,ภงด50,139681908.08
2567,อุตรดิตถ์,002,ภงด51,135847607.31
2567,อุตรดิตถ์,002,ภงด53,54927140.44
2567,อุตรดิตถ์,002,ภงด54,36460.50
2567,อุตรดิตถ์,002,ภงด55,310777.68
2567,อุตรดิตถ์,005,ทป3,12782022.96
2567,อุตรดิตถ์,005,ป2,291300.00
2567,อุตรดิตถ์,005,ภพ30,511006222.12
2567,อุตรดิตถ์,005,ภพ36,3057443.35
2567,อุตรดิตถ์,006,ทป3,59574.93
2567,อุตรดิตถ์,006,ป2,7200.00
2567,อุตรดิตถ์,006,ภธ40,111643204.75
2567,อุตรดิตถ์,007,อส10,3188881.00
2567,อุตรดิตถ์,007,อส10.1,284410.00
2567,อุตรดิตถ์,007,อส4,917267.50
2567,อุตรดิตถ์,007,อส4ก,46401.00
2567,อุตรดิตถ์,007,อส4ข,1643654.50
2567,อุตรดิตถ์,007,อส9,2135662.00
2567,อุตรดิตถ์,011,ป2,256500.00
2567,อุตรดิตถ์,015,รบ1,1143.00
2567,อุทัยธานี,001,ทป3,18001057.63
2567,อุทัยธานี,001,ป2,563700.00
2567,อุทัยธานี,001,ภงด1,20721261.38
2567,อุทัยธานี,001,ภงด2,5246695.37
2567,อุทัยธานี,001,ภงด3,15765228.21
2567,อุทัยธานี,001,ภงด90,25308687.56
2567,อุทัยธานี,001,ภงด91,11078113.95
2567,อุทัยธานี,001,ภงด93,19184789.01
2567,อุทัยธานี,001,ภงด94,5854581.64
2567,อุทัยธานี,002,ทป3,2023762.50
2567,อุทัยธานี,002,ป2,243900.00
2567,อุทัยธานี,002,ภงด50,37818505.78
2567,อุทัยธานี,002,ภงด51,20931954.15
2567,อุทัยธานี,002,ภงด53,33354009.70
2567,อุทัยธานี,002,ภงด54,144.93
2567,อุทัยธานี,002,ภงด55,334521.94
2567,อุทัยธานี,005,ทป3,4499669.80
2567,อุทัยธานี,005,ป2,221400.00
2567,อุทัยธานี,005,ภพ30,219506902.81
2567,อุทัยธานี,005,ภพ36,1194336.02
2567,อุทัยธานี,006,ป2,8000.00
2567,อุทัยธานี,006,ภธ40,6552316.70
2567,อุทัยธานี,007,อส10,2888576.58
2567,อุทัยธานี,007,อส10.1,16950.00
2567,อุทัยธานี,007,อส4,1128128.81
2567,อุทัยธานี,007,อส4ก,50040.00
2567,อุทัยธานี,007,อส4ข,318108.66
2567,อุทัยธานี,007,อส9,3904007.00
2567,อุทัยธานี,010,รบ1,0.50
2567,อุทัยธานี,011,ป2,258800.00
2567,อุทัยธานี,015,รบ1,0.50
2567,อุบลราชธานี,001,ทป3,109961585.02
2567,อุบลราชธานี,001,ป2,3394800.00
2567,อุบลราชธานี,001,ภงด1,198133965.55
2567,อุบลราชธานี,001,ภงด2,68381212.49
2567,อุบลราชธานี,001,ภงด3,118760120.29
2567,อุบลราชธานี,001,ภงด90,116118475.15
2567,อุบลราชธานี,001,ภงด91,75384120.39
2567,อุบลราชธานี,001,ภงด93,485707.05
2567,อุบลราชธานี,001,ภงด94,28552112.34
2567,อุบลราชธานี,002,ทป3,3593306.20
2567,อุบลราชธานี,002,ป2,1769800.00
2567,อุบลราชธานี,002,ภงด50,322731007.26
2567,อุบลราชธานี,002,ภงด51,310973503.07
2567,อุบลราชธานี,002,ภงด53,320977879.20
2567,อุบลราชธานี,002,ภงด54,2936022.75
2567,อุบลราชธานี,002,ภงด55,930593.00
2567,อุบลราชธานี,005,ทป3,32004221.70
2567,อุบลราชธานี,005,ป2,1619500.00
2567,อุบลราชธานี,005,ภพ30,2356902357.73
2567,อุบลราชธานี,005,ภพ36,11756879.38
2567,อุบลราชธานี,006,ทป3,328674.41
2567,อุบลราชธานี,006,ป2,69300.00
2567,อุบลราชธานี,006,ภธ40,105017006.13
2567,อุบลราชธานี,007,อส10,11231959.10
2567,อุบลราชธานี,007,อส10.1,884915.00
2567,อุบลราชธานี,007,อส4,3904110.97
2567,อุบลราชธานี,007,อส4ก,98919.00
2567,อุบลราชธานี,007,อส4ข,8951445.20
2567,อุบลราชธานี,007,อส9,10922467.00
2567,อุบลราชธานี,010,รบ1,2.50
2567,อุบลราชธานี,011,ป2,1199200.00
2567,อุบลราชธานี,015,รบ1,11172.42