YEA_GOV,MON,TAX_TYPE,FORM_CODE,AMT_RCV
"2565","01","001","ทป3",362545440.35999992
"2565","01","001","ป2",1900.00000000
"2565","01","001","ภงด1",30806935609.30999950
"2565","01","001","ภงด2",5832098281.86999998
"2565","01","001","ภงด3",2331033751.52999838
"2565","01","001","ภงด90",361074707.82000000
"2565","01","001","ภงด91",134843038.21000000
"2565","01","001","ภงด93",181005756.11000000
"2565","01","001","ภงด94",70790578.45999999
"2565","01","002","ทป3",283233073.34999997
"2565","01","002","ป2",700600.00000000
"2565","01","002","ภงด50",1262576249.58999996
"2565","01","002","ภงด51",656264826.45999999
"2565","01","002","ภงด52",113167976.54000000
"2565","01","002","ภงด53",16072044171.28999756
"2565","01","002","ภงด54",7634100748.80999999
"2565","01","002","ภงด55",53023690.12000000
"2565","01","003","ภงป73",68525.91000000
"2565","01","005","ทป3",319940815.12999997
"2565","01","005","ภพ30",44105985853.13999954
"2565","01","005","ภพ30.2",5220793.80000000
"2565","01","005","ภพ309",613768877.13000000
"2565","01","005","ภพ36",4404178105.70999990
"2565","01","006","ทป3",19009640.06000000
"2565","01","006","ภธ40",3262892330.43999997
"2565","01","007","ทป3",18037603.90000000
"2565","01","007","อส10",72727480.08999998
"2565","01","007","อส10.1",4867932.00000000
"2565","01","007","อส4",475123497.08000000
"2565","01","007","อส4ก",16619152.49000000
"2565","01","007","อส4ข",295625474.04000000
"2565","01","007","อส9",58465491.00000000
"2565","01","009","รบ1",1.00000000
"2565","01","010","รบ1",40.50000000
"2565","01","011","ป2",39737418.00000000
"2565","01","015","รบ1",2665684.73000000
"2565","01","070","ภม60",2652843.57000000
"2565","02","001","ทป3",389293065.82999996
"2565","02","001","ภงด1",21140899949.41999963
"2565","02","001","ภงด2",2425940112.89999998
"2565","02","001","ภงด3",1673094468.73999871
"2565","02","001","ภงด90",726675871.82000000
"2565","02","001","ภงด91",736263417.76000000
"2565","02","001","ภงด93",291082160.64000000
"2565","02","001","ภงด94",58268785.25000000
"2565","02","002","ทป3",242388095.83999999
"2565","02","002","ป2",150000.00000000
"2565","02","002","ภงด50",1470032359.64999999
"2565","02","002","ภงด51",1320042891.53999999
"2565","02","002","ภงด52",6217029.23000000
"2565","02","002","ภงด53",13866026106.12999793
"2565","02","002","ภงด54",4788194970.22999999
"2565","02","002","ภงด55",38238044.94000000
"2565","02","003","ภงป70",3705639933.29000000
"2565","02","004","ทป3",332057.86000000
"2565","02","005","ทป3",376754612.75999995
"2565","02","005","ภพ30",40577877459.57999970
"2565","02","005","ภพ30.2",10349482.62000000
"2565","02","005","ภพ309",593102325.44000000
"2565","02","005","ภพ36",4125366980.78999995
"2565","02","006","ทป3",9427439.90999999
"2565","02","006","ภธ40",2348717113.37999999
"2565","02","007","ทป3",5612395.34000000
"2565","02","007","อส10",70889653.63000000
"2565","02","007","อส10.1",4469200.00000000
"2565","02","007","อส4",317202476.55000000
"2565","02","007","อส4ก",17247452.67000000
"2565","02","007","อส4ข",281293069.45000000
"2565","02","007","อส9",82419681.00000000
"2565","02","010","รบ1",22.00000000
"2565","02","011","ป2",37395358.00000000
"2565","02","015","รบ1",692.28000000
"2565","02","070","ภม60",8061312.86000000
"2565","02","999","รบ1",0.88000000
"2565","03","001","ทป3",176251290.30999993
"2565","03","001","ภงด1",19464965906.04999969
"2565","03","001","ภงด2",2461208954.22999993
"2565","03","001","ภงด3",1705244988.06999859
"2565","03","001","ภงด90",5638791164.98999994
"2565","03","001","ภงด91",6124165794.68999999
"2565","03","001","ภงด93",487149325.97000000
"2565","03","001","ภงด94",103899454.20000000
"2565","03","002","ทป3",269229073.64999998
"2565","03","002","ป2",17950000.00000000
"2565","03","002","ภงด50",4090877278.53999995
"2565","03","002","ภงด51",1152492119.70000000
"2565","03","002","ภงด52",207169318.81000000
"2565","03","002","ภงด53",13151741464.81999808
"2565","03","002","ภงด54",6513759446.94999999
"2565","03","002","ภงด55",65138032.15000000
"2565","03","004","ทป3",1162933.74000000
"2565","03","005","ทป3",353170337.39999990
"2565","03","005","ภพ30",38015603136.60999966
"2565","03","005","ภพ30.2",119306.29000000
"2565","03","005","ภพ309",543969940.50000000
"2565","03","005","ภพ36",4835876023.09999996
"2565","03","006","ทป3",9604384.17000000
"2565","03","006","ภธ40",2189839579.43999998
"2565","03","007","ทป3",14568652.06000000
"2565","03","007","อส10",80348674.98000000
"2565","03","007","อส10.1",5032885.00000000
"2565","03","007","อส4",408593368.21000000
"2565","03","007","อส4ก",15563302.70000000
"2565","03","007","อส4ข",255410043.13000000
"2565","03","007","อส9",53522518.00000000
"2565","03","009","รบ1",3725.00000000
"2565","03","010","รบ1",27.00000000
"2565","03","011","ป2",55347502.18000000
"2565","03","015","รบ1",2357.89000000
"2565","03","070","ทป3",1456802.00000000
"2565","03","070","ภม60",90130310.33000000
"2565","04","001","ทป3",1060085506.92999997
"2565","04","001","ภงด1",21478190017.62999976
"2565","04","001","ภงด2",2822576792.29999996
"2565","04","001","ภงด3",1849534229.47999880
"2565","04","001","ภงด90",4744811843.75000000
"2565","04","001","ภงด91",3764746658.97999998
"2565","04","001","ภงด93",221603482.48000000
"2565","04","001","ภงด94",53082995.91000000
"2565","04","002","ทป3",386488596.37999999
"2565","04","002","ป2",100000.00000000
"2565","04","002","ภงด50",1211645677.37999999
"2565","04","002","ภงด51",1216680306.27999998
"2565","04","002","ภงด52",136243887.43000000
"2565","04","002","ภงด53",15306779791.12999838
"2565","04","002","ภงด54",6580329925.66999999
"2565","04","002","ภงด55",62100676.01000000
"2565","04","003","ภงป73",31724.70000000
"2565","04","005","ทป3",291374510.75999997
"2565","04","005","ภพ30",44165556828.28999961
"2565","04","005","ภพ30.1",2240.67000000
"2565","04","005","ภพ30.2",38687.87000000
"2565","04","005","ภพ309",591131347.20000000
"2565","04","005","ภพ36",4298272653.60999994
"2565","04","006","ทป3",10018085.66000000
"2565","04","006","ภธ40",2668267556.96999997
"2565","04","007","ทป3",2211899.58000000
"2565","04","007","อส10",74267491.47000000
"2565","04","007","อส10.1",4017450.00000000
"2565","04","007","อส4",324008224.69000000
"2565","04","007","อส4ก",15250197.60000000
"2565","04","007","อส4ข",275030773.43000000
"2565","04","007","อส9",65484986.00000000
"2565","04","009","รบ1",30407.50000000
"2565","04","010","รบ1",32.00000000
"2565","04","011","ป2",48824477.00000000
"2565","04","015","รบ1",23760.62000000
"2565","04","070","ภม60",31708173.47000000
"2565","05","001","ทป3",4199504437.84999994
"2565","05","001","ภงด1",17635132541.72999962
"2565","05","001","ภงด2",5907027696.57999999
"2565","05","001","ภงด3",1805001356.36999908
"2565","05","001","ภงด90",272033203.69999997
"2565","05","001","ภงด91",148021103.02000000
"2565","05","001","ภงด93",99964899.68999999
"2565","05","001","ภงด94",48099337.37000000
"2565","05","002","ทป3",285698952.00000000
"2565","05","002","ป2",250000.00000000
"2565","05","002","ภงด50",45633335119.33999989
"2565","05","002","ภงด51",1959715366.79999999
"2565","05","002","ภงด52",2795797901.95999999
"2565","05","002","ภงด53",13871496441.92999839
"2565","05","002","ภงด54",10457586278.84999998
"2565","05","002","ภงด55",84255023.18000000
"2565","05","003","ภงป70",50851949741.93000000
"2565","05","003","ภงป71",649378200.00000000
"2565","05","005","ทป3",389022956.79999990
"2565","05","005","ภพ30",38536875863.60999972
"2565","05","005","ภพ30.2",122.04000000
"2565","05","005","ภพ309",570040191.16000000
"2565","05","005","ภพ36",4313043293.47999994
"2565","05","006","ทป3",10842084.43000000
"2565","05","006","ภธ40",2246829795.18999993
"2565","05","007","ทป3",2228288.05000000
"2565","05","007","อส10",75036405.54000000
"2565","05","007","อส10.1",4763188.00000000
"2565","05","007","อส4",315854991.50000000
"2565","05","007","อส4ก",16661035.60000000
"2565","05","007","อส4ข",251098705.35000000
"2565","05","007","อส9",49813123.00000000
"2565","05","009","รบ1",2961.40000000
"2565","05","010","รบ1",33.50000000
"2565","05","011","ป2",42664309.88000000
"2565","05","015","รบ1",90351.54000000
"2565","05","070","ทป3",72193461.42000000
"2565","05","070","ภม60",9569555.24000000
"2565","06","001","ทป3",2936396482.06999994
"2565","06","001","ภงด1",15946348950.19999964
"2565","06","001","ภงด2",11086283002.09999994
"2565","06","001","ภงด3",1872299429.72999899
"2565","06","001","ภงด90",241433358.65999999
"2565","06","001","ภงด91",144890256.65000000
"2565","06","001","ภงด93",29485257.37000000
"2565","06","001","ภงด94",29026703.65000000
"2565","06","002","ทป3",663270742.08000000
"2565","06","002","ป2",6170000.00000000
"2565","06","002","ภงด50",116880875567.27999989
"2565","06","002","ภงด51",3275226714.84999999
"2565","06","002","ภงด52",539384743.11000000
"2565","06","002","ภงด53",14886441627.29999851
"2565","06","002","ภงด54",16834793452.97999997
"2565","06","002","ภงด55",53782420.54999998
"2565","06","005","ทป3",355814973.58999993
"2565","06","005","ภพ30",39607173294.77999978
"2565","06","005","ภพ30.2",178776.30000000
"2565","06","005","ภพ309",570165836.75000000
"2565","06","005","ภพ36",5794039266.94999995
"2565","06","006","ทป3",8145210.04000000
"2565","06","006","ภธ40",2588753946.87999996
"2565","06","007","ทป3",4947417.73000000
"2565","06","007","อส10",79158345.25000000
"2565","06","007","อส10.1",5536604.00000000
"2565","06","007","อส4",338842985.00000000
"2565","06","007","อส4ก",17227361.01000000
"2565","06","007","อส4ข",299245025.56000000
"2565","06","007","อส9",60821559.00000000
"2565","06","009","รบ1",6566.60000000
"2565","06","010","รบ1",57.50000000
"2565","06","011","ป2",43279318.00000000
"2565","06","015","รบ1",29510.87000000
"2565","06","070","ภม60",6093959.85000000
"2565","06","999","รบ1",1770.00000000
"2565","07","001","ทป3",172571765.10999994
"2565","07","001","ภงด1",18179817245.51999983
"2565","07","001","ภงด2",4635505340.09999998
"2565","07","001","ภงด3",1941008492.28999889
"2565","07","001","ภงด90",137348749.13000000
"2565","07","001","ภงด91",99183019.04000000
"2565","07","001","ภงด93",87389017.74000000
"2565","07","001","ภงด94",77427567.88000000
"2565","07","002","ทป3",747308597.52999995
"2565","07","002","ป2",1690000.00000000
"2565","07","002","ภงด50",1316882689.77999994
"2565","07","002","ภงด51",570951973.09999999
"2565","07","002","ภงด52",48836682.55000000
"2565","07","002","ภงด53",14965795117.47999842
"2565","07","002","ภงด54",9987483968.30999997
"2565","07","002","ภงด55",58526598.38000000
"2565","07","003","ภงป73",6731.17000000
"2565","07","005","ทป3",367857034.88999992
"2565","07","005","ภพ30",38184281429.16999982
"2565","07","005","ภพ30.2",2419.86000000
"2565","07","005","ภพ309",556666597.19000000
"2565","07","005","ภพ36",4213477991.50999996
"2565","07","006","ทป3",4398153.53000000
"2565","07","006","ภธ40",3385530575.87999995
"2565","07","007","ทป3",1315262.18000000
"2565","07","007","อส10",64928523.75000000
"2565","07","007","อส10.1",4653649.00000000
"2565","07","007","อส4",266989500.58000000
"2565","07","007","อส4ก",14664599.08000000
"2565","07","007","อส4ข",281823134.77000000
"2565","07","007","อส9",47705967.00000000
"2565","07","009","รบ1",5604.50000000
"2565","07","010","รบ1",19.00000000
"2565","07","011","ป2",31570611.00000000
"2565","07","015","รบ1",34753.81000000
"2565","07","070","ทป3",204259.64000000
"2565","07","070","ภม60",3636404.25000000
"2565","08","001","ทป3",156782034.54999996
"2565","08","001","ภงด1",15769127458.42999974
"2565","08","001","ภงด2",3386977461.76000000
"2565","08","001","ภงด3",1843360610.13999854
"2565","08","001","ภงด90",198972182.36000000
"2565","08","001","ภงด91",73342423.73000000
"2565","08","001","ภงด93",36073038.28000000
"2565","08","001","ภงด94",257794402.90000000
"2565","08","002","ทป3",570704964.79999999
"2565","08","002","ป2",1350000.00000000
"2565","08","002","ภงด50",10098207472.74999995
"2565","08","002","ภงด51",33449449417.04999999
"2565","08","002","ภงด52",704732481.05000000
"2565","08","002","ภงด53",13540194453.09999800
"2565","08","002","ภงด54",14831758011.73999998
"2565","08","002","ภงด55",34547907.02000000
"2565","08","003","ภงป71",7510346101.34000000
"2565","08","005","ทป3",589180341.51999996
"2565","08","005","ภพ30",37748274882.40999966
"2565","08","005","ภพ30.2",210762.54000000
"2565","08","005","ภพ309",580473995.37000000
"2565","08","005","ภพ36",4142736445.88999997
"2565","08","006","ทป3",15281998.99999999
"2565","08","006","ภธ40",2304065261.44999996
"2565","08","007","ทป3",5360423.88000000
"2565","08","007","อส10",80171031.18000000
"2565","08","007","อส10.1",5106052.00000000
"2565","08","007","อส4",266817228.49000000
"2565","08","007","อส4ก",14251834.60000000
"2565","08","007","อส4ข",254451854.78000000
"2565","08","007","อส9",58598210.00000000
"2565","08","009","รบ1",2716.50000000
"2565","08","010","รบ1",42.50000000
"2565","08","011","ป2",42581504.00000000
"2565","08","015","รบ1",91372.73000000
"2565","08","070","ทป3",22799292.91000000
"2565","08","070","ภม60",56704155.59000000
"2565","08","999","รบ1",0.50000000
"2565","09","001","ทป3",161336936.32999997
"2565","09","001","ป2",439600.00000000
"2565","09","001","ภงด1",14604171686.96999978
"2565","09","001","ภงด2",4310998377.54999998
"2565","09","001","ภงด3",1950459598.48999814
"2565","09","001","ภงด90",143516620.58999999
"2565","09","001","ภงด91",70715275.85000000
"2565","09","001","ภงด93",46819590.68000000
"2565","09","001","ภงด94",1349101953.50999999
"2565","09","002","ทป3",755995340.80999998
"2565","09","002","ป2",5138200.00000000
"2565","09","002","ภงด50",28684958230.86999998
"2565","09","002","ภงด51",128650210701.46999999
"2565","09","002","ภงด52",4293260.64000000
"2565","09","002","ภงด53",15219654396.82999754
"2565","09","002","ภงด54",9851193413.87999997
"2565","09","002","ภงด55",96870875.09999999
"2565","09","005","ทป3",449790849.57999997
"2565","09","005","ป2",385000.00000000
"2565","09","005","ภพ30",39032569545.10999979
"2565","09","005","ภพ30.2",237444.48000000
"2565","09","005","ภพ309",601222538.48000000
"2565","09","005","ภพ36",5692976191.86999994
"2565","09","006","ทป3",6787316.29999999
"2565","09","006","ป2",7400.00000000
"2565","09","006","ภธ40",2723855518.34999999
"2565","09","007","ทป3",2632097.32000000
"2565","09","007","อส10",84912173.09000000
"2565","09","007","อส10.1",5143932.00000000
"2565","09","007","อส4",318195449.23000000
"2565","09","007","อส4ก",16685388.19000000
"2565","09","007","อส4ข",297190952.22000000
"2565","09","007","อส9",64779247.00000000
"2565","09","009","รบ1",5022.00000000
"2565","09","010","รบ1",37.00000000
"2565","09","011","ป2",40205504.00000000
"2565","09","015","รบ1",9788.82000000
"2565","09","070","ภม60",84097693.32000000
"2565","10","001","ทป3",201965365.77999999
"2565","10","001","ภงด1",13145913351.05999978
"2565","10","001","ภงด2",5203740399.09999997
"2565","10","001","ภงด3",1575604972.41999888
"2565","10","001","ภงด90",128389587.98999997
"2565","10","001","ภงด91",55922664.83000000
"2565","10","001","ภงด93",64951212.43000000
"2565","10","001","ภงด94",223012877.85000000
"2565","10","002","ทป3",457763209.74999999
"2565","10","002","ป2",500000.00000000
"2565","10","002","ภงด50",722186198.86999995
"2565","10","002","ภงด51",728420373.99999999
"2565","10","002","ภงด52",7396202.39000000
"2565","10","002","ภงด53",13475286547.84999837
"2565","10","002","ภงด54",7669765559.92000001
"2565","10","002","ภงด55",43420735.86000000
"2565","10","003","ภงป73",98876.69000000
"2565","10","005","ทป3",289060709.24999999
"2565","10","005","ภพ30",34985427822.28999975
"2565","10","005","ภพ30.2",59592.40000000
"2565","10","005","ภพ309",676219986.51000000
"2565","10","005","ภพ36",3999171233.74999994
"2565","10","006","ทป3",9342860.56000000
"2565","10","006","ภธ40",2514521875.87000000
"2565","10","007","ทป3",5004362.28000000
"2565","10","007","อส10",76293834.46000000
"2565","10","007","อส10.1",4843222.00000000
"2565","10","007","อส4",361741687.32000000
"2565","10","007","อส4ก",15761036.10000000
"2565","10","007","อส4ข",264533032.61000000
"2565","10","007","อส9",25485930.00000000
"2565","10","009","รบ1",11493.00000000
"2565","10","010","รบ1",110.50000000
"2565","10","011","ป2",23708836.00000000
"2565","10","015","รบ1",7282.83000000
"2565","10","070","ทป3",2076163.94000000
"2565","10","070","ภม60",26966970.79000000
"2565","11","001","ทป3",244528289.87999994
"2565","11","001","ภงด1",13828413750.10999978
"2565","11","001","ภงด2",2830632447.04000000
"2565","11","001","ภงด3",1731637823.44999924
"2565","11","001","ภงด90",163658982.87000000
"2565","11","001","ภงด91",46968311.38000000
"2565","11","001","ภงด93",52148298.48000000
"2565","11","001","ภงด94",181123352.85000000
"2565","11","002","ทป3",472334227.38999997
"2565","11","002","ป2",700000.00000000
"2565","11","002","ภงด50",1762357178.75999994
"2565","11","002","ภงด51",8460274019.85000000
"2565","11","002","ภงด52",40780507.21000000
"2565","11","002","ภงด53",12822575628.50999876
"2565","11","002","ภงด54",5079324198.88999995
"2565","11","002","ภงด55",36406114.45000000
"2565","11","003","ทป3",4823.00000000
"2565","11","005","ทป3",362296052.11999994
"2565","11","005","ภพ30",39466454386.32999963
"2565","11","005","ภพ30.2",182443.09000000
"2565","11","005","ภพ309",648913486.80000000
"2565","11","005","ภพ36",4162432931.32999996
"2565","11","006","ทป3",8003689.93000000
"2565","11","006","ภธ40",2214645094.25999995
"2565","11","007","ทป3",1961152.12000000
"2565","11","007","อส10",80856632.23000000
"2565","11","007","อส10.1",4952837.00000000
"2565","11","007","อส4",323177362.49000000
"2565","11","007","อส4ก",16633755.00000000
"2565","11","007","อส4ข",258486544.60000000
"2565","11","007","อส9",31373836.00000000
"2565","11","009","รบ1",6720.00000000
"2565","11","010","รบ1",38.50000000
"2565","11","011","ป2",20178769.00000000
"2565","11","015","รบ1",43242.97000000
"2565","11","070","ภม60",18676794.28000000
"2565","11","999","ทป3",0.98000000
"2565","12","001","ทป3",174687143.65999997
"2565","12","001","ภงด1",14320019748.59999964
"2565","12","001","ภงด2",3874960451.61999999
"2565","12","001","ภงด3",1814505901.74999939
"2565","12","001","ภงด90",158924082.88999998
"2565","12","001","ภงด91",49268013.93999999
"2565","12","001","ภงด93",95292901.05000000
"2565","12","001","ภงด94",841677365.73000000
"2565","12","002","ทป3",294758593.39999999
"2565","12","002","ป2",1000000.00000000
"2565","12","002","ภงด50",1733694408.88999996
"2565","12","002","ภงด51",18961681407.23000000
"2565","12","002","ภงด52",16077590.81000000
"2565","12","002","ภงด53",13496731530.17999831
"2565","12","002","ภงด54",8998804012.34000000
"2565","12","002","ภงด55",35499692.55000000
"2565","12","003","ภงป70",140113596.73000000
"2565","12","005","ทป3",675790511.89999992
"2565","12","005","ภพ30",45069458848.22999969
"2565","12","005","ภพ30.2",22078.32000000
"2565","12","005","ภพ309",587096789.55000000
"2565","12","005","ภพ36",5376694738.66999998
"2565","12","006","ทป3",14660248.40000000
"2565","12","006","ภธ40",2448086056.75999995
"2565","12","007","ทป3",8923026.45000000
"2565","12","007","อส10",77191383.29000000
"2565","12","007","อส10.1",4906053.00000000
"2565","12","007","อส4",507294316.60000000
"2565","12","007","อส4ก",15844905.50000000
"2565","12","007","อส4ข",266557990.54000000
"2565","12","007","อส9",43030876.00000000
"2565","12","009","รบ1",526.50000000
"2565","12","010","รบ1",35.00000000
"2565","12","011","ป2",22926714.01000000
"2565","12","015","รบ1",62829.20000000
"2565","12","070","ทป3",2870.13000000
"2565","12","070","ภม60",36496203.93999998
"2565","12","999","รบ1",5.00000000
