รหัสหลักสูตร (Course ID),หัวข้อการอบรม (Training Category),ชื่อหลักสูตร (Course Name),วันที่เริ่มต้น (Start Date),วันที่สิ้นสุด (End Date),เวลาเริ่มต้น (Start Time),เวลาสิ้นสุด (End Time),จำนวนรับสมัคร (Capacity),ค่าลงทะเบียน (Price - THB),วันที่ลงข้อมูล (Created Date)
990,อบรมหลักสูตรมาตรวิทยาประจำปีงบประมาณ 2569 เรื่องการสอบเทียบเครื่องมือวัด,การสอบเทียบดิจิทัลมัลติมิเตอร์**ส่ง Cer 24 พ.ย. 68**,11-12-2025,11/14/2025,08.30 น.,09.00 - 16.30 น.,15,10300,4/17/2025 11:59
991,อบรมหลักสูตรมาตรวิทยาประจำปีงบประมาณ 2569 เรื่องการสอบเทียบเครื่องมือวัด,การสอบเทียบเครื่องมือวัดอัตราการไหลของของเหลวโดยวิธีมาสเตอร์มิเตอร์ **ส่ง Cer 29 ธ.ค. 68**,12/15/2025,12/16/2025,08.30 น.,09.00 - 16.30 น.,10,8910,4/22/2025 16:21
992,อบรมหลักสูตรมาตรวิทยาประจำปีงบประมาณ 2569 เรื่องการสอบเทียบเครื่องมือวัด,การตรวจติดตามระบบคุณภาพภายในห้องปฏิบัติการ (ตามข้อกำหนด ISO/IEC 17025:2017) **ส่ง Cer 6 พ.ย. 68**,10/30/2025,10/31/2025,08.30 น.,09.00 - 16.30 น.,30,4690,8/14/2025 17:35
993,อบรมหลักสูตรมาตรวิทยาประจำปีงบประมาณ 2569 เรื่องการสอบเทียบเครื่องมือวัด,ระบบคุณภาพห้องปฏิบัติการตาม ISO/IEC 17025:2017(E) **ส่ง Cer 24 พ.ย. 68**,11/17/2025,11/18/2025,08.30 น.,09.00 - 16.30 น.,40,3052,8/14/2025 17:40
994,อบรมหลักสูตรมาตรวิทยาประจำปีงบประมาณ 2569 เรื่องการสอบเทียบเครื่องมือวัด,การประเมินค่าความไม่แน่นอนของการวัด **ส่ง Cer 29 ธ.ค. 68**,12/15/2025,12/16/2025,08.30 น.,09.00 - 16.30 น.,30,4690,8/14/2025 17:43
995,อบรมหลักสูตรมาตรวิทยาประจำปีงบประมาณ 2569 เรื่องการสอบเทียบเครื่องมือวัด,การจัดทำเอกสารระบบการบริหารงานตามมาตรฐาน ISO/IEC 17025 : 2017 **ส่ง Cer 29 ธ.ค. 68**,12/18/2025,12/19/2025,08.30 น.,09.00 - 16.30 น.,24,4690,8/14/2025 17:45
996,อบรมหลักสูตรมาตรวิทยาประจำปีงบประมาณ 2569 เรื่องการสอบเทียบเครื่องมือวัด,การสอบเทียบเครื่องชั่งอิเล็กทรอนิกส์ตามมาตรฐาน UKAS LAB 14 **ส่ง Cer 5 พ.ย. 68**,10/28/2025,10/29/2025,08.30 น.,09.00 - 16.30 น.,20,5210,8/15/2025 23:25
997,อบรมหลักสูตรมาตรวิทยาประจำปีงบประมาณ 2569 เรื่องการสอบเทียบเครื่องมือวัด,การสอบเทียบและจัดการเครื่องมือวัดตามระบบคุณภาพ **ส่ง Cer 31 ต.ค.68**,10/27/2025,10/27/2025,08.30 น.,09.00 - 16.30 น.,40,2530,8/28/2025 12:23
998,อบรมหลักสูตรมาตรวิทยาประจำปีงบประมาณ 2569 เรื่องการสอบเทียบเครื่องมือวัด,การสอบเทียบเครื่องมือวัดอัตราการไหลของของเหลว,7/20/2026,7/21/2026,08.30 น.,09.00 - 16.30 น.,15,7020,09-10-2025 09:48
999,อบรมหลักสูตรมาตรวิทยาประจำปีงบประมาณ 2569 เรื่องการสอบเทียบเครื่องมือวัด,ความเข้าใจและการตีความใบรับรองผลการสอบเทียบ **ส่ง Cer 24 พ.ย. 68**,11/19/2025,11/19/2025,08.30 น.,09.00 - 16.30 น.,30,2530,09-10-2025 09:52
1000,อบรมหลักสูตรมาตรวิทยาประจำปีงบประมาณ 2569 เรื่องการสอบเทียบเครื่องมือวัด,ระบบควบคุมเครื่องมือวัดตามข้อกำหนด ISO 9001 ISO/IEC 17025 ISO 14001 และ ISO 45001**ส่ง Cer 10 ก.พ. 69**,1/29/2026,1/30/2026,08.30 น.,09.00 - 16.30 น.,30,3052,09-10-2025 09:56
1001,อบรมหลักสูตรมาตรวิทยาประจำปีงบประมาณ 2569 เรื่องการสอบเทียบเครื่องมือวัด,การประเมินค่าความไม่แน่นอนของการวัดในการวิเคราะห์ทางเคมี (EMU),05-06-2026,05-08-2026,08.30 น.,09.00 - 16.30 น.,15,10300,9/19/2025 11:33
1002,อบรมหลักสูตรมาตรวิทยาประจำปีงบประมาณ 2569 เรื่องการสอบเทียบเครื่องมือวัด,การจัดการความเสี่ยงสำหรับห้องปฏิบัติการตามมาตรฐาน ISO17025:2017,5/29/2026,5/29/2026,08.30 น.,09.00 - 16.30 น.,30,2530,9/19/2025 11:47
1003,อบรมหลักสูตรมาตรวิทยาประจำปีงบประมาณ 2569 เรื่องการสอบเทียบเครื่องมือวัด,ความรู้เบื้องต้นเกี่ยวกับเลเซอร์และความปลอดภัยในการใช้งาน  **ส่ง Cer. 17 มี.ค. 69**,2/28/2026,1/31/2026,08.30 น.,09.00 - 16.30 น.,20,2810,9/19/2025 14:29
1004,อบรมหลักสูตรมาตรวิทยาประจำปีงบประมาณ 2569 เรื่องการสอบเทียบเครื่องมือวัด,การแปลความและประยุกต์ใช้ใบรายงานผลการสอบเทียบเพื่อควบคุมคุณภาพ **ส่ง Cer. 30 ม.ค. 69**,1/21/2026,1/22/2026,08.30 น.,09.00 - 16.30 น.,30,3052,9/19/2025 14:37
1005,อบรมหลักสูตรมาตรวิทยาประจำปีงบประมาณ 2569 เรื่องการสอบเทียบเครื่องมือวัด,การสอบเทียบ Digital Thermometer,4/28/2026,4/29/2026,08.30 น.,09.00 - 16.30 น.,20,5210,9/19/2025 14:39
1006,อบรมหลักสูตรมาตรวิทยาประจำปีงบประมาณ 2569 เรื่องการสอบเทียบเครื่องมือวัด,การประเมินค่าความไม่แน่นอนในการวัดและการจัดทำ Uncertainty Budget ด้วยโปรแกรม Microsoft Excel,3/27/2026,3/27/2026,08.30 น.,09.00 - 16.30 น.,40,2530,9/19/2025 14:44
1007,อบรมหลักสูตรมาตรวิทยาประจำปีงบประมาณ 2569 เรื่องการสอบเทียบเครื่องมือวัด,การสอบเทียบเครื่องอัลตราซาวด์กายภาพบำบัด (Calibration Method for Therapeutic Ultrasound),05-08-2026,05-08-2026,08.30 น.,09.00 - 16.30 น.,10,4720,9/19/2025 15:47
1008,อบรมหลักสูตรมาตรวิทยาประจำปีงบประมาณ 2569 เรื่องการสอบเทียบเครื่องมือวัด,การสอบเทียบไมโครมิเตอร์และเวอร์เนียคาร์ลิปเปอร์ด้วยเกจบล็อกมาตรฐาน และการประเมินค่าความไม่แน่นอนของการวัด**ส่ง Cer 10 ก.พ. 69**,12/31/2025,12/31/2025,08.30 น.,09.00 - 16.30 น.,20,7630,9/19/2025 15:51
1009,อบรมหลักสูตรมาตรวิทยาประจำปีงบประมาณ 2569 เรื่องการสอบเทียบเครื่องมือวัด,การควบคุมคุณภาพการวิเคราะห์ด้านสิ่งแวดล้อม,5/21/2026,5/22/2026,08.30 น.,09.00 - 16.30 น.,20,5210,9/19/2025 15:58
1010,อบรมหลักสูตรมาตรวิทยาประจำปีงบประมาณ 2569 เรื่องการสอบเทียบเครื่องมือวัด,การประเมินค่าความไม่แน่นอนของการวัดสำหรับทดสอบ (Uncertainty of Measurement for Testing) **ส่ง Cer 10 มี.ค. 69**,2/23/2026,2/24/2026,08.30 น.,09.00 - 16.30 น.,20,5210,9/19/2025 16:00
1011,อบรมหลักสูตรมาตรวิทยาประจำปีงบประมาณ 2569 เรื่องการสอบเทียบเครื่องมือวัด,การสอบเทียบ Laser Power Meter และ Fiber optic power meter,6/15/2026,6/16/2026,08.30 น.,09.00 - 16.30 น.,15,7020,9/19/2025 16:02
1012,อบรมหลักสูตรมาตรวิทยาประจำปีงบประมาณ 2569 เรื่องการสอบเทียบเครื่องมือวัด,หลักเกณฑ์ความคลาดเคลื่อนทางขนาดและเรขาคณิต (GD&T) ระดับ 1,05-11-2026,05-12-2026,08.30 น.,09.00 - 16.30 น.,15,7020,9/19/2025 16:04
1013,อบรมหลักสูตรมาตรวิทยาประจำปีงบประมาณ 2569 เรื่องการสอบเทียบเครื่องมือวัด,การประยุกต์ใช้ความไม่แน่นอนในการวัด สำหรับการสอบเทียบและการจัดการเครื่องมือวัด,06-11-2026,06-12-2026,08.30 น.,09.00 - 16.30 น.,24,4690,9/19/2025 16:06
1014,อบรมหลักสูตรมาตรวิทยาประจำปีงบประมาณ 2569 เรื่องการสอบเทียบเครื่องมือวัด,การสอบเทียบเครื่องมือวัดอัตราการไหลของแก๊ส,5/18/2026,5/19/2026,08.30 น.,09.00 - 16.30 น.,15,7020,9/19/2025 16:19
1015,อบรมหลักสูตรมาตรวิทยาประจำปีงบประมาณ 2569 เรื่องการสอบเทียบเครื่องมือวัด,การใช้งานเครื่องมือวัดและหลักการสอบเทียบเครื่องมือวัดทางไฟฟ้าเบื้องต้น,5/18/2026,5/19/2026,08.30 น.,09.00 - 16.30 น.,20,5210,9/19/2025 16:20
1016,อบรมหลักสูตรมาตรวิทยาประจำปีงบประมาณ 2569 เรื่องการสอบเทียบเครื่องมือวัด,ข้อกำหนดระบบคุณภาพสำหรับผู้ผลิตวัสดุอ้างอิง ตาม ISO 17034: 2016,6/22/2026,6/23/2026,08.30 น.,09.00 - 16.30 น.,15,7020,9/19/2025 16:22
1017,อบรมหลักสูตรมาตรวิทยาประจำปีงบประมาณ 2569 เรื่องการสอบเทียบเครื่องมือวัด,การวัดเสียงรบกวนและการประเมินค่าความไม่แน่นอน (Noise Measurement and uncertainty evaluation),05-11-2026,05-12-2026,08.30 น.,09.00 - 16.30 น.,10,8910,9/19/2025 16:24
1018,อบรมหลักสูตรมาตรวิทยาประจำปีงบประมาณ 2569 เรื่องการสอบเทียบเครื่องมือวัด,การสอบเทียบ Temperature Source **ส่ง Cer. 17 มี.ค. 69**,2/28/2026,2/28/2026,08.30 น.,09.00 - 16.30 น.,20,5210,9/19/2025 16:26
1019,อบรมหลักสูตรมาตรวิทยาประจำปีงบประมาณ 2569 เรื่องการสอบเทียบเครื่องมือวัด,แบบจำลองทางคณิตศาสตร์เพื่อนำไปใช้ประเมินความไม่แน่นอนทางการวัดของการทดสอบและสอบเทียบ,6/17/2026,6/18/2026,08.30 น.,09.00 - 16.30 น.,15,7020,9/22/2025 10:55
1020,อบรมหลักสูตรมาตรวิทยาประจำปีงบประมาณ 2569 เรื่องการสอบเทียบเครื่องมือวัด,การใช้งานเครื่องมือวัดด้านเสียงและการพิจารณาค่าในใบรายงานผลการสอบเทียบ,06-12-2026,06-12-2026,08.30 น.,09.00 - 16.30 น.,15,3750,9/22/2025 10:58
1021,อบรมหลักสูตรมาตรวิทยาประจำปีงบประมาณ 2569 เรื่องการสอบเทียบเครื่องมือวัด,การทำให้เป็นจริงตามนิยามของเครื่องกำเนิดแรงบิดประเภทระบบคานและตุ้มน้ำหนักแบบไม่มีอุปกรณ์รองรับแรงตามขวาง,06-09-2026,06-10-2026,08.30 น.,09.00 - 16.30 น.,10,8910,9/22/2025 11:00
1022,อบรมหลักสูตรมาตรวิทยาประจำปีงบประมาณ 2569 เรื่องการสอบเทียบเครื่องมือวัด,การรับสัญญาณจาก GNSS เบื้องต้น,06-11-2026,06-12-2026,08.30 น.,09.00 - 16.30 น.,10,8910,9/22/2025 11:02
1023,อบรมหลักสูตรมาตรวิทยาประจำปีงบประมาณ 2569 เรื่องการสอบเทียบเครื่องมือวัด,"การสอบเทียบ Dial Gauge และ Dial Test Indicator ตามมาตรฐานญี่ปุ่น (JIS B7503 : 2017, JIS B7533 : 2015)",06-08-2026,06-10-2026,08.30 น.,09.00 - 16.30 น.,15,10300,9/22/2025 11:04
1024,อบรมหลักสูตรมาตรวิทยาประจำปีงบประมาณ 2569 เรื่องการสอบเทียบเครื่องมือวัด,การสอบเทียบเครื่อง Density Meter (Oscillation Type) ตามมาตรฐาน ISO15212-1,07-06-2026,07-07-2026,08.30 น.,09.00 - 16.30 น.,10,8910,9/22/2025 11:07
1025,อบรมหลักสูตรมาตรวิทยาประจำปีงบประมาณ 2569 เรื่องการสอบเทียบเครื่องมือวัด,การสอบเทียบไมโครมิเตอร์ตามมาตรฐาน JIS B 7502 : 2016 ด้วยเกจบล็อกมาตรฐานและการประเมินค่าความไม่แน่นอนของการวัด,3/19/2026,3/20/2026,08.30 น.,09.00 - 16.30 น.,20,5210,9/22/2025 11:14
1026,อบรมหลักสูตรมาตรวิทยาประจำปีงบประมาณ 2569 เรื่องการสอบเทียบเครื่องมือวัด,แนวทางในการกำหนดค่าอ้างอิง การประเมินความเป็นเนื้อเดียวกัน และ การประเมินความเสถียรของ วัสดุอ้างอิง ISO 33405:2024,07-06-2026,07-07-2026,08.30 น.,09.00 - 16.30 น.,15,7020,9/22/2025 11:17
1027,อบรมหลักสูตรมาตรวิทยาประจำปีงบประมาณ 2569 เรื่องการสอบเทียบเครื่องมือวัด,หลักการใช้งาน Calibrator พร้อมการทวนสอบอย่างถูกวิธี,3/23/2026,3/24/2026,08.30 น.,09.00 - 16.30 น.,15,7020,9/22/2025 11:20
1028,อบรมหลักสูตรมาตรวิทยาประจำปีงบประมาณ 2569 เรื่องการสอบเทียบเครื่องมือวัด,การตรวจสอบและการทวนสอบเครื่องมือทางด้านมิติ,5/20/2026,5/21/2026,08.30 น.,09.00 - 16.30 น.,20,5210,9/22/2025 11:22
1029,อบรมหลักสูตรมาตรวิทยาประจำปีงบประมาณ 2569 เรื่องการสอบเทียบเครื่องมือวัด,การสอบเทียบเครื่องมือวัดอุณหภูมิโดยปริมาณทางไฟฟ้า,4/23/2026,4/24/2026,08.30 น.,09.00 - 16.30 น.,20,5210,9/22/2025 12:06
1030,อบรมหลักสูตรมาตรวิทยาประจำปีงบประมาณ 2569 เรื่องการสอบเทียบเครื่องมือวัด,การเปรียบเทียบสัญญาณเวลาและความถี่จาก GNSS,6/22/2026,6/23/2026,08.30 น.,09.00 - 16.30 น.,10,13090,9/22/2025 12:12
1031,อบรมหลักสูตรมาตรวิทยาประจำปีงบประมาณ 2569 เรื่องการสอบเทียบเครื่องมือวัด,การวิเคราะห์ธาตุด้วย ICP-MS: การใช้งาน การควบคุมคุณภาพ และการประเมินความไม่แน่นอน,06-11-2026,06-12-2026,08.30 น.,09.00 - 16.30 น.,15,7020,9/22/2025 12:17
1033,อบรมหลักสูตรมาตรวิทยาประจำปีงบประมาณ 2569 เรื่องการสอบเทียบเครื่องมือวัด,การสอบเทียบเครื่องวัดความเร็วลม (Air speed anemometer) โดยใช้ Hotwire anemometer และ Pitot tube anemometer เป็นเครื่องมือมาตรฐาน,4/27/2026,4/29/2026,08.30 น.,09.00 - 16.30 น.,10,13090,9/22/2025 12:23
1034,อบรมหลักสูตรมาตรวิทยาประจำปีงบประมาณ 2569 เรื่องการสอบเทียบเครื่องมือวัด,การสอบเทียบถังปริมาตรมาตรฐาน ด้วยวิธี Transfer method,07-06-2026,07-07-2026,08.30 น.,09.00 - 16.30 น.,6,13820,9/22/2025 12:25
1035,อบรมหลักสูตรมาตรวิทยาประจำปีงบประมาณ 2569 เรื่องการสอบเทียบเครื่องมือวัด,การสอบเทียบเครื่องทดสอบความแข็งชนิดร็อคเวลตามมาตรฐาน ISO 6508:2023 และ ASTM E18-22,05-06-2026,05-08-2026,08.30 น.,09.00 - 16.30 น.,6,20270,9/22/2025 12:29
1036,อบรมหลักสูตรมาตรวิทยาประจำปีงบประมาณ 2569 เรื่องการสอบเทียบเครื่องมือวัด,การวัดและทดสอบค่า sound absorption coefficients ของวัสดุทางเสียง,05-07-2026,05-07-2026,08.30 น.,09.00 - 16.30 น.,10,4720,9/22/2025 12:32
1037,อบรมหลักสูตรมาตรวิทยาประจำปีงบประมาณ 2569 เรื่องการสอบเทียบเครื่องมือวัด,การสอบเทียบเครื่องมือวัดความดันขั้นพื้นฐาน,05-11-2026,05-12-2026,08.30 น.,09.00 - 16.30 น.,20,5210,9/22/2025 12:43
1038,อบรมหลักสูตรมาตรวิทยาประจำปีงบประมาณ 2569 เรื่องการสอบเทียบเครื่องมือวัด,การทวนสอบผลการสอบเทียบ Hydrometer และการนำไปใช้งาน,05-11-2026,05-12-2026,08.30 น.,09.00 - 16.30 น.,15,7020,9/22/2025 12:47
1039,อบรมหลักสูตรมาตรวิทยาประจำปีงบประมาณ 2569 เรื่องการสอบเทียบเครื่องมือวัด,การสอบเทียบเครื่องมือวัดความดันชนิดอ่านเป็นสัญญาณไฟฟ้า,5/14/2026,5/14/2026,08.30 น.,09.00 - 16.30 น.,15,3750,9/22/2025 12:52
1040,อบรมหลักสูตรมาตรวิทยาประจำปีงบประมาณ 2569 เรื่องการสอบเทียบเครื่องมือวัด,การสอบเทียบ Conductivity Meter,5/15/2026,5/15/2026,08.30 น.,09.00 - 16.30 น.,15,3750,9/22/2025 12:56
1041,อบรมหลักสูตรมาตรวิทยาประจำปีงบประมาณ 2569 เรื่องการสอบเทียบเครื่องมือวัด,การทวนสอบ pitch diameter ของ parallel thread plug gauge ด้วย ULM และ 3-wire,5/15/2026,5/15/2026,08.30 น.,09.00 - 16.30 น.,10,4720,9/22/2025 12:59
1042,อบรมหลักสูตรมาตรวิทยาประจำปีงบประมาณ 2569 เรื่องการสอบเทียบเครื่องมือวัด,การสอบเทียบเครื่องมือตรวจวัดก๊าซโอโซนในอากาศ,5/15/2026,5/15/2026,08.30 น.,09.00 - 16.30 น.,10,4720,9/22/2025 13:00
1043,อบรมหลักสูตรมาตรวิทยาประจำปีงบประมาณ 2569 เรื่องการสอบเทียบเครื่องมือวัด,พื้นฐานการสอบเทียบเครื่องมือวัดทางอุณหภูมิ,5/18/2026,5/19/2026,08.30 น.,09.00 - 16.30 น.,20,5210,9/22/2025 13:05
1044,อบรมหลักสูตรมาตรวิทยาประจำปีงบประมาณ 2569 เรื่องการสอบเทียบเครื่องมือวัด,การทวนสอบผลการสอบเทียบเครื่องมือวัดความดันและการนำไปใช้งาน,5/18/2026,5/19/2026,08.30 น.,09.00 - 16.30 น.,15,7020,9/22/2025 15:00
1045,อบรมหลักสูตรมาตรวิทยาประจำปีงบประมาณ 2569 เรื่องการสอบเทียบเครื่องมือวัด,การประเมินค่าความไม่แน่นอนในการสอบเทียบเครื่อง Roundness measuring instrument,5/21/2026,5/22/2026,08.30 น.,09.00 - 16.30 น.,10,8910,9/22/2025 15:03
1046,อบรมหลักสูตรมาตรวิทยาประจำปีงบประมาณ 2569 เรื่องการสอบเทียบเครื่องมือวัด,การสอบเทียบตัวเก็บประจุ ตัวเหนี่ยวนำ และตัวต้านทานด้วยเครื่องมือ LCR Meter,5/25/2026,5/26/2026,08.30 น.,09.00 - 16.30 น.,15,7020,9/22/2025 15:05
1047,อบรมหลักสูตรมาตรวิทยาประจำปีงบประมาณ 2569 เรื่องการสอบเทียบเครื่องมือวัด,การสอบเทียบเครื่องชั่งอิเล็กทรอนิกส์แบบไม่อัตโนมัติ ตามมาตรฐาน EURAMET Calibration Guide No. 18 : cg-18,5/25/2026,5/26/2026,08.30 น.,09.00 - 16.30 น.,20,5210,9/22/2025 15:08
1048,อบรมหลักสูตรมาตรวิทยาประจำปีงบประมาณ 2569 เรื่องการสอบเทียบเครื่องมือวัด,การสอบเทียบเครื่อง Vibration Meter,5/27/2026,5/28/2026,08.30 น.,09.00 - 16.30 น.,10,8910,9/22/2025 15:10
1049,อบรมหลักสูตรมาตรวิทยาประจำปีงบประมาณ 2569 เรื่องการสอบเทียบเครื่องมือวัด,การสอบเทียบตุ้มน้ำหนักมาตรฐานตาม OIML R 111-1 และตุ้มน้ำหนักขนาดใหญ่,5/27/2026,5/29/2026,08.30 น.,09.00 - 16.30 น.,10,13090,9/22/2025 15:11
1050,อบรมหลักสูตรมาตรวิทยาประจำปีงบประมาณ 2569 เรื่องการสอบเทียบเครื่องมือวัด,การสอบเทียบเครื่องสอบเทียบทางไฟฟ้า (The Calibration of Calibrator),06-08-2026,06-10-2026,08.30 น.,09.00 - 16.30 น.,15,10300,9/22/2025 15:13
1051,อบรมหลักสูตรมาตรวิทยาประจำปีงบประมาณ 2569 เรื่องการสอบเทียบเครื่องมือวัด,การประเมินค่าความไม่แน่นอนของการวัดด้วยวิธีมอนติคาร์โล (Monte Carlo method),06-11-2026,06-12-2026,08.30 น.,09.00 - 16.30 น.,15,7020,9/22/2025 15:15
1052,อบรมหลักสูตรมาตรวิทยาประจำปีงบประมาณ 2569 เรื่องการสอบเทียบเครื่องมือวัด,การประเมินค่าความไม่แน่นอนของการวัดดีเอ็นเอ,6/15/2026,6/16/2026,08.30 น.,09.00 - 16.30 น.,15,7020,9/22/2025 15:19
1053,อบรมหลักสูตรมาตรวิทยาประจำปีงบประมาณ 2569 เรื่องการสอบเทียบเครื่องมือวัด,การทดสอบความแข็งชนิดวิกเกอร์สตามมาตรฐาน ISO 6507-1:2023,6/15/2026,6/16/2026,08.30 น.,09.00 - 16.30 น.,10,8910,9/22/2025 15:24
1054,อบรมหลักสูตรมาตรวิทยาประจำปีงบประมาณ 2569 เรื่องการสอบเทียบเครื่องมือวัด,การใช้โปรแกรมภาษา Labview ในการควบคุมเครื่องมือและพัฒนาระบบอัตโนมัติ (LabVIEW for Automation),6/15/2026,6/19/2026,08.30 น.,09.00 - 16.30 น.,15,18930,9/22/2025 15:28
1055,อบรมหลักสูตรมาตรวิทยาประจำปีงบประมาณ 2569 เรื่องการสอบเทียบเครื่องมือวัด,การสอบเทียบ Piston Pipette และการประเมินค่าความไม่แน่นอนของการสอบเทียบปริมาตรด้วยวิธีการชั่งน้ำหนัก,6/17/2026,6/19/2026,08.30 น.,09.00 - 16.30 น.,15,10300,9/22/2025 15:31
1056,อบรมหลักสูตรมาตรวิทยาประจำปีงบประมาณ 2569 เรื่องการสอบเทียบเครื่องมือวัด,การสอบเทียบเวอร์เนียร์คาลิเปอร์ตามมาตรฐาน JIS B 7507 : 2022 ด้วยเกจบล็อกมาตรฐานและการประเมินค่าความไม่แน่นอนของการวัด,6/22/2026,6/23/2026,08.30 น.,09.00 - 16.30 น.,20,5210,9/22/2025 15:33
1057,อบรมหลักสูตรมาตรวิทยาประจำปีงบประมาณ 2569 เรื่องการสอบเทียบเครื่องมือวัด,การสอบเทียบ pH meter,6/23/2026,6/23/2026,08.30 น.,09.00 - 16.30 น.,15,3750,9/22/2025 15:34
1058,อบรมหลักสูตรมาตรวิทยาประจำปีงบประมาณ 2569 เรื่องการสอบเทียบเครื่องมือวัด,"การสอบเทียบ parallel thread plug gauge ตาม Calibration Guide, Euramet cg-10",6/24/2026,6/25/2026,08.30 น.,09.00 - 16.30 น.,10,8910,9/22/2025 15:38
1059,อบรมหลักสูตรมาตรวิทยาประจำปีงบประมาณ 2569 เรื่องการสอบเทียบเครื่องมือวัด,การทวนสอบเครื่องมือวัดดิจิทัลมัลติมิเตอร์,6/24/2026,6/25/2026,08.30 น.,09.00 - 16.30 น.,15,7020,9/22/2025 15:40
1060,อบรมหลักสูตรมาตรวิทยาประจำปีงบประมาณ 2569 เรื่องการสอบเทียบเครื่องมือวัด,การสอบเทียบ Infrared Thermometer (หลักสูตร 3 วัน),6/24/2026,6/26/2026,08.30 น.,09.00 - 16.30 น.,15,10300,9/22/2025 15:42
1061,อบรมหลักสูตรมาตรวิทยาประจำปีงบประมาณ 2569 เรื่องการสอบเทียบเครื่องมือวัด,สถิติสำหรับการวิเคราะห์ทางเคมี,7/13/2026,7/13/2026,08.30 น.,09.00 - 16.30 น.,15,3750,9/22/2025 15:48
1062,อบรมหลักสูตรมาตรวิทยาประจำปีงบประมาณ 2569 เรื่องการสอบเทียบเครื่องมือวัด,การสอบเทียบไฮเกจตามมาตรฐาน JIS B 7517 : 2018 ด้วยเกจบล็อกมาตรฐานและการประเมินค่าความไม่แน่นอนของการวัด,7/13/2026,7/14/2026,08.30 น.,09.00 - 16.30 น.,10,8910,9/22/2025 15:52
1063,อบรมหลักสูตรมาตรวิทยาประจำปีงบประมาณ 2569 เรื่องการสอบเทียบเครื่องมือวัด,การสอบเทียบเครื่องทดสอบแรงดึง-กด ตามมาตรฐาน ISO 7500-1 (UTM),7/14/2026,7/17/2026,08.30 น.,09.00 - 16.30 น.,10,17260,9/22/2025 15:54
1064,อบรมหลักสูตรมาตรวิทยาประจำปีงบประมาณ 2569 เรื่องการสอบเทียบเครื่องมือวัด,"การสอบเทียบ parallel thread ring gauge ตาม Calibration Guide, Euramet cg-10",7/15/2026,7/16/2026,08.30 น.,09.00 - 16.30 น.,10,8910,9/22/2025 15:56
1065,อบรมหลักสูตรมาตรวิทยาประจำปีงบประมาณ 2569 เรื่องการสอบเทียบเครื่องมือวัด,การสอบเทียบ Hand Torque Tools ตามมาตรฐาน ISO 6789:2017,7/15/2026,7/17/2026,08.30 น.,09.00 - 16.30 น.,15,10300,9/22/2025 15:57
1066,อบรมหลักสูตรมาตรวิทยาประจำปีงบประมาณ 2569 เรื่องการสอบเทียบเครื่องมือวัด,การใช้งานและการทวนสอบอินฟราเรดเทอร์โมมิเตอร์,7/17/2026,7/17/2026,08.30 น.,09.00 - 16.30 น.,15,2810,9/22/2025 16:00
1067,อบรมหลักสูตรมาตรวิทยาประจำปีงบประมาณ 2569 เรื่องการสอบเทียบเครื่องมือวัด,การประยุกต์ใช้ GUM Workbench ในการประเมินความไม่แน่นอนของการวัด,7/20/2026,7/21/2026,08.30 น.,09.00 - 16.30 น.,15,7020,9/22/2025 16:03
1068,อบรมหลักสูตรมาตรวิทยาประจำปีงบประมาณ 2569 เรื่องการสอบเทียบเครื่องมือวัด,การสอบเทียบเครื่องวัดกำลังคลื่นเหนือเสียง (Ultrasound Power Meter),7/20/2026,7/21/2026,08.30 น.,09.00 - 16.30 น.,10,8910,9/22/2025 16:05
1069,อบรมหลักสูตรมาตรวิทยาประจำปีงบประมาณ 2569 เรื่องการสอบเทียบเครื่องมือวัด,การสอบเทียบ Torque Wrench Calibration Devices ตามมาตรฐาน DKD-R 10-8,07-08-2026,07-10-2026,08.30 น.,09.00 - 16.30 น.,8,14200,9/22/2025 16:07
1070,อบรมหลักสูตรมาตรวิทยาประจำปีงบประมาณ 2569 เรื่องการสอบเทียบเครื่องมือวัด,การสอบเทียบเครื่องมือวัดทางการแพทย์ เครื่องควบคุมการให้สารละลายทางหลอดเลือดดำ (Infusion Pump) ** ส่ง Cer. 12 มี.ค.69 **,2/28/2026,2/28/2026,08.30 น.,09.00 - 16.30 น.,10,8910,10-07-2025 15:34
1071,อบรมหลักสูตรมาตรวิทยาประจำปีงบประมาณ 2569 เรื่องการสอบเทียบเครื่องมือวัด,การสอบเทียบและจัดการเครื่องมือวัดตามระบบคุณภาพ รุ่น 2,3/31/2026,3/31/2026,08.30 น.,09.00 - 16.30 น.,40,2530,10/30/2025 12:06
1072,อบรมหลักสูตรมาตรวิทยาประจำปีงบประมาณ 2569 เรื่องการสอบเทียบเครื่องมือวัด,การตรวจติดตามระบบคุณภาพภายในห้องปฏิบัติการ (ตามข้อกำหนด ISO/IEC 17025:2017) รุ่น 2 **ส่ง Cer วันที่ 24 ก.พ. 69**,2/17/2026,2/18/2026,08.30 น.,09.00 - 16.30 น.,30,4690,10/30/2025 13:24
1073,อบรมหลักสูตรมาตรวิทยาประจำปีงบประมาณ 2569 เรื่องการสอบเทียบเครื่องมือวัด,การสอบเทียบเครื่องชั่งอิเล็กทรอนิกส์ตามมาตรฐาน UKAS LAB 14 รุ่น 2,4/21/2026,4/22/2026,08.30 น.,09.00 - 16.30 น.,20,5210,11-12-2025 14:01
1074,อบรมหลักสูตรมาตรวิทยาประจำปีงบประมาณ 2569 เรื่องการสอบเทียบเครื่องมือวัด,ความเข้าใจและการตีความใบรับรองผลการสอบเทียบ รุ่น 2 ** ส่ง Cer 12 มี.ค. 69 **,2/28/2026,2/28/2026,08.30 น.,09.00 - 16.30 น.,30,2530,11/21/2025 10:50
1075,อบรมหลักสูตรมาตรวิทยาประจำปีงบประมาณ 2569 เรื่องการสอบเทียบเครื่องมือวัด,ระบบคุณภาพห้องปฏิบัติการตาม ISO/IEC 17025:2017(E) รุ่น 2,2/28/2026,2/28/2026,08.30 น.,09.00 - 16.30 น.,40,3052,11/27/2025 10:40
1076,อบรมหลักสูตรมาตรวิทยาประจำปีงบประมาณ 2569 เรื่องการสอบเทียบเครื่องมือวัด,การประเมินค่าความไม่แน่นอนของการวัด รุ่น 2,2/28/2026,2/28/2026,08.30 น.,09.00 - 16.30 น.,30,4690,12/20/2025 13:00
1077,อบรมหลักสูตรมาตรวิทยาประจำปีงบประมาณ 2569 เรื่องการสอบเทียบเครื่องมือวัด,การจัดทำเอกสารระบบการบริหารงานตามมาตรฐาน ISO/IEC 17025 : 2017 รุ่น 2,07-08-2026,07-09-2026,08.30 น.,09.00 - 16.30 น.,24,4690,01-05-2026 09:36
1078,อบรมหลักสูตรมาตรวิทยาประจำปีงบประมาณ 2569 เรื่องการสอบเทียบเครื่องมือวัด,ระบบควบคุมเครื่องมือวัดตามข้อกำหนด ISO 9001 ISO/IEC 17025 ISO 14001 และ ISO 45001 รุ่น 2,07-06-2026,07-07-2026,08.30 น.,09.00 - 16.30 น.,30,3052,03-05-2026 16:37
1079,อบรมหลักสูตรมาตรวิทยาประจำปีงบประมาณ 2569 เรื่องการสอบเทียบเครื่องมือวัด,ความเข้าใจและการตีความใบรับรองผลการสอบเทียบ รุ่น 3,7/13/2026,7/13/2026,08.30 น.,09.00 - 16.30 น.,30,2530,03-10-2026 09:27
1080,อบรมหลักสูตรมาตรวิทยาประจำปีงบประมาณ 2569 เรื่องการสอบเทียบเครื่องมือวัด,การตรวจติดตามระบบคุณภาพภายในห้องปฏิบัติการ (ตามข้อกำหนด ISO/IEC 17025:2017) รุ่น 3,5/27/2026,5/28/2026,08.30 น.,09.00 - 16.30 น.,30,4690,03-10-2026 09:31
1081,อบรมหลักสูตรมาตรวิทยาประจำปีงบประมาณ 2569 เรื่องการสอบเทียบเครื่องมือวัด,การแปลความและประยุกต์ใช้ใบรายงานผลการสอบเทียบเพื่อควบคุมคุณภาพ รุ่น 2,06-11-2026,06-12-2026,08.30 น.,09.00 - 16.30 น.,30,3052,03-10-2026 09:47
