รหัส,กลุ่มประเภทกิจการ,ต.ค.64-ก.ย.65(ล้านบาท),ต.ค.65-ก.ย.66(ล้านบาท),ผลต่าง(ล้านบาท)
00,กิจกรรมที่ไม่สามารถจำแนกได้,274.255,282.685,8.429
01,การเพาะปลูกและการเลี้ยงสัตว์ การล่าสัตว์ และกิจกรรมบริการที่เกี่ยวข้อง,0.615,1.400,0.784
02,การป่าไม้และการทำไม้,0.000,0.000,0.000
03,การประมงและการเพาะเลี้ยงสัตว์นํ้า,1.054,18.607,17.553
06,การขุดเจาะปิโตรเลียมดิบและก๊าซธรรมชาติ,1.720,1.441,-0.279
07,การทำเหมืองสินแร่โลหะ,0.102,0.000,-0.102
08,การทำเหมืองแร่และเหมืองหินอื่นๆ,1.482,2.720,1.238
09,กิจกรรมบริการที่สนับสนุนการทำเหมืองแร่,154.564,146.203,-8.361
10,การผลิตผลิตภัณฑ์อาหาร,38.763,43.581,4.819
11,การผลิตเครื่องดื่ม,1.410,2.425,1.015
13,การผลิตสิ่งทอ,0.840,1.029,0.189
14,การผลิตเสื้อผ้าเครื่องแต่งกาย,2.945,4.172,1.227
15,การผลิตเครื่องหนังและผลิตภัณฑ์ที่เกี่ยวข้อง,1.161,1.869,0.708
16,การผลิตไม้และผลิตภัณฑ์จากไม้และไม้ก๊อก (ยกเว้นเฟอร์นิเจอร์) การผลิตสิ่งของจากฟางและวัสดุถักสานอื่นๆ,11.543,12.903,1.360
17,การผลิตกระดาษและผลิตภัณฑ์กระดาษ,11.405,13.650,2.245
18,การพิมพ์และการผลิตซํ้าสื่อบันทึกข้อมูล,2.285,2.668,0.383
19,การผลิตถ่านโค้กและผลิตภัณฑ์ที่ได้จากการกลั่นปิโตรเลียม,0.003,0.001,-0.002
20,การผลิตเคมีภัณฑ์และผลิตภัณฑ์เคมี,5.788,5.879,0.091
21,การผลิตเภสัชภัณฑ์ เคมีภัณฑ์ที่ใช้รักษาโรค และผลิตภัณฑ์จากพืชและสัตว์ที่ใช้รักษาโรค,1.218,0.696,-0.522
22,การผลิตผลิตภัณฑ์ยางและพลาสติก,22.386,32.142,9.756
23,การผลิตผลิตภัณฑ์อื่นๆ ที่ทำจากแร่อโลหะ,23.819,41.541,17.721
24,การผลิตโลหะขั้นมูลฐาน,5.949,6.341,0.392
25,การผลิตผลิตภัณฑ์โลหะประดิษฐ์ (ยกเว้นเครื่องจักรและอุปกรณ์),39.198,31.844,-7.355
26,การผลิตผลิตภัณฑ์คอมพิวเตอร์ อิเล็กทรอนิกส์ และอุปกรณ์ที่ใช้ในทางทัศนศาสตร์,28.775,19.930,-8.845
27,การผลิตอุปกรณ์ไฟฟ้า,3.480,5.533,2.053
28,การผลิตเครื่องจักรและเครื่องมือ ซึ่งมิได้จัดประเภทไว้ในที่อื่น,29.921,21.700,-8.221
29,การผลิตยานยนต์ รถพ่วง และรถกึ่งพ่วง,15.660,15.470,-0.191
30,การผลิตอุปกรณ์ขนส่งอื่นๆ,16.845,18.253,1.408
31,การผลิตเฟอร์นิเจอร์,4.936,5.305,0.369
32,การผลิตผลิตภัณฑ์อื่นๆ,46.603,61.090,14.487
33,การซ่อมและการติดตั้งเครื่องจักรและอุปกรณ์,10.979,14.393,3.414
35,ไฟฟ้า ก๊าซ ไอนํ้า และระบบปรับอากาศ,0.027,0.073,0.045
36,การเก็บกักนํ้า การจัดหานํ้า และการจ่ายนํ้า,0.003,0.003,0.000
37,การจัดการนํ้าเสีย,5.766,9.289,3.523
38,การเก็บรวบรวมของเสีย การบำบัด และการกําจัดของเสีย รวมถึงการนำของเสียกลับมาใช้ใหม่,1.224,4.625,3.401
39,กิจกรรมการบำบัดและบริการจัดการของเสียอื่นๆ,0.001,0.001,0.000
41,การก่อสร้างอาคาร,178.430,229.146,50.716
42,งานวิศวกรรมโยธา,8.212,11.315,3.103
43,งานก่อสร้างเฉพาะทาง,118.260,139.057,20.797
45,การขายส่งและการขายปลีก การซ่อมยานยนต์และจักรยานยนต์,106.204,118.310,12.106
46,การขายส่ง (ยกเว้นยานยนต์และจักรยานยนต์),228.009,330.048,102.039
47,การขายปลีก (ยกเว้นยานยนต์และจักรยานยนต์),320.113,458.180,138.067
49,การขนส่งทางบกและการขนส่งทางท่อลำเลียง,35.355,45.679,10.324
50,การขนส่งทางนํ้า,43.392,34.348,-9.044
51,การขนส่งทางอากาศ,0.063,0.053,-0.010
52,กิจกรรมคลังสินค้าและกิจกรรมที่สนับสนุนการขนส่ง,36.718,66.859,30.141
53,กิจกรรมไปรษณีย์และการรับส่งพัสดุภัณฑ์,0.085,0.168,0.082
55,ที่พักแรม,316.005,719.676,403.670
56,การบริการอาหารและเครื่องดื่ม,92.425,182.745,90.320
58,การจัดพิมพ์จำหน่ายหรือเผยแพร่,1.482,1.498,0.016
59,การผลิตภาพยนตร์ วีดิทัศน์ และรายการโทรทัศน์ การบันทึกเสียงลงบนสื่อ และการจัดพิมพ์จำหน่าย หรือเผยแพร่ดนตรี,0.208,0.928,0.720
60,การจัดผังรายการและการแพร่ภาพกระจายเสียง,2.511,2.444,-0.067
61,การโทรคมนาคม,0.263,0.374,0.111
62,การจัดทำโปรแกรมคอมพิวเตอร์ การให้คำปรึกษาเกี่ยวกับคอมพิวเตอร์ และกิจกรรมที่เกี่ยวข้อง,19.180,23.400,4.220
63,การบริการสารสนเทศ,0.118,0.332,0.215
64,กิจกรรมบริการทางการเงิน (ยกเว้นการประกันภัยและกองทุนบำเหน็จบำนาญ),13.131,13.934,0.803
65,การประกันภัย การประกันภัยต่อ และกองทุนบำเหน็จบำนาญ (ยกเว้นการประกันสังคมภาคบังคับ),6.525,6.594,0.069
66,กิจกรรมสนับสนุนการบริการทางการเงินและการประกันภัย,26.418,34.417,7.999
68,กิจกรรมอสังหาริมทรัพย์,470.897,656.134,185.237
69,กิจกรรมทางกฎหมายและการบัญชี,26.431,38.095,11.664
70,กิจกรรมของสำนักงานใหญ่และการบริการให้คำปรึกษาด้านการบริหารจัดการ,38.320,54.595,16.275
71,กิจกรรมด้านสถาปัตยกรรมและวิศวกรรม รวมถึงการทดสอบและการวิเคราะห์ทางเทคนิค,16.342,14.053,-2.289
72,การวิจัยและพัฒนาเชิงวิทยาศาสตร์,0.104,0.003,-0.101
73,การโฆษณาและการวิจัยตลาด,9.511,12.364,2.852
74,กิจกรรมทางวิชาชีพ วิทยาศาสตร์ และเทคนิคอื่นๆ,12.249,11.397,-0.852
75,การบริการรักษาสัตว์,0.640,1.639,0.999
77,กิจกรรมการให้เช่า,91.496,74.555,-16.941
78,กิจกรรมการจ้างงาน,58.245,58.305,0.060
79,กิจกรรมของตัวแทนธุรกิจท่องเที่ยว การจัดนำเที่ยว การบริการสำรอง และกิจกรรมที่เกี่ยวข้อง,9.515,30.558,21.042
80,การบริการรักษาความปลอดภัยและการสืบสวน,27.457,32.962,5.505
81,กิจกรรมการบริการสำหรับอาคารและภูมิทัศน์,24.250,31.848,7.598
82,การบริการด้านการบริหารและสนับสนุนการดำเนินงานของสำนักงาน และกิจกรรมอื่นๆ ที่สนับสนุนทางธุรกิจ,247.235,194.179,-53.057
84,การบริหารราชการ การป้องกันประเทศ และการประกันสังคมภาคบังคับ,0.120,0.150,0.030
85,การศึกษา,51.130,29.182,-21.948
86,กิจกรรมด้านสุขภาพมนุษย์,40.901,43.597,2.697
87,กิจกรรมการให้การดูแลที่ให้ที่พัก,0.908,1.455,0.547
88,กิจกรรมสังคมสงเคราะห์ที่ไม่ให้ที่พัก,0.082,0.154,0.072
90,กิจกรรมการสร้างสรรค์ศิลปะและความบันเทิง,22.847,71.498,48.651
91,กิจกรรมห้องสมุด หอจดหมายเหตุ พิพิธภัณฑสถาน และกิจกรรมทางวัฒนธรรมอื่นๆ,10.099,22.025,11.926
92,กิจกรรมการพนันและการเสี่ยงโชค,0.112,0.068,-0.044
93,กิจกรรมด้านการกีฬา ความบันเทิง และการนันทนาการ,51.654,112.650,60.995
94,กิจกรรมองค์การสมาชิก,18.923,21.162,2.239
95,การซ่อมคอมพิวเตอร์และของใช้ส่วนบุคคลและของใช้ในครัวเรือน,36.603,52.245,15.642
96,กิจกรรมบริการส่วนบุคคลอื่นๆ,37.876,60.456,22.580
97,กิจกรรมการจ้างงานในครัวเรือนส่วนบุคคล,0.007,0.017,0.010
98,กิจกรรมการผลิตสินค้าและบริการที่ทำขึ้นเองเพื่อใช้ในครัวเรือน ซึ่งไม่สามารถจำแนกกิจกรรมได้อย่างชัดเจน,0.020,0.036,0.016
99,กิจกรรมขององค์การระหว่างประเทศและภาคีสมาชิก,3.557,2.504,-1.054
